date,ym,EPU_imf_index,EPU_world_bank_index,EPU_central_bank_index,EPU_finance_ministry_index,EPU_government_index,EPU_parliament_index,EPU_multilateral_development_bank_index,EPU_credit_rating_agency_index,EPU_international_investors_index,EPU_commercial_banks_index,EPU_state_owned_enterprises_index,EPU_labor_unions_index,EPU_international_organizations_index,EPU_courts_judiciary_index,EPU_military_security_index,EPU_us_government_index,EPU_china_government_index
2015-01-01,2015-1,0.0,0.0,0.0,0.0,0.0,0.0,0.0,0.0,0.0,0.0,0.0,0.0,0.0,0.0,0.0,0.0,0.0
2015-02-01,2015-2,0.0,0.0,0.0,0.0,281.7058603128523,0.0,0.0,0.0,2188.213832262448,0.0,0.0,0.0,0.0,0.0,0.0,0.0,0.0
2015-03-01,2015-3,0.0,0.0,0.0,0.0,0.0,0.0,0.0,0.0,0.0,0.0,0.0,0.0,0.0,0.0,0.0,0.0,0.0
2015-04-01,2015-4,0.0,0.0,0.0,0.0,0.0,0.0,0.0,0.0,0.0,0.0,0.0,0.0,0.0,0.0,0.0,0.0,0.0
2015-05-01,2015-5,0.0,0.0,0.0,0.0,129.73296198618198,580.0878759938304,0.0,0.0,0.0,0.0,0.0,0.0,0.0,0.0,0.0,0.0,0.0
2015-06-01,2015-6,0.0,0.0,0.0,0.0,0.0,0.0,0.0,0.0,0.0,0.0,0.0,0.0,0.0,0.0,0.0,0.0,0.0
2015-07-01,2015-7,0.0,0.0,0.0,0.0,0.0,0.0,0.0,0.0,0.0,0.0,0.0,0.0,0.0,0.0,0.0,0.0,0.0
2015-08-01,2015-8,0.0,0.0,0.0,0.0,0.0,0.0,0.0,0.0,0.0,0.0,0.0,0.0,0.0,0.0,0.0,0.0,0.0
2015-09-01,2015-9,0.0,0.0,0.0,0.0,0.0,0.0,0.0,0.0,0.0,0.0,0.0,0.0,0.0,0.0,0.0,0.0,0.0
2015-10-01,2015-10,0.0,0.0,0.0,0.0,0.0,0.0,0.0,0.0,0.0,0.0,0.0,0.0,0.0,0.0,0.0,0.0,0.0
2015-11-01,2015-11,0.0,0.0,0.0,0.0,0.0,0.0,0.0,0.0,0.0,0.0,0.0,0.0,0.0,0.0,0.0,0.0,0.0
2015-12-01,2015-12,0.0,230.88228498699732,198.32965832226748,358.0943214773807,55.69842301950988,314.8235323168412,411.3955287935853,0.0,803.9343777685567,0.0,0.0,0.0,69.98488082549586,297.9098368734679,831.608006061095,0.0,0.0
2016-01-01,2016-1,0.0,0.0,155.5759595222577,0.0,65.53736600798618,0.0,161.35573135317264,0.0,0.0,0.0,1570.7121075563575,0.0,54.89831968946083,0.0,0.0,0.0,0.0
2016-02-01,2016-2,0.0,0.0,94.13472913122114,0.0,13.218285173108322,74.71355567664165,0.0,0.0,0.0,0.0,0.0,0.0,16.608730775615864,141.39923416820392,0.0,0.0,0.0
2016-03-01,2016-3,0.0,92.07177879237943,0.0,0.0,77.74041690850923,0.0,82.02863663920802,0.0,0.0,0.0,0.0,0.0,55.817469638599434,118.80118304543164,0.0,0.0,0.0
2016-04-01,2016-4,0.0,0.0,80.68691068390383,0.0,45.31983487922853,64.04019057997854,83.6844942111175,0.0,327.06647045863633,0.0,0.0,0.0,71.18027475263942,0.0,0.0,0.0,0.0
2016-05-01,2016-5,0.0,0.0,0.0,0.0,41.81371584845727,0.0,77.21033563318005,0.0,0.0,0.0,0.0,0.0,52.5387930552433,0.0,0.0,0.0,0.0
2016-06-01,2016-6,224.948116580508,317.6940892495746,0.0,291.3686715126514,90.63966975845706,64.04019057997854,83.6844942111175,0.0,0.0,156.87622349905052,0.0,0.0,113.88843960422308,0.0,338.324996254669,387.8972485506714,0.0
2016-07-01,2016-7,0.0,0.0,77.32495607207451,0.0,54.28938553240918,61.37184930581279,80.19764028565427,3028.965517241379,0.0,150.33971418659007,0.0,0.0,54.57154397702356,0.0,0.0,0.0,0.0
2016-08-01,2016-8,0.0,0.0,0.0,0.0,24.987991149163676,0.0,0.0,0.0,0.0,0.0,0.0,0.0,47.09599000756828,0.0,0.0,0.0,0.0
2016-09-01,2016-9,7.507782435778451,101.15578372340016,0.0,0.0,74.02774874903658,72.00165221075311,270.36528898976417,0.0,0.0,168.9436253066698,0.0,0.0,92.92762741221256,0.0,7.38140884529521,417.73549843918454,11.018030318257937
2016-10-01,2016-10,0.0,105.0193726850578,90.2124487507536,81.4415904748904,118.4577299225628,71.60049085678159,0.0,0.0,0.0,0.0,0.0,0.0,47.75010097989561,135.50759941119546,0.0,0.0,0.0
2016-11-01,2016-11,0.0,0.0,0.0,168.74228817819017,78.73913757794021,0.0,0.0,0.0,0.0,0.0,0.0,0.0,82.44621751924421,0.0,0.0,0.0,0.0
2016-12-01,2016-12,0.0,0.0,86.60395080072347,0.0,12.160822359259656,0.0,0.0,0.0,0.0,0.0,0.0,0.0,15.280032313566595,0.0,0.0,0.0,0.0
2017-01-01,2017-1,0.0,0.0,104.7628437105526,189.15466174813255,44.132016626345525,166.29791424800885,108.65486748378969,0.0,0.0,0.0,0.0,0.0,55.45173017020135,314.727327664712,439.2768096532397,0.0,0.0
2017-02-01,2017-2,0.0,223.6272039430436,0.0,86.71045492335837,67.43524413637518,0.0,0.0,0.0,0.0,0.0,0.0,0.0,50.83929420410328,0.0,0.0,0.0,0.0
2017-03-01,2017-3,0.0,303.4673511702004,0.0,78.44541156109844,101.8982592305023,137.9327181722615,270.36528898976417,0.0,0.0,0.0,0.0,0.0,135.9160079530513,0.0,0.0,0.0,0.0
2017-04-01,2017-4,0.0,111.4017655001718,0.0,0.0,94.06160940863823,75.95190190332632,99.25011836456662,0.0,0.0,0.0,0.0,0.0,118.18809524305654,287.4857357673981,0.0,0.0,0.0
2017-05-01,2017-5,225.29795813039993,188.15290409515796,0.0,0.0,147.51852939692895,128.2795730435651,83.81464116945516,0.0,327.57512748889866,157.1201989632792,0.0,0.0,156.8401450537162,121.3878339982093,0.0,0.0,0.0
2017-06-01,2017-6,0.0,0.0,0.0,68.7835133629573,89.3477404982997,120.94393763491551,0.0,0.0,0.0,0.0,0.0,0.0,67.21421838812286,0.0,0.0,0.0,454.06326993719034
2017-07-01,2017-7,0.0,94.51743541655202,81.19120387567824,0.0,57.00385480902965,128.88088354220685,84.20752229993698,0.0,0.0,0.0,0.0,0.0,42.97509088190605,0.0,340.4395274812607,0.0,0.0
2017-08-01,2017-8,0.0,410.1095502819884,88.07181437361707,0.0,112.13232881117165,139.80299231697015,274.0312590099644,0.0,357.00136775485055,171.23438632777717,0.0,0.0,125.26569486234412,132.29216484889588,0.0,0.0,0.0
2017-09-01,2017-9,0.0,96.32350106145428,0.0,0.0,139.4234410615757,197.0153633766219,0.0,0.0,335.3993741645889,0.0,0.0,0.0,160.58632686232409,124.28722493765696,693.8894827643531,0.0,493.10692690631174
2017-10-01,2017-10,0.0,94.51743541655205,81.19120387567824,73.29743142740135,114.00770961805928,128.88088354220685,0.0,0.0,0.0,157.85669989591958,0.0,0.0,128.92527264571817,121.9568394700759,0.0,0.0,0.0
2017-11-01,2017-11,0.0,175.33669178722695,75.30778330497694,135.97204670590398,95.17165324637992,119.54168908262665,0.0,0.0,0.0,0.0,0.0,0.0,66.43492310246346,339.3581620036895,0.0,362.0374319806267,0.0
2017-12-01,2017-12,0.0,87.79558587313976,75.41708342588399,136.1693936532275,42.35990371875643,59.85759467852858,0.0,0.0,0.0,146.63031630390208,0.0,0.0,13.306269068417938,226.5671328326519,0.0,0.0,0.0
2018-01-01,2018-1,0.0,0.0,0.0,224.45146465807116,93.09720466418877,197.32958245696744,0.0,0.0,0.0,0.0,0.0,0.0,58.48816196580515,373.456350530376,0.0,0.0,493.89338133518953
2018-02-01,2018-2,0.0,157.94036205376835,0.0,122.48134755492656,101.94694196650916,0.0,0.0,0.0,0.0,263.7814306354792,0.0,0.0,95.74954974558702,0.0,0.0,0.0,0.0
2018-03-01,2018-3,0.0,94.3699823191783,320.4927045969393,73.18308286043195,91.82773881908813,64.33991066069609,84.07615331038949,0.0,0.0,157.61043359342986,0.0,0.0,84.76804907202526,0.0,0.0,0.0,0.0
2018-04-01,2018-4,0.0,0.0,0.0,0.0,114.00770961805928,322.2022088555171,0.0,0.0,0.0,0.0,0.0,0.0,143.25030293968683,0.0,425.5494093515759,0.0,0.0
2018-05-01,2018-5,301.17793571277997,125.76124462909208,422.0835038909353,97.52672788677104,96.34547232583952,171.48391988983863,0.0,0.0,0.0,420.0760413030709,0.0,0.0,57.18099410482302,0.0,0.0,0.0,0.0
2018-06-01,2018-6,0.0,0.0,107.58254757853848,97.12289050421712,65.73330301784101,170.77384154660948,0.0,0.0,0.0,0.0,0.0,7200.0,75.92562640281537,161.59912476366162,0.0,0.0,0.0
2018-07-01,2018-7,0.0,0.0,0.0,0.0,42.92054950326938,80.86643673236509,0.0,0.0,0.0,0.0,0.0,0.0,53.92952581258798,153.04387698205605,0.0,0.0,0.0
2018-08-01,2018-8,0.0,119.31195003272836,102.48988260440645,92.52535722591098,115.13204600482514,162.68987271600074,0.0,0.0,0.0,0.0,0.0,0.0,144.66302782074885,0.0,0.0,0.0,0.0
2018-09-01,2018-9,0.0,0.0,105.4003458020975,0.0,118.40151587108794,0.0,0.0,0.0,0.0,0.0,0.0,0.0,130.17471747866065,316.6425041008056,441.9498936876407,1013.4110672074336,0.0
2018-10-01,2018-10,0.0,127.08226610628844,218.3292877329163,197.10233661149948,107.30137375817344,86.64261078467688,226.4403961006709,0.0,442.5016953263904,212.24430238106837,0.0,0.0,134.82381453146996,163.97558248077434,457.7338184621994,0.0,0.0
2018-11-01,2018-11,296.85776040542453,123.95729234957643,319.440802133816,192.25555784236423,119.61464615665236,84.51205478177499,0.0,4171.034482758621,431.62050609705295,207.02518019136997,1075.0365654176712,0.0,169.0823247812697,0.0,0.0,0.0,0.0
2018-12-01,2018-12,608.683138982551,381.2467983188652,218.32928773291627,229.4885145078413,112.68627227790878,173.28522156935372,339.6605941510063,0.0,0.0,0.0,1102.1383275710575,0.0,77.04217973226855,163.97558248077434,457.73381846219934,0.0,650.5696430612684
2019-01-01,2019-1,0.0,0.0,215.16509515707693,97.12289050421712,141.26636114988858,176.6636880104292,446.3173024592934,0.0,0.0,418.336595997468,0.0,0.0,132.86984620492692,0.0,0.0,374.7344707158752,641.1410975096559
2019-02-01,2019-2,290.8967612004963,364.4045702806824,313.02632819538604,94.19750223601784,117.2127456314184,165.63005113857912,0.0,0.0,0.0,0.0,0.0,0.0,202.506452348473,156.7316812466839,0.0,0.0,0.0
2019-03-01,2019-3,288.00514329591874,240.52150563257769,103.30491149191664,123.90890018329146,150.15535954463613,0.0,214.28554382488932,0.0,0.0,0.0,0.0,0.0,125.1326719277232,0.0,0.0,0.0,0.0
2019-04-01,2019-4,684.9484022593246,286.01020646143394,614.2124170264075,110.89918702963796,120.74575392172709,194.99708148229877,509.6247212478455,0.0,0.0,238.837560126214,0.0,0.0,151.71663290066124,184.5209864322661,0.0,0.0,0.0
2019-05-01,2019-5,599.861644214688,0.0,322.74764273561544,97.12289050421712,241.70578602255216,341.5476830932189,446.3173024592933,0.0,0.0,836.673191994936,0.0,0.0,208.79547260774228,0.0,451.0999950062254,0.0,0.0
2019-06-01,2019-6,285.1704470036362,238.15416797871373,102.2881308669962,277.0296620878162,114.90540811898887,243.554425591572,212.1764341415735,0.0,414.6275727861453,397.7491650920808,1032.712291188629,0.0,105.853768880915,0.0,0.0,0.0,609.5888781440233
2019-07-01,2019-7,0.0,0.0,249.22000230424015,0.0,87.48793064215579,197.80279488492175,0.0,0.0,0.0,0.0,0.0,0.0,131.91394803079075,561.5278939629394,0.0,0.0,0.0
2019-08-01,2019-8,0.0,0.0,0.0,0.0,37.322216959364674,0.0,0.0,0.0,0.0,0.0,0.0,0.0,46.895239837033046,0.0,0.0,0.0,0.0
2019-09-01,2019-9,0.0,152.75545117826587,131.21810727382342,236.92099047240848,160.34942099806673,0.0,316.6080970985913,0.0,0.0,510.2438784514572,0.0,0.0,158.9437726758706,197.10196277992068,0.0,630.8227981480616,0.0
2019-10-01,2019-10,793.789518234779,497.18760547884887,142.3626588505043,128.52152359873114,79.96157167732376,112.9914595438526,590.6061838022977,0.0,1154.1414080841746,553.5796599089782,0.0,0.0,125.5893066868487,213.8421294817769,0.0,1368.7990578993556,0.0
2019-11-01,2019-11,0.0,0.0,0.0,0.0,67.87435735400739,0.0,0.0,0.0,0.0,0.0,0.0,0.0,85.28390128502286,0.0,0.0,0.0,0.0
2019-12-01,2019-12,285.73291336853487,477.2478001309135,102.48988260440646,185.050714451822,115.13204600482514,81.34493635800038,212.59492809451547,0.0,0.0,0.0,0.0,0.0,144.66302782074885,153.94946205295577,429.74614908877095,0.0,0.0
2020-01-01,2020-1,0.0,147.1804347119058,0.0,0.0,71.01210136793961,100.34521346351872,0.0,0.0,0.0,0.0,1276.44244263704,0.0,44.61323303231123,0.0,0.0,0.0,0.0
2020-02-01,2020-2,320.50129884479463,0.0,229.921993276257,311.3519211075456,225.99758366765735,91.24310339271284,238.46377996442337,0.0,0.0,0.0,0.0,0.0,223.11551608305209,172.68225057709864,0.0,0.0,685.1131639317784
2020-03-01,2020-3,328.49566230804345,137.16816024170814,235.6570089815604,319.11806879957066,148.90802888889377,93.51900846600044,122.2059280543303,0.0,0.0,229.08908828432777,0.0,0.0,142.72502036200626,176.98951759829612,0.0,0.0,0.0
2020-04-01,2020-4,1075.7419832513403,149.73059075889427,385.8591867358965,464.45897142115706,301.6592030685168,204.16773630448608,176.94057470069924,0.0,0.0,0.0,0.0,0.0,291.9550750210013,0.0,0.0,0.0,0.0
2020-05-01,2020-5,0.0,126.02324722206936,108.25493850090432,195.45981713973697,202.95338770337364,171.8411780562758,112.27669639991598,0.0,0.0,210.47559986122613,0.0,0.0,245.72885480934272,162.60911929343456,0.0,520.4288084721509,0.0
2020-06-01,2020-6,0.0,0.0,0.0,106.61444571258376,188.2378165147904,187.46310333411904,0.0,0.0,0.0,0.0,0.0,0.0,288.90424931051024,531.2290740115602,990.3695344909404,567.7405183332554,703.798068402645
2020-07-01,2020-7,292.0697320117886,121.95798118264774,0.0,94.57733087406626,133.3832137068372,0.0,0.0,0.0,0.0,0.0,0.0,0.0,130.52165439645782,0.0,0.0,0.0,0.0
2020-08-01,2020-8,0.0,0.0,220.64700840948652,99.59735905209529,202.42897592529607,87.56238372294308,228.84422196161216,0.0,0.0,428.9948532203335,0.0,0.0,233.58011179974417,165.71629991687598,462.5929885095687,1060.7466159941928,0.0
2020-09-01,2020-9,0.0,0.0,0.0,408.8048463053322,190.75799779230832,179.70319273858908,0.0,0.0,0.0,0.0,1142.9582656292453,0.0,219.71288294017327,340.097504404569,0.0,0.0,0.0
2020-10-01,2020-10,290.31380175921277,363.6743006007613,208.26601394963555,470.0436484322332,190.08900681808683,0.0,324.0048954226032,0.0,0.0,404.92299772901214,0.0,0.0,128.60949041478898,312.8351794021987,0.0,0.0,0.0
2020-11-01,2020-11,0.0,0.0,412.3997657177307,279.2283101996242,265.6747880464252,163.65826481550076,106.930187047539,0.0,417.9182678082576,601.3588567463602,0.0,0.0,343.1705687248497,0.0,432.304161880966,495.6464842591912,2457.707540453681
2020-12-01,2020-12,0.0,136.24134834818307,0.0,105.6539552106686,197.20252474475117,185.77424654732516,121.38021232423348,0.0,0.0,0.0,0.0,0.0,165.1895385250443,175.79364247938867,0.0,0.0,0.0
2021-01-01,2021-1,701.5331093358216,439.4030895878447,377.45063302978747,340.753192108016,247.33875984934895,199.71856045281447,130.49107571903068,0.0,1020.0039078710016,244.6205518968245,0.0,0.0,177.5887532811614,188.98880692699413,0.0,604.8567265535893,0.0
2021-02-01,2021-2,0.0,0.0,162.8914435123325,0.0,99.52722682638624,258.5697977022332,0.0,0.0,0.0,0.0,0.0,0.0,139.8297655277895,0.0,0.0,0.0,0.0
2021-03-01,2021-3,689.8408908468913,144.02656825379356,0.0,223.3826481596994,121.60822359259656,196.38991777860093,128.3162244570468,0.0,0.0,240.54354269854412,0.0,0.0,109.14308795404712,371.6779869564218,0.0,0.0,0.0
2021-04-01,2021-4,0.0,297.9860032837108,0.0,346.62824714436107,143.77326927203532,101.58099195444872,265.4818437042348,0.0,0.0,0.0,0.0,0.0,112.90664271108322,192.24723463263192,0.0,0.0,0.0
2021-05-01,2021-5,0.0,256.31846892624276,110.08976796702134,298.159043094514,221.8519481211338,355.5345906272239,342.53907376245553,0.0,446.2517096935632,0.0,0.0,0.0,155.39015912101624,329.8483375089786,0.0,0.0,0.0
2021-06-01,2021-6,363.9863996930833,0.0,130.5587198000856,471.46086546268214,219.99477634841588,414.49128375383106,0.0,0.0,0.0,0.0,0.0,0.0,319.3916324035791,392.2230013107969,547.4404462010223,627.6528343382723,0.0
2021-07-01,2021-7,0.0,0.0,0.0,271.73266891973253,139.8056649245737,314.8518508520982,134.06172704467576,0.0,0.0,0.0,0.0,0.0,88.15342242593258,387.2846151846714,0.0,0.0,0.0
2021-08-01,2021-8,0.0,371.1114028625356,159.39377447985916,143.89679789428487,209.29954734784107,0.0,0.0,0.0,0.0,0.0,0.0,0.0,224.98207087460025,0.0,0.0,0.0,0.0
2021-09-01,2021-9,0.0,0.0,203.77400188405517,183.9621808373995,114.454798675385,0.0,0.0,0.0,0.0,396.1893644446609,0.0,0.0,179.76508604195993,0.0,854.4364611294387,0.0,0.0
2021-10-01,2021-10,0.0,0.0,0.0,0.0,107.11401536292878,177.92143810756346,0.0,0.0,0.0,0.0,0.0,0.0,113.20192625789956,0.0,0.0,0.0,27.22637243933159
2021-11-01,2021-11,0.0,0.0,233.0151142620362,0.0,111.84899193116831,382.63928838133313,0.0,0.0,0.0,453.04164992550903,0.0,0.0,158.91334446289187,0.0,0.0,0.0,0.0
2021-12-01,2021-12,0.0,0.0,0.0,0.0,108.11165944568356,0.0,0.0,0.0,0.0,0.0,0.0,0.0,44.28994873497564,0.0,21.324069997519494,0.0,31.829865363856253
2022-01-01,2022-1,0.0,0.0,520.5696547988201,0.0,363.0505852861037,211.49683453080095,276.3734065228701,0.0,0.0,518.0937842737873,0.0,0.0,322.7781229725373,0.0,0.0,0.0,0.0
2022-02-01,2022-2,0.0,0.0,0.0,0.0,286.76174995634125,360.19111557647335,0.0,0.0,0.0,0.0,2290.9076153878755,0.0,240.21011497309937,340.84007537488463,0.0,0.0,1352.2757646164362
2022-03-01,2022-3,0.0,0.0,0.0,150.8371579213404,195.93298720205908,0.0,0.0,0.0,0.0,0.0,0.0,0.0,202.384996719115,0.0,0.0,0.0,0.0
2022-04-01,2022-4,0.0,0.0,270.6373462522608,0.0,114.00770961805928,0.0,280.69174099978994,0.0,0.0,0.0,0.0,0.0,95.50020195979124,0.0,0.0,0.0,0.0
2022-05-01,2022-5,0.0,0.0,0.0,0.0,206.50453062893757,194.5371827052179,0.0,0.0,0.0,0.0,0.0,0.0,172.98149788943314,368.1715908530593,0.0,1178.3293776727942,0.0
2022-06-01,2022-6,0.0,302.45579333296644,0.0,0.0,111.8955675262825,206.20941366753092,0.0,0.0,0.0,0.0,0.0,0.0,94.49321819971648,0.0,22.07041244743268,0.0,32.943910651591224
2022-07-01,2022-7,827.8090690162695,0.0,296.9278313167662,0.0,83.38849617778052,235.66790133432113,0.0,0.0,0.0,0.0,0.0,0.0,150.11232244048534,0.0,0.0,0.0,0.0
2022-08-01,2022-8,0.0,0.0,0.0,248.20294239966591,77.21157053498196,0.0,0.0,0.0,0.0,0.0,0.0,0.0,97.01607818137522,0.0,0.0,0.0,0.0
2022-09-01,2022-9,0.0,0.0,0.0,0.0,192.56302258525045,214.8014725703447,0.0,0.0,0.0,0.0,0.0,0.0,193.93063758449588,0.0,0.0,0.0,0.0
2022-10-01,2022-10,0.0,296.5252875813397,0.0,0.0,286.13699668846255,202.1660918309127,0.0,0.0,0.0,0.0,0.0,0.0,314.5889005734299,0.0,0.0,0.0,1517.9958338096264
2022-11-01,2022-11,0.0,0.0,0.0,216.1767562835801,103.12955532376267,0.0,0.0,0.0,0.0,0.0,0.0,0.0,84.49787454506874,0.0,0.0,0.0,0.0
2022-12-01,2022-12,0.0,336.06199259218494,577.3596720048231,0.0,121.60822359259656,0.0,299.4045237331093,0.0,0.0,561.2682662966029,0.0,0.0,50.933441045222,0.0,0.0,0.0,0.0
2023-01-01,2023-1,0.0,0.0,0.0,0.0,0.0,0.0,0.0,0.0,0.0,0.0,0.0,0.0,0.0,0.0,0.0,0.0,0.0
2023-02-01,2023-2,0.0,0.0,0.0,0.0,114.00770961805928,0.0,0.0,0.0,0.0,0.0,0.0,0.0,71.62515146984342,0.0,0.0,0.0,0.0
2023-03-01,2023-3,0.0,0.0,0.0,0.0,203.25758164939927,0.0,369.1288648764361,0.0,0.0,0.0,0.0,0.0,129.44276465714586,0.0,30.233441708811895,1710.9988223741946,0.0
2023-04-01,2023-4,0.0,0.0,0.0,0.0,2.331586945662459,0.0,0.0,0.0,0.0,0.0,0.0,0.0,43.65723518161886,0.0,0.0,0.0,0.0
2023-05-01,2023-5,588.8885653571023,245.89901896989144,211.22914829444747,0.0,88.9816270189731,0.0,219.07648078032383,0.0,0.0,410.68409729019726,0.0,0.0,37.268371496503896,0.0,0.0,0.0,2517.6516268062096
2023-06-01,2023-6,544.6112296159667,454.8207418540848,390.6945148904818,176.35472223134158,219.4434109941592,310.0893438609488,0.0,0.0,0.0,379.8055937345433,0.0,0.0,241.26366810894623,0.0,0.0,0.0,0.0
2023-07-01,2023-7,524.878938687852,0.0,188.26945826244233,339.93011676475993,167.90642097365506,0.0,195.26381982594089,0.0,0.0,0.0,0.0,0.0,99.6523846536952,0.0,0.0,905.0935799515668,0.0
2023-08-01,2023-8,0.0,687.3995303021965,0.0,177.6907428543063,55.27646526936206,0.0,0.0,0.0,0.0,0.0,0.0,0.0,34.72734616719681,0.0,0.0,0.0,0.0
2023-09-01,2023-9,0.0,223.2146076258055,191.7430645034468,173.10094506840173,107.69731978680136,0.0,0.0,0.0,0.0,372.7981104553082,0.0,0.0,33.8303298455349,0.0,803.9900280000253,921.7927234931084,0.0
2023-10-01,2023-10,540.546966708385,451.4265572133827,0.0,350.0772844293797,165.18131996986523,0.0,201.0925905670137,0.0,0.0,0.0,0.0,0.0,102.62708270305924,291.2402136598828,0.0,0.0,24.585007948948675
2023-11-01,2023-11,0.0,226.55864669136065,0.0,175.69421765369614,165.7999765989658,0.0,403.6914926738552,0.0,0.0,0.0,0.0,0.0,70.78143685372021,292.331000976961,0.0,0.0,24.677086630405412
2023-12-01,2023-12,0.0,0.0,0.0,0.0,30.026721874715196,0.0,0.0,0.0,0.0,0.0,0.0,0.0,75.45694969662516,0.0,0.0,0.0,0.0
2024-01-01,2024-1,0.0,0.0,0.0,0.0,0.0,0.0,0.0,0.0,0.0,0.0,0.0,0.0,0.0,0.0,0.0,0.0,0.0
2024-02-01,2024-2,0.0,0.0,0.0,486.11767993302453,189.02832682787033,0.0,279.2373796474594,0.0,0.0,0.0,0.0,0.0,190.01076452103536,0.0,0.0,0.0,0.0
2024-03-01,2024-3,0.0,307.0617191197629,0.0,0.0,111.1141129272456,0.0,0.0,0.0,0.0,0.0,0.0,0.0,186.1526779317758,396.20496071496746,0.0,0.0,0.0
2024-04-01,2024-4,0.0,0.0,0.0,0.0,69.49041348148374,0.0,0.0,0.0,0.0,0.0,0.0,0.0,43.65723518161884,0.0,0.0,0.0,0.0
2024-05-01,2024-5,0.0,315.0581180551734,0.0,0.0,114.00770961805928,214.80147257034477,280.69174099978994,0.0,0.0,0.0,0.0,0.0,136.82112722440073,0.0,0.0,0.0,0.0
2024-06-01,2024-6,0.0,297.9860032837108,0.0,0.0,146.18525576754823,0.0,265.4818437042348,0.0,1037.5901821446394,0.0,0.0,0.0,47.93410961479477,0.0,0.0,0.0,0.0
2024-07-01,2024-7,20.979691105586515,282.6689657317443,242.81481532913116,0.0,175.05482988297757,385.4381563879083,0.0,0.0,0.0,472.0948034270491,0.0,0.0,131.15263097235166,364.7307348637784,0.0,0.0,2924.9115996478777
2024-08-01,2024-8,0.0,0.0,0.0,221.2752646864947,73.45402522778217,194.53718270521787,0.0,0.0,0.0,0.0,0.0,0.0,89.14454547143063,368.1715908530593,20.82114381833272,0.0,62.1583219841344
2024-09-01,2024-9,0.0,0.0,0.0,0.0,118.3215148468507,0.0,0.0,0.0,0.0,0.0,0.0,0.0,49.55686155751328,0.0,0.0,0.0,0.0
2024-10-01,2024-10,0.0,206.454466438885,177.3459743359525,320.20720896612204,285.69083343250236,140.75727895394604,183.93451969952105,0.0,0.0,0.0,0.0,0.0,212.52538261424303,0.0,0.0,0.0,0.0
2024-11-01,2024-11,0.0,0.0,0.0,0.0,32.428859624692414,0.0,0.0,0.0,0.0,0.0,0.0,0.0,0.0,0.0,0.0,0.0,0.0
2024-12-01,2024-12,693.1415649657758,0.0,248.62378220303387,224.45146465807116,139.64580699628314,197.32958245696744,0.0,0.0,0.0,483.3889374803279,0.0,0.0,87.73224294870774,373.456350530376,0.0,0.0,0.0
2025-01-01,2025-1,0.0,0.0,0.0,204.8487166529994,286.76174995634125,1080.5733467294197,235.3398003142343,0.0,0.0,0.0,2290.9076153878755,0.0,480.4202299461987,1022.520226124654,0.0,0.0,0.0
2025-02-01,2025-2,0.0,0.0,0.0,210.36034131630885,65.4394028300968,184.9411781771578,0.0,0.0,0.0,0.0,0.0,0.0,82.22438913130007,0.0,0.0,0.0,0.0
2025-03-01,2025-3,649.6259510217362,0.0,233.0151142620362,0.0,177.28839476126512,205.8375958029385,0.0,0.0,0.0,0.0,0.0,0.0,202.54843079384855,0.0,0.0,0.0,0.0
2025-04-01,2025-4,0.0,0.0,0.0,0.0,40.991536042448274,0.0,0.0,0.0,0.0,0.0,0.0,0.0,51.50572689966267,0.0,0.0,0.0,0.0
2025-05-01,2025-5,0.0,0.0,0.0,436.3754057073196,33.937178677003686,0.0,0.0,0.0,0.0,0.0,0.0,0.0,85.28390128502285,0.0,0.0,0.0,0.0
2025-06-01,2025-6,0.0,618.4713940349045,0.0,201.33200048728273,44.417761242656425,177.00378855582056,0.0,0.0,0.0,0.0,0.0,0.0,115.15991970278247,334.9887436087923,0.0,0.0,0.0
2025-07-01,2025-7,0.0,0.0,0.0,323.51969733473703,168.63925477283738,284.42677747245654,0.0,0.0,0.0,0.0,0.0,0.0,181.17004432472368,0.0,0.0,0.0,0.0
2025-08-01,2025-8,0.0,0.0,0.0,0.0,60.30159847566772,340.84200606203467,0.0,0.0,0.0,0.0,0.0,0.0,75.76875527388394,0.0,0.0,0.0,0.0
2025-09-01,2025-9,0.0,0.0,0.0,852.9155657006702,94.08489426853588,0.0,0.0,0.0,0.0,0.0,0.0,0.0,243.929648097712,0.0,40.12802263169579,0.0,59.89801936652951
2025-10-01,2025-10,0.0,0.0,396.65931664453495,358.0943214773807,55.698423019509875,0.0,0.0,0.0,0.0,0.0,0.0,0.0,69.98488082549586,0.0,0.0,0.0,0.0
2025-11-01,2025-11,0.0,0.0,0.0,0.0,49.3006311861878,0.0,0.0,0.0,0.0,0.0,0.0,0.0,61.94607694689161,0.0,0.0,0.0,0.0
2025-12-01,2025-12,0.0,0.0,0.0,350.0772844293797,0.0,0.0,0.0,0.0,0.0,0.0,0.0,0.0,0.0,0.0,0.0,0.0,0.0
2026-01-01,2026-1,0.0,0.0,0.0,0.0,65.73417491491706,0.0,0.0,0.0,0.0,0.0,0.0,0.0,165.1895385250443,0.0,0.0,0.0,0.0
2026-02-01,2026-2,0.0,375.7214824012006,0.0,0.0,45.31983487922853,0.0,0.0,0.0,0.0,0.0,0.0,0.0,56.94421980211155,0.0,0.0,0.0,0.0
2026-03-01,2026-03-01,0.0,0.0,0.0,46910.356113536865,7296.493415555794,0.0,0.0,0.0,0.0,0.0,0.0,0.0,0.0,0.0,0.0,0.0,0.0
2026-03-02,2026-03-02,0.0,0.0,0.0,0.0,0.0,0.0,0.0,0.0,0.0,0.0,0.0,0.0,0.0,0.0,0.0,0.0,0.0
2026-03-03,2026-03-03,0.0,0.0,0.0,0.0,1216.0822359259657,0.0,0.0,0.0,0.0,0.0,0.0,0.0,1528.0032313566599,0.0,0.0,0.0,0.0
2026-03-04,2026-03-04,0.0,0.0,0.0,0.0,0.0,0.0,0.0,0.0,0.0,0.0,0.0,0.0,0.0,0.0,0.0,0.0,0.0
2026-03-05,2026-03-05,0.0,0.0,0.0,0.0,0.0,0.0,0.0,0.0,0.0,0.0,0.0,0.0,0.0,0.0,0.0,0.0,0.0
2026-03-06,2026-03-06,0.0,0.0,0.0,0.0,0.0,0.0,0.0,0.0,0.0,0.0,0.0,0.0,0.0,0.0,0.0,0.0,0.0
2026-03-07,2026-03-07,0.0,0.0,0.0,0.0,0.0,0.0,0.0,0.0,0.0,0.0,0.0,0.0,0.0,0.0,0.0,0.0,0.0
2026-03-08,2026-03-08,0.0,0.0,0.0,0.0,0.0,0.0,0.0,0.0,0.0,0.0,0.0,0.0,0.0,0.0,0.0,0.0,0.0
2026-03-09,2026-03-09,0.0,0.0,0.0,0.0,0.0,0.0,0.0,0.0,0.0,0.0,0.0,0.0,0.0,0.0,0.0,0.0,0.0
2026-03-10,2026-03-10,0.0,0.0,0.0,0.0,0.0,0.0,0.0,0.0,0.0,0.0,0.0,0.0,0.0,0.0,0.0,0.0,0.0
2026-03-11,2026-03-11,0.0,0.0,0.0,0.0,0.0,0.0,0.0,0.0,0.0,0.0,0.0,0.0,0.0,0.0,0.0,0.0,0.0
2026-03-12,2026-03-12,0.0,0.0,0.0,0.0,0.0,0.0,0.0,0.0,0.0,0.0,0.0,0.0,0.0,0.0,0.0,0.0,0.0
2026-03-13,2026-03-13,0.0,0.0,0.0,0.0,0.0,0.0,0.0,0.0,0.0,0.0,0.0,0.0,1528.0032313566596,0.0,0.0,0.0,0.0
2026-03-14,2026-03-14,0.0,0.0,0.0,0.0,0.0,0.0,0.0,0.0,0.0,0.0,0.0,0.0,0.0,0.0,0.0,0.0,0.0
2026-03-15,2026-03-15,0.0,0.0,0.0,0.0,0.0,0.0,0.0,0.0,0.0,0.0,0.0,0.0,0.0,0.0,0.0,0.0,0.0
2026-03-16,2026-03-16,0.0,0.0,0.0,0.0,0.0,0.0,0.0,0.0,0.0,0.0,0.0,0.0,0.0,0.0,0.0,0.0,0.0
2026-03-17,2026-03-17,0.0,0.0,0.0,0.0,1459.2986831111589,0.0,0.0,0.0,0.0,0.0,0.0,0.0,0.0,0.0,0.0,0.0,0.0
2026-03-18,2026-03-18,0.0,0.0,0.0,0.0,0.0,0.0,0.0,0.0,0.0,0.0,0.0,0.0,0.0,0.0,0.0,0.0,0.0
2026-03-19,2026-03-19,0.0,0.0,0.0,0.0,0.0,0.0,0.0,0.0,0.0,0.0,0.0,0.0,0.0,0.0,0.0,0.0,0.0
2026-03-20,2026-03-20,0.0,0.0,0.0,0.0,0.0,0.0,0.0,0.0,0.0,0.0,0.0,0.0,1833.6038776279918,0.0,0.0,0.0,0.0
2026-03-21,2026-03-21,0.0,0.0,0.0,0.0,0.0,0.0,0.0,0.0,0.0,0.0,0.0,0.0,0.0,0.0,0.0,0.0,0.0
2026-03-22,2026-03-22,0.0,0.0,0.0,0.0,0.0,0.0,0.0,0.0,0.0,0.0,0.0,0.0,0.0,0.0,0.0,0.0,0.0
2026-03-23,2026-03-23,0.0,0.0,0.0,0.0,0.0,0.0,0.0,0.0,0.0,0.0,0.0,0.0,0.0,0.0,0.0,0.0,0.0
2026-03-24,2026-03-24,0.0,0.0,0.0,0.0,0.0,0.0,0.0,0.0,0.0,0.0,0.0,0.0,0.0,0.0,0.0,0.0,0.0
2026-03-25,2026-03-25,0.0,0.0,0.0,0.0,0.0,0.0,0.0,0.0,0.0,0.0,0.0,0.0,0.0,0.0,0.0,0.0,0.0
2026-03-26,2026-03-26,0.0,10081.859777765549,0.0,0.0,0.0,0.0,0.0,0.0,0.0,0.0,0.0,0.0,0.0,0.0,0.0,0.0,0.0
