date,ym,lao_pasaxon_body_count,lao_pasaxon_epu_count,lao_pasaxon_ratio,lao_kosmo_body_count,lao_kosmo_epu_count,lao_kosmo_ratio,lao_kpl_body_count,lao_kpl_epu_count,lao_kpl_ratio,lao_the_tian_times_body_count,lao_the_tian_times_epu_count,lao_the_tian_times_ratio,news_total,lao_pasaxon_weights,lao_kosmo_weights,lao_kpl_weights,lao_the_tian_times_weights,lao_pasaxon_z_score,lao_kosmo_z_score,lao_kpl_z_score,lao_the_tian_times_z_score,z_score_unweighted,z_score_weighted,epu_weighted,epu_unweighted
2015-01-01,2015-1,0.0,0.0,0.0,0.0,0.0,0.0,103,0.0,0.0,0.0,0.0,0.0,103.0,0.0,0.0,1.0,0.0,,,0.0,0.0,0.0,0.0,0.0,0.0
2015-02-01,2015-2,0.0,0.0,0.0,0.0,0.0,0.0,92,2.0,0.021739130434782608,0.0,0.0,0.0,92.0,0.0,0.0,1.0,0.0,,,1.4128987598490124,0.0,0.7064493799245062,1.4128987598490124,210.63689096359695,113.04831645187822
2015-03-01,2015-3,0.0,0.0,0.0,0.0,0.0,0.0,157,1.0,0.006369426751592357,0.0,0.0,0.0,157.0,0.0,0.0,1.0,0.0,,,0.4139703372806024,0.0,0.2069851686403012,0.4139703372806024,61.71526741608574,33.12243666742929
2015-04-01,2015-4,0.0,0.0,0.0,0.0,0.0,0.0,122,0.0,0.0,0.0,0.0,0.0,122.0,0.0,0.0,1.0,0.0,,,0.0,0.0,0.0,0.0,0.0,0.0
2015-05-01,2015-5,0.0,0.0,0.0,0.0,0.0,0.0,159,2.0,0.012578616352201259,0.0,0.0,0.0,159.0,0.0,0.0,1.0,0.0,,,0.8175263264535166,0.0,0.4087631632267583,0.8175263264535166,121.87794948837058,65.41160448787923
2015-06-01,2015-6,0.0,0.0,0.0,0.0,0.0,0.0,157,0.0,0.0,0.0,0.0,0.0,157.0,0.0,0.0,1.0,0.0,,,0.0,0.0,0.0,0.0,0.0,0.0
2015-07-01,2015-7,0.0,0.0,0.0,0.0,0.0,0.0,236,3.0,0.012711864406779662,0.0,0.0,0.0,236.0,0.0,0.0,1.0,0.0,,,0.8261865629625581,0.0,0.41309328148127905,0.8261865629625581,123.16902946176432,66.10452402694574
2015-08-01,2015-8,0.0,0.0,0.0,0.0,0.0,0.0,177,1.0,0.005649717514124294,0.0,0.0,0.0,177.0,0.0,0.0,1.0,0.0,,,0.36719402798335915,0.0,0.18359701399167958,0.36719402798335915,54.741790871895255,29.37978845642033
2015-09-01,2015-9,0.0,0.0,0.0,0.0,0.0,0.0,211,1.0,0.004739336492890996,0.0,0.0,0.0,211.0,0.0,0.0,1.0,0.0,,,0.30802532205239136,0.0,0.15401266102619568,0.30802532205239136,45.92083878827233,24.645604534532694
2015-10-01,2015-10,0.0,0.0,0.0,0.0,0.0,0.0,203,0.0,0.0,0.0,0.0,0.0,203.0,0.0,0.0,1.0,0.0,,,0.0,0.0,0.0,0.0,0.0,0.0
2015-11-01,2015-11,0.0,0.0,0.0,0.0,0.0,0.0,185,4.0,0.021621621621621623,0.0,0.0,0.0,185.0,0.0,0.0,1.0,0.0,,,1.405261469255234,0.0,0.702630734627617,1.405261469255234,209.49831317460456,112.43724447105727
2015-12-01,2015-12,0.0,0.0,0.0,0.0,0.0,0.0,221,2.0,0.00904977375565611,0.0,0.0,0.0,221.0,0.0,0.0,1.0,0.0,,,0.5881750493489102,0.0,0.2940875246744551,0.5881750493489102,87.68594555950644,47.06083761797646
2016-01-01,2016-1,0.0,0.0,0.0,0.0,0.0,0.0,182,2.0,0.01098901098901099,0.0,0.0,0.0,182.0,0.0,0.0,1.0,0.0,,,0.7142125599236766,0.0,0.3571062799618383,0.7142125599236766,106.47579103654353,57.14530282182855
2016-02-01,2016-2,0.0,0.0,0.0,0.0,0.0,0.0,159,0.0,0.0,0.0,0.0,0.0,159.0,0.0,0.0,1.0,0.0,,,0.0,0.0,0.0,0.0,0.0,0.0
2016-03-01,2016-3,0.0,0.0,0.0,0.0,0.0,0.0,205,0.0,0.0,0.0,0.0,0.0,205.0,0.0,0.0,1.0,0.0,,,0.0,0.0,0.0,0.0,0.0,0.0
2016-04-01,2016-4,0.0,0.0,0.0,0.0,0.0,0.0,129,3.0,0.023255813953488372,0.0,0.0,0.0,129.0,0.0,0.0,1.0,0.0,,,1.5114730919315016,0.0,0.7557365459657508,1.5114730919315016,225.33248800756883,120.9354082973581
2016-05-01,2016-5,0.0,0.0,0.0,0.0,0.0,0.0,215,2.0,0.009302325581395349,0.0,0.0,0.0,215.0,0.0,0.0,1.0,0.0,,,0.6045892367726007,0.0,0.30229461838630034,0.6045892367726007,90.13299520302755,48.37416331894324
2016-06-01,2016-6,0.0,0.0,0.0,0.0,0.0,0.0,185,0.0,0.0,1.0,1.0,1.0,186.0,0.0,0.0,0.9946236559139785,0.005376344086021506,,,0.0,7.843707843169458,3.921853921584729,0.04217047227510461,6.286832024287312,627.5877590164055
2016-07-01,2016-7,0.0,0.0,0.0,0.0,0.0,0.0,190,3.0,0.015789473684210527,93.0,3.0,0.03225806451612903,283.0,0.0,0.0,0.6713780918727915,0.3286219081272085,,,1.0262106782061249,0.25302283365062767,0.6396167559283763,0.7721242133875339,115.10934000893535,102.35354363230087
2016-08-01,2016-8,0.0,0.0,0.0,0.0,0.0,0.0,194,1.0,0.005154639175257732,283.0,8.0,0.028268551236749116,477.0,0.0,0.0,0.40670859538784065,0.5932914046121593,,,0.3350172317167761,0.22173025705072671,0.2783737443837514,0.26780504339289357,39.92474431124734,44.5462676325819
2016-09-01,2016-9,0.0,0.0,0.0,0.0,0.0,0.0,190,1.0,0.005263157894736842,300.0,10.0,0.03333333333333333,490.0,0.0,0.0,0.3877551020408163,0.6122448979591837,,,0.34207022606870824,0.2614569281056486,0.3017635770871784,0.2927151456831615,43.63837663163236,48.28918437135244
2016-10-01,2016-10,0.0,0.0,0.0,0.0,0.0,0.0,153,0.0,0.0,285.0,5.0,0.017543859649122806,438.0,0.0,0.0,0.3493150684931507,0.6506849315068494,,,0.0,0.13760890952928873,0.06880445476464436,0.08954004387179747,13.348752928281279,11.010311561691323
2016-11-01,2016-11,0.0,0.0,0.0,0.0,0.0,0.0,159,0.0,0.0,195.0,8.0,0.041025641025641026,354.0,0.0,0.0,0.4491525423728814,0.5508474576271186,,,0.0,0.3217931422838752,0.1608965711419376,0.1772589343089143,26.42600579700429,25.747190113493556
2016-12-01,2016-12,0.0,0.0,0.0,0.0,0.0,0.0,157,1.0,0.006369426751592357,122.0,3.0,0.02459016393442623,279.0,0.0,0.0,0.5627240143369175,0.43727598566308246,,,0.4139703372806024,0.19287806171728175,0.30342419949894206,0.31729199456115753,47.30232707483076,48.55492254488188
2017-01-01,2017-1,0.0,0.0,0.0,0.0,0.0,0.0,108,1.0,0.009259259259259259,56.0,4.0,0.07142857142857142,164.0,0.0,0.0,0.6585365853658537,0.34146341463414637,,,0.601790212528283,0.5602648459406755,0.5810275292344793,0.5876108190593439,87.60182933167816,92.9779059317337
2017-02-01,2017-2,0.0,0.0,0.0,0.0,0.0,0.0,106,1.0,0.009433962264150943,45.0,1.0,0.022222222222222223,151.0,0.0,0.0,0.7019867549668874,0.2980132450331126,,,0.6131447448401375,0.17430461873709907,0.3937246817886183,0.48236457480943074,71.91157444266823,63.005098010718434
2017-03-01,2017-3,0.0,0.0,0.0,0.0,0.0,0.0,133,1.0,0.007518796992481203,27.0,1.0,0.037037037037037035,160.0,0.0,0.0,0.83125,0.16875,,,0.48867175152672604,0.2905076978951651,0.38958972471094555,0.45523156747640015,67.86654838026813,62.343408794880155
2017-04-01,2017-4,0.0,0.0,0.0,0.0,0.0,0.0,96,3.0,0.03125,22.0,0.0,0.0,118.0,0.0,0.0,0.8135593220338984,0.1864406779661017,,,2.031041967282955,0.0,1.0155209836414776,1.6523731259251162,246.33805892352865,162.50695489957494
2017-05-01,2017-5,0.0,0.0,0.0,0.0,0.0,0.0,160,4.0,0.025,45.0,2.0,0.044444444444444446,205.0,0.0,0.0,0.7804878048780488,0.21951219512195122,,,1.6248335738263644,0.34860923747419814,0.9867214056502813,1.344686768285645,200.4677534162767,157.89835320927799
2017-06-01,2017-6,0.0,0.0,0.0,0.0,0.0,0.0,127,0.0,0.0,35.0,1.0,0.02857142857142857,162.0,0.0,0.0,0.7839506172839507,0.21604938271604937,,,0.0,0.22410593837627021,0.11205296918813511,0.04841794964919418,7.21821454640395,17.931078829040153
2017-07-01,2017-7,0.0,0.0,0.0,0.0,0.0,0.0,149,0.0,0.0,17.0,0.0,0.0,166.0,0.0,0.0,0.8975903614457831,0.10240963855421686,,,0.0,0.0,0.0,0.0,0.0,0.0
2017-08-01,2017-8,0.0,0.0,0.0,0.0,0.0,0.0,145,2.0,0.013793103448275862,5.0,0.0,0.0,150.0,0.0,0.0,0.9666666666666667,0.03333333333333333,,,0.8964599028007527,0.0,0.44822995140037636,0.8665779060407276,129.1906264576728,71.7272076798124
2017-09-01,2017-9,0.0,0.0,0.0,0.0,0.0,0.0,111,0.0,0.0,16.0,0.0,0.0,127.0,0.0,0.0,0.8740157480314961,0.12598425196850394,,,0.0,0.0,0.0,0.0,0.0,0.0
2017-10-01,2017-10,0.0,0.0,0.0,0.0,0.0,0.0,146,2.0,0.0136986301369863,22.0,1.0,0.045454545454545456,168.0,0.0,0.0,0.8690476190476191,0.13095238095238096,,,0.8903197664801995,0.3565321746895208,0.6234259705848602,0.8204190104123725,122.3091947926688,99.76264175435763
2017-11-01,2017-11,0.0,0.0,0.0,0.0,0.0,0.0,195,3.0,0.015384615384615385,38.0,1.0,0.02631578947368421,233.0,0.0,0.0,0.8369098712446352,0.1630901287553648,,,0.9998975838931473,0.2064133642939331,0.6031554740935402,0.8704881403533614,129.77356956864304,96.51889129309696
2017-12-01,2017-12,0.0,0.0,0.0,0.0,0.0,0.0,156,3.0,0.019230769230769232,34.0,1.0,0.029411764705882353,190.0,0.0,0.0,0.8210526315789474,0.17894736842105263,,,1.2498719798664342,0.23069728950498405,0.7402846346857092,1.0674933510649116,159.14337741838855,118.4627434386825
2018-01-01,2018-1,0.0,0.0,0.0,0.0,0.0,0.0,145,1.0,0.006896551724137931,41.0,1.0,0.024390243902439025,186.0,0.0,0.0,0.7795698924731183,0.22043010752688172,,,0.44822995140037636,0.19130994739437704,0.3197699493973767,0.39159704729152706,58.37982656367151,51.17062235250145
2018-02-01,2018-2,0.0,0.0,0.0,0.0,0.0,0.0,168,4.0,0.023809523809523808,28.0,0.0,0.0,196.0,0.0,0.0,0.8571428571428571,0.14285714285714285,,,1.5474605465012992,0.0,0.7737302732506496,1.3263947541439707,197.74075478215224,123.81482278062852
2018-03-01,2018-3,0.0,0.0,0.0,0.0,0.0,0.0,221,2.0,0.00904977375565611,30.0,1.0,0.03333333333333333,251.0,0.0,0.0,0.8804780876494024,0.11952191235059761,,,0.5881750493489102,0.2614569281056486,0.4248159887272794,0.5491250746983212,81.86432161421658,67.98042958518997
2018-04-01,2018-4,0.0,0.0,0.0,0.0,0.0,0.0,129,1.0,0.007751937984496124,21.0,1.0,0.047619047619047616,150.0,0.0,0.0,0.86,0.14,,,0.5038243639771672,0.3735098972937837,0.43866713063547547,0.4855803386414935,72.39098493895267,70.19693414751963
2018-05-01,2018-5,0.0,0.0,0.0,0.0,0.0,0.0,197,2.0,0.01015228426395939,34.0,1.0,0.029411764705882353,231.0,0.0,0.0,0.8528138528138528,0.1471861471861472,,,0.6598308929244119,0.23069728950498405,0.44526409121469795,0.5966683712089983,88.95214166739551,71.25260113283173
2018-06-01,2018-6,0.0,0.0,0.0,0.0,0.0,0.0,256,4.0,0.015625,24.0,0.0,0.0,280.0,0.0,0.0,0.9142857142857143,0.08571428571428572,,,1.0155209836414776,0.0,0.5077604918207388,0.9284763279007795,138.41852834750657,81.25347744978747
2018-07-01,2018-7,0.0,0.0,0.0,0.0,0.0,0.0,232,4.0,0.017241379310344827,34.0,2.0,0.058823529411764705,266.0,0.0,0.0,0.8721804511278195,0.12781954887218044,,,1.1205748785009408,0.4613945790099681,0.7909847287554544,1.0363187499945758,154.49582500126587,126.5759366007305
2018-08-01,2018-8,0.0,0.0,0.0,0.0,0.0,0.0,219,4.0,0.0182648401826484,12.0,1.0,0.08333333333333333,231.0,0.0,0.0,0.948051948051948,0.05194805194805195,,,1.1870930219735993,0.6536423202641215,0.9203676711188604,1.1593812972094706,172.8421588477025,147.28021383194059
2018-09-01,2018-9,0.0,0.0,0.0,0.0,0.0,0.0,168,1.0,0.005952380952380952,21.0,1.0,0.047619047619047616,189.0,0.0,0.0,0.8888888888888888,0.1111111111111111,,,0.3868651366253248,0.3735098972937837,0.3801875169595542,0.38538122114404244,57.45316264996243,60.83883707689072
2018-10-01,2018-10,0.0,0.0,0.0,0.0,0.0,0.0,194,4.0,0.020618556701030927,12.0,1.0,0.08333333333333333,206.0,0.0,0.0,0.941747572815534,0.05825242718446602,,,1.3400689268671044,0.6536423202641215,0.996855623565613,1.3000829109484842,193.8181489991227,159.52006356311415
2018-11-01,2018-11,0.0,0.0,0.0,0.0,0.0,0.0,222,2.0,0.009009009009009009,14.0,0.0,0.0,236.0,0.0,0.0,0.940677966101695,0.059322033898305086,,,0.5855256121896808,0.0,0.2927628060948404,0.5507910419750387,82.11268630784288,46.84885186294052
2018-12-01,2018-12,0.0,0.0,0.0,0.0,0.0,0.0,170,4.0,0.023529411764705882,7.0,3.0,0.42857142857142855,177.0,0.0,0.0,0.96045197740113,0.03954802259887006,,,1.5292551283071663,3.361589075644053,2.44542210197561,1.6017203126651223,238.78666783533424,391.32436024234113
2019-01-01,2019-1,0.0,0.0,0.0,0.0,0.0,0.0,86,0.0,0.0,12.0,0.0,0.0,98.0,0.0,0.0,0.8775510204081632,0.12244897959183673,,,0.0,0.0,0.0,0.0,0.0,0.0
2019-02-01,2019-2,0.0,0.0,0.0,0.0,0.0,0.0,96,0.0,0.0,13.0,1.0,0.07692307692307693,109.0,0.0,0.0,0.8807339449541285,0.11926605504587157,,,0.0,0.603362141782266,0.301681070891133,0.0719606224143987,10.72798859190312,48.27598146280042
2019-03-01,2019-3,0.0,0.0,0.0,0.0,0.0,0.0,36,0.0,0.0,13.0,0.0,0.0,49.0,0.0,0.0,0.7346938775510204,0.2653061224489796,,,0.0,0.0,0.0,0.0,0.0,0.0
2019-04-01,2019-4,0.0,0.0,0.0,0.0,0.0,0.0,29,0.0,0.0,8.0,0.0,0.0,37.0,0.0,0.0,0.7837837837837838,0.21621621621621623,,,0.0,0.0,0.0,0.0,0.0,0.0
2019-05-01,2019-5,0.0,0.0,0.0,0.0,0.0,0.0,95,1.0,0.010526315789473684,4.0,0.0,0.0,99.0,0.0,0.0,0.9595959595959596,0.04040404040404041,,,0.6841404521374165,0.0,0.34207022606870824,0.6564984136672178,97.87168671035818,54.73918480827787
2019-06-01,2019-6,0.0,0.0,0.0,0.0,0.0,0.0,86,2.0,0.023255813953488372,5.0,0.0,0.0,91.0,0.0,0.0,0.945054945054945,0.054945054945054944,,,1.5114730919315016,0.0,0.7557365459657508,1.4284251198473532,212.95158207308705,120.9354082973581
2019-07-01,2019-7,0.0,0.0,0.0,0.0,0.0,0.0,85,1.0,0.011764705882352941,25.0,1.0,0.04,110.0,0.0,0.0,0.7727272727272727,0.22727272727272727,,,0.7646275641535831,0.3137483137267783,0.5391879389401807,0.6621550072384002,98.71497946220816,86.28259926402559
2019-08-01,2019-8,0.0,0.0,0.0,0.0,0.0,0.0,109,4.0,0.03669724770642202,29.0,1.0,0.034482758620689655,138.0,0.0,0.0,0.7898550724637681,0.21014492753623187,,,2.3850768056166816,0.2704726842472227,1.3277747449319521,1.9407034757636792,289.3227441581107,212.47481250237595
2019-09-01,2019-9,0.0,0.0,0.0,0.0,0.0,0.0,85,1.0,0.011764705882352941,17.0,1.0,0.058823529411764705,102.0,0.0,0.0,0.8333333333333334,0.16666666666666666,,,0.7646275641535831,0.4613945790099681,0.6130110715817756,0.7140887332963141,106.45733079257747,98.09601590433441
2019-10-01,2019-10,0.0,0.0,0.0,0.0,0.0,0.0,91,2.0,0.02197802197802198,12.0,0.0,0.0,103.0,0.0,0.0,0.883495145631068,0.11650485436893204,,,1.4284251198473532,0.0,0.7142125599236766,1.2620066592826131,188.14168901602838,114.2906056436571
2019-11-01,2019-11,0.0,0.0,0.0,0.0,0.0,0.0,142,2.0,0.014084507042253521,25.0,1.0,0.04,167.0,0.0,0.0,0.8502994011976048,0.1497005988023952,,,0.9153991965218954,0.3137483137267783,0.6145737551243369,0.8253316990974766,123.04158518064887,98.34608158299986
2019-12-01,2019-12,0.0,0.0,0.0,0.0,0.0,0.0,125,1.0,0.008,18.0,3.0,0.16666666666666666,143.0,0.0,0.0,0.8741258741258742,0.1258741258741259,,,0.5199467436244366,1.307284640528243,0.9136156920763399,0.6190522131647759,92.28915562152295,146.19974029035876
2020-01-01,2020-1,0.0,0.0,0.0,0.0,0.0,0.0,101,5.0,0.04950495049504951,14.0,0.0,0.0,115.0,0.0,0.0,0.8782608695652174,0.12173913043478261,,,3.2174922253987415,0.0,1.6087461126993707,2.825797519698025,421.27378192719397,257.4367602369504
2020-02-01,2020-2,0.0,0.0,0.0,0.0,0.0,0.0,67,0.0,0.0,26.0,1.0,0.038461538461538464,93.0,0.0,0.0,0.7204301075268817,0.27956989247311825,,,0.0,0.301681070891133,0.1508405354455665,0.08434094455020921,12.573664048574622,24.13799073140021
2020-03-01,2020-3,0.0,0.0,0.0,0.0,0.0,0.0,60,3.0,0.05,41.0,1.0,0.024390243902439025,101.0,0.0,0.0,0.594059405940594,0.40594059405940597,,,3.249667147652729,0.19130994739437704,1.720488547523553,2.0081558089339917,299.37863078706755,275.3181463519152
2020-04-01,2020-4,0.0,0.0,0.0,0.0,0.0,0.0,34,3.0,0.08823529411764706,54.0,2.0,0.037037037037037035,88.0,0.0,0.0,0.38636363636363635,0.6136363636363636,,,5.734706731151874,0.2905076978951651,3.01260721452352,2.393948233471621,356.8930962046735,482.0871578499522
2020-05-01,2020-5,0.0,0.0,0.0,0.0,0.0,0.0,45,1.0,0.022222222222222223,27.0,2.0,0.07407407407407407,72.0,0.0,0.0,0.625,0.375,,,1.4442965100678793,0.5810153957903302,1.0126559529291048,1.1205660922137983,167.05553468556027,162.04848341128334
2020-06-01,2020-6,0.0,0.0,0.0,0.0,0.0,0.0,79,2.0,0.02531645569620253,31.0,1.0,0.03225806451612903,110.0,0.0,0.0,0.7181818181818181,0.2818181818181818,,,1.645401087419103,0.25302283365062767,0.9492119605348653,1.2530035795388963,186.79949750153054,151.89597038915994
2020-07-01,2020-7,0.0,0.0,0.0,487.0,0.0,0.0,70,4.0,0.05714285714285714,32.0,1.0,0.03125,589.0,0.0,0.8268251273344652,0.11884550084889643,0.05432937181663837,,,3.713905311603118,0.24511587009904556,1.9795105908510817,0.4546979281076192,67.78699268899707,316.7676921427711
2020-08-01,2020-8,0.0,0.0,0.0,1040.0,0.0,0.0,64,0.0,0.0,41.0,1.0,0.024390243902439025,1145.0,0.0,0.9082969432314411,0.05589519650655022,0.03580786026200873,,,0.0,0.19130994739437704,0.09565497369718852,0.0068503998630300945,1.0212670362597729,15.307018512595256
2020-09-01,2020-9,0.0,0.0,0.0,1018.0,0.0,0.0,82,2.0,0.024390243902439025,49.0,0.0,0.0,1149.0,0.0,0.8859878154917319,0.07136640557006092,0.04264577893820714,,,1.5852034866598677,0.0,0.7926017433299338,0.11313027494004277,16.86561703102778,126.83469650698532
2020-10-01,2020-10,0.0,0.0,0.0,1281.0,0.0,0.0,73,2.0,0.0273972602739726,54.0,0.0,0.0,1408.0,0.0,0.9098011363636364,0.05184659090909091,0.03835227272727273,,,1.780639532960399,0.0,0.8903197664801995,0.09232008942195251,13.763205943644119,142.4718508708602
2020-11-01,2020-11,0.0,0.0,0.0,1235.0,0.0,0.0,148,5.0,0.033783783783783786,38.0,0.0,0.0,1421.0,0.0,0.8691062631949331,0.10415200562983815,0.02674173117522871,,,2.195721045711303,0.0,1.0978605228556515,0.22868875071447772,34.093233583129695,175.68319448602696
2020-12-01,2020-12,0.0,0.0,0.0,1260.0,0.0,0.0,95,2.0,0.021052631578947368,45.0,1.0,0.022222222222222223,1400.0,0.0,0.9,0.06785714285714285,0.03214285714285714,,,1.368280904274833,0.17430461873709907,0.771292761505966,0.0984502812494847,14.677103375120256,123.42476426136476
2021-01-01,2021-1,0.0,0.0,0.0,1432.0,0.0,0.0,121,1.0,0.008264462809917356,46.0,2.0,0.043478260869565216,1599.0,0.0,0.8955597248280175,0.07567229518449031,0.028767979987492184,,,0.5371350657277237,0.3410307757899764,0.4390829207588501,0.05045700978073389,7.52220043612279,70.26347022891564
2021-02-01,2021-2,0.0,0.0,0.0,1181.0,0.0,0.0,118,1.0,0.00847457627118644,56.0,0.0,0.0,1355.0,0.0,0.8715867158671586,0.08708487084870849,0.041328413284132844,,,0.5507910419750387,0.0,0.27539552098751935,0.04796556675502182,7.15077268215901,44.06968268463049
2021-03-01,2021-3,0.0,0.0,0.0,1231.0,0.0,0.0,146,1.0,0.00684931506849315,69.0,5.0,0.07246376811594203,1446.0,0.0,0.851313969571231,0.10096818810511757,0.04771784232365145,,,0.44515988324009975,0.5683846263166275,0.5067722547783636,0.07206907480560294,10.744156823591052,81.09533655948357
2021-04-01,2021-4,0.0,0.0,0.0,1168.0,0.0,0.0,80,1.0,0.0125,69.0,3.0,0.043478260869565216,1317.0,0.0,0.8868640850417616,0.060744115413819286,0.05239179954441914,,,0.8124167869131822,0.3410307757899764,0.5767237813515793,0.06721675511204477,10.020766327925424,92.28920626489109
2021-05-01,2021-5,0.0,0.0,0.0,1387.0,0.0,0.0,35,1.0,0.02857142857142857,94.0,4.0,0.0425531914893617,1516.0,0.0,0.9149076517150396,0.02308707124010554,0.06200527704485488,,,1.856952655801559,0.3337748018369982,1.0953637288192786,0.0635673973124884,9.476715046434842,175.2836494225587
2021-06-01,2021-6,0.0,0.0,0.0,1458.0,0.0,0.0,65,1.0,0.015384615384615385,104.0,4.0,0.038461538461538464,1627.0,0.0,0.8961278426551936,0.03995082974800246,0.06392132759680394,,,0.9998975838931473,0.301681070891133,0.6507893273921401,0.05923059270174088,8.830178248552686,104.14141468196019
2021-07-01,2021-7,0.0,0.0,0.0,1604.0,0.0,0.0,104,0.0,0.0,111.0,2.0,0.018018018018018018,1819.0,0.0,0.8818031885651457,0.057174271577789995,0.06102253985706432,,,0.0,0.14132806924629654,0.07066403462314827,0.008624197738504077,1.285707263900429,11.307887549845143
2021-08-01,2021-8,0.0,0.0,0.0,1678.0,0.0,0.0,140,2.0,0.014285714285714285,102.0,5.0,0.049019607843137254,1920.0,0.0,0.8739583333333333,0.07291666666666667,0.053125,,,0.9284763279007795,0.3844954825083068,0.6564859052045431,0.08812772141768564,13.138201953769855,105.05299950251462
2021-09-01,2021-9,0.0,0.0,0.0,1857.0,0.0,0.0,67,0.0,0.0,120.0,4.0,0.03333333333333333,2044.0,0.0,0.9085127201565558,0.03277886497064579,0.05870841487279843,,,0.0,0.2614569281056486,0.1307284640528243,0.01534972180659385,2.288357644848219,20.919591967213513
2021-10-01,2021-10,0.0,0.0,0.0,1641.0,0.0,0.0,70,0.0,0.0,104.0,5.0,0.04807692307692308,1815.0,0.0,0.9041322314049587,0.03856749311294766,0.05730027548209366,,,0.0,0.37710133861391626,0.18855066930695813,0.021608010587243685,3.2213519463290354,30.172488414250264
2021-11-01,2021-11,0.0,0.0,0.0,1546.0,0.0,0.0,163,3.0,0.018404907975460124,117.0,4.0,0.03418803418803419,1826.0,0.0,0.8466593647316539,0.08926615553121577,0.06407447973713033,,,1.1961964960684892,0.26816095190322936,0.7321787239858593,0.12396213594295813,18.48044577165725,117.16560937081026
2021-12-01,2021-12,0.0,0.0,0.0,1562.0,0.0,0.0,130,2.0,0.015384615384615385,92.0,1.0,0.010869565217391304,1784.0,0.0,0.875560538116592,0.07286995515695067,0.0515695067264574,,,0.9998975838931473,0.0852576939474941,0.5425776389203207,0.07725918932134451,11.51790623608092,86.82503002682526
2022-01-01,2022-1,0.0,0.0,0.0,1605.0,0.0,0.0,86,1.0,0.011627906976744186,98.0,1.0,0.01020408163265306,1789.0,0.0,0.8971492453884852,0.048071548351034096,0.05477920626048072,,,0.7557365459657508,0.08003783513438222,0.4178871905500665,0.04071383498950477,6.069674533729961,66.87166087333624
2022-02-01,2022-2,0.0,0.0,0.0,1375.0,0.0,0.0,113,1.0,0.008849557522123894,89.0,1.0,0.011235955056179775,1577.0,0.0,0.8719086873811034,0.07165504121750159,0.05643627140139505,,,0.575162327018182,0.08813154879965683,0.3316469379089194,0.04618709625632468,6.88563585341972,53.07121649824433
2022-03-01,2022-3,0.0,0.0,0.0,1501.0,0.0,0.0,77,0.0,0.0,129.0,3.0,0.023255813953488372,1707.0,0.0,0.8793204452255419,0.04510837727006444,0.07557117750439367,,,0.0,0.18241181030626646,0.09120590515313323,0.013785075295552649,2.0550979903645694,14.59506416317222
2022-04-01,2022-4,0.0,0.0,0.0,1480.0,0.0,0.0,61,0.0,0.0,108.0,2.0,0.018518518518518517,1649.0,0.0,0.897513644633111,0.03699211643420255,0.06549423893268648,,,0.0,0.14525384894758256,0.07262692447379128,0.009513290288865323,1.4182544045087206,11.621995537340842
2022-05-01,2022-5,0.0,0.0,0.0,1334.0,0.0,0.0,54,0.0,0.0,129.0,6.0,0.046511627906976744,1517.0,0.0,0.8793671720500988,0.035596572181938034,0.08503625576796309,,,0.0,0.36482362061253293,0.18241181030626646,0.03102323471260168,4.6249865122641,29.19012832634444
2022-06-01,2022-6,0.0,0.0,0.0,1345.0,0.0,0.0,135,1.0,0.007407407407407408,98.0,1.0,0.01020408163265306,1578.0,0.0,0.8523447401774398,0.08555133079847908,0.062103929024081114,,,0.48143217002262645,0.08003783513438222,0.2807350025785043,0.046157826867062116,6.881272332600063,44.924123811963845
2022-07-01,2022-7,0.0,0.0,0.0,1618.0,0.0,0.0,86,1.0,0.011627906976744186,127.0,2.0,0.015748031496062992,1831.0,0.0,0.8836701256144184,0.04696886947023485,0.0693610049153468,,,0.7557365459657508,0.12352295816014895,0.43962975206294985,0.04406376768945576,6.56908710942673,70.35097594421299
2022-08-01,2022-8,0.0,0.0,0.0,1663.0,0.0,0.0,89,0.0,0.0,131.0,1.0,0.007633587786259542,1883.0,0.0,0.8831651619755709,0.04726500265533723,0.06956983536909188,,,0.0,0.059875632390606545,0.029937816195303273,0.0041655378880347625,0.6210041192339033,4.790746252033629
2022-09-01,2022-9,0.0,0.0,0.0,1474.0,0.0,0.0,84,1.0,0.011904761904761904,146.0,4.0,0.0273972602739726,1704.0,0.0,0.8650234741784038,0.04929577464788732,0.08568075117370892,,,0.7737302732506496,0.2148961052923139,0.4943131892714817,0.056554092914162205,8.431161977931467,79.1015965688459
2022-10-01,2022-10,0.0,0.0,0.0,1398.0,0.0,0.0,61,0.0,0.0,121.0,1.0,0.008264462809917356,1580.0,0.0,0.8848101265822785,0.03860759493670886,0.07658227848101266,,,0.0,0.06482403176173106,0.03241201588086553,0.0049643720526388975,0.7400954155173671,5.186675694350458
2022-11-01,2022-11,0.0,0.0,0.0,1469.0,0.0,0.0,68,1.0,0.014705882352941176,133.0,1.0,0.007518796992481203,1670.0,0.0,0.8796407185628743,0.0407185628742515,0.07964071856287425,,,0.955784455191979,0.05897524694112374,0.5073798510665514,0.04361500047678086,6.502184275953833,81.1925660842223
2022-12-01,2022-12,0.0,0.0,0.0,1623.0,0.0,0.0,98,2.0,0.02040816326530612,130.0,4.0,0.03076923076923077,1851.0,0.0,0.8768233387358185,0.05294435440302539,0.07023230686115613,,,1.3263947541439707,0.24134485671290642,0.7838698054284385,0.08717531997773471,12.996216636802096,125.4373835399446
2023-01-01,2023-1,0.0,0.0,0.0,1788.0,0.0,0.0,67,0.0,0.0,148.0,1.0,0.006756756756756757,2003.0,0.0,0.8926610084872691,0.03344982526210684,0.07388916625062407,,,0.0,0.05299802596736121,0.026499012983680605,0.003915979951657244,0.5837996787406092,4.240457831191929
2023-02-01,2023-2,0.0,0.0,0.0,1660.0,0.0,0.0,59,1.0,0.01694915254237288,175.0,6.0,0.03428571428571429,1894.0,0.0,0.8764519535374868,0.031151003167898626,0.09239704329461457,,,1.1015820839500774,0.2689271260515243,0.6852546050008008,0.059163458295708196,8.820169758938807,109.65665996410917
2023-03-01,2023-3,0.0,0.0,0.0,1747.0,0.0,0.0,61,0.0,0.0,208.0,8.0,0.038461538461538464,2016.0,0.0,0.8665674603174603,0.030257936507936508,0.10317460317460317,,,0.0,0.301681070891133,0.1508405354455665,0.031125824774481975,4.6402807798311105,24.13799073140021
2023-04-01,2023-4,0.0,0.0,0.0,1547.0,0.0,0.0,25,0.0,0.0,117.0,4.0,0.03418803418803419,1689.0,0.0,0.9159265837773831,0.014801657785671996,0.06927175843694494,,,0.0,0.26816095190322936,0.13408047595161468,0.018575980682461714,2.769332756702049,21.455991761244633
2023-05-01,2023-5,0.0,0.0,0.0,1839.0,0.0,0.0,66,1.0,0.015151515151515152,190.0,8.0,0.042105263157894736,2095.0,0.0,0.8778042959427208,0.031503579952267304,0.09069212410501193,,,0.9847476205008269,0.33026138287029294,0.6575045016855599,0.060975181717618246,9.09026397921956,105.21599860845915
2023-06-01,2023-6,0.0,0.0,0.0,1701.0,0.0,0.0,53,0.0,0.0,167.0,11.0,0.0658682634730539,1921.0,0.0,0.8854763144195731,0.027589796980739198,0.08693388859968766,,,0.0,0.5166514148195452,0.2583257074097726,0.04491451654079336,6.6959179186318805,41.33811586335605
2023-07-01,2023-7,0.0,0.0,0.0,1839.0,0.0,0.0,85,0.0,0.0,147.0,5.0,0.034013605442176874,2071.0,0.0,0.8879768227909223,0.04104297440849831,0.07098020280057943,,,0.0,0.26679278378127413,0.13339639189063707,0.018937005898525976,2.8231548926060843,21.346522415524
2023-08-01,2023-8,0.0,0.0,0.0,1607.0,0.0,0.0,61,0.0,0.0,145.0,9.0,0.06206896551724138,1813.0,0.0,0.8863761720904578,0.03364589078874793,0.07997793712079426,,,0.0,0.4868508316450008,0.2434254158225004,0.03893732520051027,5.804830010290656,38.95372297343206
2023-09-01,2023-9,81.0,0.0,0.0,1533.0,0.0,0.0,66,0.0,0.0,138.0,9.0,0.06521739130434782,1818.0,0.04455445544554455,0.8432343234323433,0.036303630363036306,0.07590759075907591,,,0.0,0.5115461636849646,0.2557730818424823,0.03883023684737356,5.788865131274456,40.929636457591656
2023-10-01,2023-10,315.0,0.0,0.0,1674.0,0.0,0.0,105,3.0,0.02857142857142857,85.0,6.0,0.07058823529411765,2179.0,0.1445617255621845,0.768242312987609,0.048187241854061494,0.03900871959614502,,,1.856952655801559,0.5536734948119617,1.2053130753067602,0.111079520843589,16.55988778893117,192.87809973791224
2023-11-01,2023-11,252.0,0.0,0.0,1728.0,0.0,0.0,118,1.0,0.00847457627118644,88.0,4.0,0.045454545454545456,2186.0,0.11527904849039342,0.7904849039341263,0.053979871912168347,0.04025617566331199,,,0.5507910419750387,0.3565321746895208,0.45366160833227975,0.044084251750106315,6.572140901370183,72.596399003558
2023-12-01,2023-12,140.0,0.0,0.0,1536.0,0.0,0.0,86,1.0,0.011627906976744186,79.0,6.0,0.0759493670886076,1841.0,0.07604562737642585,0.8343291689299294,0.046713742531233025,0.042911461162411735,,,0.7557365459657508,0.5957246463166678,0.6757305961412092,0.06086669745359659,9.07409099588816,108.13259723853263
2024-01-01,2024-1,101.0,0.0,0.0,1677.0,0.0,0.0,152,0.0,0.0,73.0,3.0,0.0410958904109589,2003.0,0.050424363454817774,0.8372441337993011,0.07588617074388418,0.036445332001997004,,,0.0,0.3223441579384709,0.16117207896923544,0.01174793985497173,1.7513990362218272,25.791277767797485
2024-02-01,2024-2,73.0,0.0,0.0,1399.0,0.0,0.0,127,1.0,0.007874015748031496,72.0,2.0,0.027777777777777776,1671.0,0.043686415320167565,0.8372232196289647,0.07600239377618193,0.04308797127468582,,,0.5117586059295636,0.21788077342137382,0.3648196896754687,0.04828291959269509,7.1980840798087025,58.37962761141597
2024-03-01,2024-3,50.0,0.0,0.0,1529.0,0.0,0.0,78,0.0,0.0,70.0,3.0,0.04285714285714286,1727.0,0.02895193977996526,0.8853503184713376,0.0451650260567458,0.04053271569195136,,,0.0,0.33615890756440536,0.16807945378220268,0.013625433427625,2.0312983610609847,26.896618243560233
2024-04-01,2024-4,15.0,0.0,0.0,1474.0,0.0,0.0,78,0.0,0.0,53.0,6.0,0.11320754716981132,1620.0,0.009259259259259259,0.9098765432098765,0.04814814814814815,0.03271604938271605,,,0.0,0.8879669256418254,0.4439834628209127,0.029050769789516512,4.3309287278423705,71.0476708320459
2024-05-01,2024-5,62.0,0.0,0.0,1578.0,0.0,0.0,99,0.0,0.0,62.0,6.0,0.0967741935483871,1801.0,0.034425319267073845,0.8761799000555247,0.054969461410327596,0.034425319267073845,,,0.0,0.759068500951883,0.3795342504759415,0.02613117549084772,3.8956715930619876,60.73429925965214
2024-06-01,2024-6,3.0,0.0,0.0,1482.0,0.0,0.0,132,2.0,0.015151515151515152,37.0,2.0,0.05405405405405406,1654.0,0.0018137847642079807,0.8960096735187424,0.07980652962515115,0.022370012091898428,,,0.9847476205008269,0.4239842077388897,0.7043659141198583,0.08807382200268928,13.130166554828175,112.71491350993541
2024-07-01,2024-7,6.0,0.0,0.0,1688.0,0.0,0.0,201,1.0,0.004975124378109453,68.0,5.0,0.07352941176470588,1963.0,0.003056546102903719,0.8599083036169128,0.10239429444727458,0.034640855832908816,,,0.32334996494057,0.5767432237624601,0.45004659435151506,0.053088070386603084,7.914442571020204,72.01791276506896
2024-08-01,2024-8,23.0,0.0,0.0,1640.0,0.0,0.0,106,0.0,0.0,75.0,3.0,0.04,1844.0,0.012472885032537961,0.8893709327548807,0.057483731019522775,0.04067245119305857,,,0.0,0.3137483137267783,0.15687415686338915,0.012760912976956819,1.9024144628808677,25.103510360656216
2024-09-01,2024-9,6.0,0.0,0.0,1560.0,0.0,0.0,106,1.0,0.009433962264150943,70.0,3.0,0.04285714285714286,1742.0,0.003444316877152698,0.8955223880597015,0.060849598163030996,0.040183696900114814,,,0.6131447448401375,0.33615890756440536,0.4746518262022714,0.05081771899113832,7.575975461468302,75.95532160946965
2024-10-01,2024-10,15.0,0.0,0.0,1628.0,0.0,0.0,188,2.0,0.010638297872340425,77.0,4.0,0.05194805194805195,1908.0,0.007861635220125786,0.8532494758909853,0.09853249475890985,0.04035639412997904,,,0.691418542053772,0.40746534250230954,0.5494419422780408,0.08457102582745647,12.607964881929076,87.92347806890317
2024-11-01,2024-11,0.0,0.0,0.0,1469.0,0.0,0.0,142,2.0,0.014084507042253521,67.0,1.0,0.014925373134328358,1678.0,0.0,0.8754469606674613,0.08462455303933254,0.039928486293206195,,,0.9153991965218954,0.11707026631596205,0.5162347314189287,0.08213968638216843,12.245497452424532,82.60955270020044
2024-12-01,2024-12,12.0,0.0,0.0,1390.0,0.0,0.0,137,5.0,0.0364963503649635,77.0,3.0,0.03896103896103896,1616.0,0.007425742574257425,0.8601485148514851,0.08477722772277228,0.04764851485148515,,,2.372019815804911,0.30559900687673214,1.3388094113408215,0.2156546029051864,32.15008489553195,214.24061553877198
2025-01-01,2025-1,17.0,0.0,0.0,1742.0,0.0,0.0,115,1.0,0.008695652173913044,84.0,3.0,0.03571428571428571,1958.0,0.008682328907048007,0.8896833503575077,0.05873340143003064,0.04290091930541369,,,0.565159503939605,0.28013242297033775,0.4226459634549714,0.045211678489562285,6.740219230785384,67.6331751170515
2025-02-01,2025-2,5.0,0.0,0.0,1540.0,0.0,0.0,120,0.0,0.0,77.0,5.0,0.06493506493506493,1742.0,0.0028702640642939152,0.8840413318025259,0.06888633754305395,0.04420206659012629,,,0.0,0.5093316781278868,0.2546658390639434,0.022513512753069623,3.356345454986911,40.752451884182165
2025-03-01,2025-3,2.0,0.0,0.0,1835.0,0.0,0.0,138,1.0,0.007246376811594203,102.0,7.0,0.06862745098039216,2077.0,0.0009629272989889263,0.88348579682234,0.06644198363023592,0.04910929224843524,,,0.4709662532830041,0.5382936755116295,0.5046299643973169,0.057727153517207884,8.606043466513018,80.75252031841862
2025-04-01,2025-4,2.0,0.0,0.0,1709.0,0.0,0.0,115,2.0,0.017391304347826087,102.0,5.0,0.049019607843137254,1928.0,0.001037344398340249,0.8864107883817427,0.05964730290456432,0.052904564315352696,,,1.13031900787921,0.3844954825083068,0.7574072451937583,0.08776204622508116,13.083686592965833,121.2027589956401
2025-05-01,2025-5,9.0,0.0,0.0,1938.0,0.0,0.0,81,1.0,0.012345679012345678,123.0,10.0,0.08130081300813008,2151.0,0.0041841004184100415,0.900976290097629,0.03765690376569038,0.05718270571827057,,,0.8023869500377107,0.6376998246479234,0.720043387342817,0.06668080956985083,9.940866829149167,115.2236735208286
2025-06-01,2025-6,30.0,0.0,0.0,1730.0,0.0,0.0,131,3.0,0.022900763358778626,124.0,4.0,0.03225806451612903,2015.0,0.01488833746898263,0.858560794044665,0.06501240694789082,0.06153846153846154,,,1.4883971668638452,0.25302283365062767,0.8707100002572364,0.11233491822920175,16.74704415833555,139.3338326058321
2025-07-01,2025-7,11.0,0.0,0.0,1996.0,0.0,0.0,110,1.0,0.00909090909090909,121.0,7.0,0.05785123966942149,2238.0,0.004915102770330653,0.8918677390527256,0.049151027703306524,0.054066130473637175,,,0.590848572300496,0.45376822233211744,0.5223083973163067,0.05357430645899945,7.986931313649482,83.5814803766932
2025-08-01,2025-8,4.0,0.0,0.0,1938.0,0.0,0.0,40,0.0,0.0,102.0,4.0,0.0392156862745098,2084.0,0.0019193857965451055,0.9299424184261037,0.019193857965451054,0.04894433781190019,,,0.0,0.3075963860066454,0.1537981930033227,0.015055101426428902,2.2444352332388484,24.611284667310017
2025-09-01,2025-9,0.0,0.0,0.0,1777.0,0.0,0.0,16,1.0,0.0625,97.0,5.0,0.05154639175257732,1890.0,0.0,0.9402116402116402,0.008465608465608466,0.051322751322751325,,,4.06208393456591,0.4043148372767762,2.2331993859213433,0.05513856199412797,8.22013268090617,357.3637942845316
2025-10-01,2025-10,3.0,0.0,0.0,1793.0,0.0,0.0,5,0.0,0.0,116.0,5.0,0.04310344827586207,1917.0,0.001564945226917058,0.9353155972874283,0.0026082420448617634,0.0605112154407929,,,0.0,0.3380908553090284,0.1690454276545142,0.020458288584166557,3.0499498083396976,27.051196509327823
2025-11-01,2025-11,0.0,0.0,0.0,1839.0,0.0,0.0,10,0.0,0.0,113.0,6.0,0.05309734513274336,1962.0,0.0,0.9373088685015291,0.0050968399592252805,0.05759429153924567,,,0.0,0.41648006246917474,0.20824003123458737,0.0239868741381329,3.57599619730104,33.32324384157905
2025-12-01,2025-12,0.0,0.0,0.0,1764.0,0.0,0.0,6,0.0,0.0,114.0,4.0,0.03508771929824561,1884.0,0.0,0.9363057324840764,0.0031847133757961785,0.06050955414012739,,,0.0,0.27521781905857745,0.13760890952928873,0.016653307522652774,2.482697996852314,22.020623123382645
