date,ym,lao_pasaxon_body_count,lao_pasaxon_epu_count,lao_pasaxon_ratio,lao_kosmo_body_count,lao_kosmo_epu_count,lao_kosmo_ratio,lao_kpl_body_count,lao_kpl_epu_count,lao_kpl_ratio,lao_the_tian_times_body_count,lao_the_tian_times_epu_count,lao_the_tian_times_ratio,news_total,lao_pasaxon_weights,lao_kosmo_weights,lao_kpl_weights,lao_the_tian_times_weights,lao_pasaxon_z_score,lao_kosmo_z_score,lao_kpl_z_score,lao_the_tian_times_z_score,z_score_unweighted,z_score_weighted,epu_weighted,epu_unweighted,epu_inflation
2015-01-01,2015-1,0.0,0.0,0.0,0.0,0.0,0.0,103,0.0,0.0,0.0,0.0,0.0,103.0,0.0,0.0,1.0,0.0,,,,0.0,0.0,0.0,0.0,0.0,0.0
2015-02-01,2015-2,0.0,0.0,0.0,0.0,0.0,0.0,92,0.0,0.0,0.0,0.0,0.0,92.0,0.0,0.0,1.0,0.0,,,,0.0,0.0,0.0,0.0,0.0,0.0
2015-03-01,2015-3,0.0,0.0,0.0,0.0,0.0,0.0,157,0.0,0.0,0.0,0.0,0.0,157.0,0.0,0.0,1.0,0.0,,,,0.0,0.0,0.0,0.0,0.0,0.0
2015-04-01,2015-4,0.0,0.0,0.0,0.0,0.0,0.0,122,0.0,0.0,0.0,0.0,0.0,122.0,0.0,0.0,1.0,0.0,,,,0.0,0.0,0.0,0.0,0.0,0.0
2015-05-01,2015-5,0.0,0.0,0.0,0.0,0.0,0.0,159,0.0,0.0,0.0,0.0,0.0,159.0,0.0,0.0,1.0,0.0,,,,0.0,0.0,0.0,0.0,0.0,0.0
2015-06-01,2015-6,0.0,0.0,0.0,0.0,0.0,0.0,157,0.0,0.0,0.0,0.0,0.0,157.0,0.0,0.0,1.0,0.0,,,,0.0,0.0,0.0,0.0,0.0,0.0
2015-07-01,2015-7,0.0,0.0,0.0,0.0,0.0,0.0,236,0.0,0.0,0.0,0.0,0.0,236.0,0.0,0.0,1.0,0.0,,,,0.0,0.0,0.0,0.0,0.0,0.0
2015-08-01,2015-8,0.0,0.0,0.0,0.0,0.0,0.0,177,0.0,0.0,0.0,0.0,0.0,177.0,0.0,0.0,1.0,0.0,,,,0.0,0.0,0.0,0.0,0.0,0.0
2015-09-01,2015-9,0.0,0.0,0.0,0.0,0.0,0.0,211,0.0,0.0,0.0,0.0,0.0,211.0,0.0,0.0,1.0,0.0,,,,0.0,0.0,0.0,0.0,0.0,0.0
2015-10-01,2015-10,0.0,0.0,0.0,0.0,0.0,0.0,203,0.0,0.0,0.0,0.0,0.0,203.0,0.0,0.0,1.0,0.0,,,,0.0,0.0,0.0,0.0,0.0,0.0
2015-11-01,2015-11,0.0,0.0,0.0,0.0,0.0,0.0,185,0.0,0.0,0.0,0.0,0.0,185.0,0.0,0.0,1.0,0.0,,,,0.0,0.0,0.0,0.0,0.0,0.0
2015-12-01,2015-12,0.0,0.0,0.0,0.0,0.0,0.0,221,0.0,0.0,0.0,0.0,0.0,221.0,0.0,0.0,1.0,0.0,,,,0.0,0.0,0.0,0.0,0.0,0.0
2016-01-01,2016-1,0.0,0.0,0.0,0.0,0.0,0.0,182,0.0,0.0,0.0,0.0,0.0,182.0,0.0,0.0,1.0,0.0,,,,0.0,0.0,0.0,0.0,0.0,0.0
2016-02-01,2016-2,0.0,0.0,0.0,0.0,0.0,0.0,159,0.0,0.0,0.0,0.0,0.0,159.0,0.0,0.0,1.0,0.0,,,,0.0,0.0,0.0,0.0,0.0,0.0
2016-03-01,2016-3,0.0,0.0,0.0,0.0,0.0,0.0,205,0.0,0.0,0.0,0.0,0.0,205.0,0.0,0.0,1.0,0.0,,,,0.0,0.0,0.0,0.0,0.0,0.0
2016-04-01,2016-4,0.0,0.0,0.0,0.0,0.0,0.0,129,0.0,0.0,0.0,0.0,0.0,129.0,0.0,0.0,1.0,0.0,,,,0.0,0.0,0.0,0.0,0.0,0.0
2016-05-01,2016-5,0.0,0.0,0.0,0.0,0.0,0.0,215,0.0,0.0,0.0,0.0,0.0,215.0,0.0,0.0,1.0,0.0,,,,0.0,0.0,0.0,0.0,0.0,0.0
2016-06-01,2016-6,0.0,0.0,0.0,0.0,0.0,0.0,185,0.0,0.0,1.0,0.0,0.0,186.0,0.0,0.0,0.9946236559139785,0.005376344086021506,,,,0.0,0.0,0.0,0.0,0.0,0.0
2016-07-01,2016-7,0.0,0.0,0.0,0.0,0.0,0.0,190,0.0,0.0,93.0,1.0,0.010752688172043012,283.0,0.0,0.0,0.6713780918727915,0.3286219081272085,,,,0.2539103216202138,0.2539103216202138,0.08344049438402787,107.4151806816665,54.72596082793698,107.4151806816665
2016-08-01,2016-8,0.0,0.0,0.0,0.0,0.0,0.0,194,0.0,0.0,283.0,5.0,0.0176678445229682,477.0,0.0,0.0,0.40670859538784065,0.5932914046121593,,,,0.4172024719201393,0.4172024719201393,0.24752264057316442,318.642517116474,89.92074835685757,318.642517116474
2016-09-01,2016-9,0.0,0.0,0.0,0.0,0.0,0.0,190,0.0,0.0,300.0,4.0,0.013333333333333334,490.0,0.0,0.0,0.3877551020408163,0.6122448979591837,,,,0.31484879880906513,0.31484879880906513,0.19276457069942765,248.15098884009484,67.86019142664185,248.15098884009484
2016-10-01,2016-10,0.0,0.0,0.0,0.0,0.0,0.0,153,0.0,0.0,285.0,2.0,0.007017543859649123,438.0,0.0,0.0,0.3493150684931507,0.6506849315068494,,,,0.16570989411003428,0.16570989411003428,0.10782493109899492,138.80591841512154,35.715890224548346,138.80591841512154
2016-11-01,2016-11,0.0,0.0,0.0,0.0,0.0,0.0,159,0.0,0.0,195.0,6.0,0.03076923076923077,354.0,0.0,0.0,0.4491525423728814,0.5508474576271186,,,,0.7265741510978426,0.7265741510978426,0.4002315239098285,515.2287480154511,156.60044175378889,515.2287480154511
2016-12-01,2016-12,0.0,0.0,0.0,0.0,0.0,0.0,157,0.0,0.0,122.0,3.0,0.02459016393442623,279.0,0.0,0.0,0.5627240143369175,0.43727598566308246,,,,0.580663768295407,0.580663768295407,0.2539103216202138,326.8655498162539,125.15199238520013,326.8655498162539
2017-01-01,2017-1,0.0,0.0,0.0,0.0,0.0,0.0,108,0.0,0.0,56.0,2.0,0.03571428571428571,164.0,0.0,0.0,0.6585365853658537,0.34146341463414637,,,,0.8433449968099958,0.8433449968099958,0.2879714623253644,370.7133674745318,181.76836989279064,370.7133674745318
2017-02-01,2017-2,0.0,0.0,0.0,0.0,0.0,0.0,106,0.0,0.0,45.0,0.0,0.0,151.0,0.0,0.0,0.7019867549668874,0.2980132450331126,,,,0.0,0.0,0.0,0.0,0.0,0.0
2017-03-01,2017-3,0.0,0.0,0.0,0.0,0.0,0.0,133,0.0,0.0,27.0,0.0,0.0,160.0,0.0,0.0,0.83125,0.16875,,,,0.0,0.0,0.0,0.0,0.0,0.0
2017-04-01,2017-4,0.0,0.0,0.0,0.0,0.0,0.0,96,0.0,0.0,22.0,0.0,0.0,118.0,0.0,0.0,0.8135593220338984,0.1864406779661017,,,,0.0,0.0,0.0,0.0,0.0,0.0
2017-05-01,2017-5,0.0,0.0,0.0,0.0,0.0,0.0,160,0.0,0.0,45.0,0.0,0.0,205.0,0.0,0.0,0.7804878048780488,0.21951219512195122,,,,0.0,0.0,0.0,0.0,0.0,0.0
2017-06-01,2017-6,0.0,0.0,0.0,0.0,0.0,0.0,127,0.0,0.0,35.0,1.0,0.02857142857142857,162.0,0.0,0.0,0.7839506172839507,0.21604938271604937,,,,0.6746759974479967,0.6746759974479967,0.1457633327819746,187.6450378574791,145.41469591423254,187.6450378574791
2017-07-01,2017-7,0.0,0.0,0.0,0.0,0.0,0.0,149,0.0,0.0,17.0,0.0,0.0,166.0,0.0,0.0,0.8975903614457831,0.10240963855421686,,,,0.0,0.0,0.0,0.0,0.0,0.0
2017-08-01,2017-8,0.0,0.0,0.0,0.0,0.0,0.0,145,0.0,0.0,5.0,0.0,0.0,150.0,0.0,0.0,0.9666666666666667,0.03333333333333333,,,,0.0,0.0,0.0,0.0,0.0,0.0
2017-09-01,2017-9,0.0,0.0,0.0,0.0,0.0,0.0,111,0.0,0.0,16.0,0.0,0.0,127.0,0.0,0.0,0.8740157480314961,0.12598425196850394,,,,0.0,0.0,0.0,0.0,0.0,0.0
2017-10-01,2017-10,0.0,0.0,0.0,0.0,0.0,0.0,146,0.0,0.0,22.0,1.0,0.045454545454545456,168.0,0.0,0.0,0.8690476190476191,0.13095238095238096,,,,1.0733481777581766,1.0733481777581766,0.14055749946833265,180.94342936256913,231.3415616817336,180.94342936256913
2017-11-01,2017-11,0.0,0.0,0.0,0.0,0.0,0.0,195,0.0,0.0,38.0,1.0,0.02631578947368421,233.0,0.0,0.0,0.8369098712446352,0.1630901287553648,,,,0.6214121029126285,0.6214121029126285,0.10134617987416258,130.46564863910564,133.93458834205626,130.46564863910564
2017-12-01,2017-12,0.0,0.0,0.0,0.0,0.0,0.0,156,0.0,0.0,34.0,1.0,0.029411764705882353,190.0,0.0,0.0,0.8210526315789474,0.17894736842105263,,,,0.6945194091376437,0.6945194091376437,0.12428242058252571,159.99208491006112,149.69159873523938,159.99208491006112
2018-01-01,2018-1,0.0,0.0,0.0,0.0,0.0,0.0,145,0.0,0.0,41.0,1.0,0.024390243902439025,186.0,0.0,0.0,0.7795698924731183,0.22043010752688172,,,,0.5759429246507289,0.5759429246507289,0.1269551608101069,163.43277490812696,124.13449651214974,163.43277490812696
2018-02-01,2018-2,0.0,0.0,0.0,0.0,0.0,0.0,168,0.0,0.0,28.0,0.0,0.0,196.0,0.0,0.0,0.8571428571428571,0.14285714285714285,,,,0.0,0.0,0.0,0.0,0.0,0.0
2018-03-01,2018-3,0.0,0.0,0.0,0.0,0.0,0.0,221,0.0,0.0,30.0,1.0,0.03333333333333333,251.0,0.0,0.0,0.8804780876494024,0.11952191235059761,,,,0.7871219970226627,0.7871219970226627,0.09407832633737005,121.10954634626141,169.6504785666046,121.10954634626141
2018-04-01,2018-4,0.0,0.0,0.0,0.0,0.0,0.0,129,0.0,0.0,21.0,1.0,0.047619047619047616,150.0,0.0,0.0,0.86,0.14,,,,1.124459995746661,1.124459995746661,0.15742439940453257,202.65664088607744,242.35782652372086,202.65664088607744
2018-05-01,2018-5,0.0,0.0,0.0,0.0,0.0,0.0,197,0.0,0.0,34.0,1.0,0.029411764705882353,231.0,0.0,0.0,0.8528138528138528,0.1471861471861472,,,,0.6945194091376437,0.6945194091376437,0.10222363597696921,131.59522135459574,149.69159873523938,131.59522135459574
2018-06-01,2018-6,0.0,0.0,0.0,0.0,0.0,0.0,256,0.0,0.0,24.0,0.0,0.0,280.0,0.0,0.0,0.9142857142857143,0.08571428571428572,,,,0.0,0.0,0.0,0.0,0.0,0.0
2018-07-01,2018-7,0.0,0.0,0.0,0.0,0.0,0.0,232,0.0,0.0,34.0,1.0,0.029411764705882353,266.0,0.0,0.0,0.8721804511278195,0.12781954887218044,,,,0.6945194091376437,0.6945194091376437,0.08877315755894692,114.28006065004365,149.69159873523938,114.28006065004365
2018-08-01,2018-8,0.0,0.0,0.0,0.0,0.0,0.0,219,0.0,0.0,12.0,1.0,0.08333333333333333,231.0,0.0,0.0,0.948051948051948,0.05194805194805195,,,,1.967804992556657,1.967804992556657,0.1022236359769692,131.59522135459574,424.12619641651156,131.59522135459574
2018-09-01,2018-9,0.0,0.0,0.0,0.0,0.0,0.0,168,0.0,0.0,21.0,0.0,0.0,189.0,0.0,0.0,0.8888888888888888,0.1111111111111111,,,,0.0,0.0,0.0,0.0,0.0,0.0
2018-10-01,2018-10,0.0,0.0,0.0,0.0,0.0,0.0,194,0.0,0.0,12.0,1.0,0.08333333333333333,206.0,0.0,0.0,0.941747572815534,0.05825242718446602,,,,1.967804992556657,1.967804992556657,0.11462941704213536,147.5655152083088,424.12619641651156,147.5655152083088
2018-11-01,2018-11,0.0,0.0,0.0,0.0,0.0,0.0,222,0.0,0.0,14.0,0.0,0.0,236.0,0.0,0.0,0.940677966101695,0.059322033898305086,,,,0.0,0.0,0.0,0.0,0.0,0.0
2018-12-01,2018-12,0.0,0.0,0.0,0.0,0.0,0.0,170,0.0,0.0,7.0,2.0,0.2857142857142857,177.0,0.0,0.0,0.96045197740113,0.03954802259887006,,,,6.746759974479966,6.746759974479966,0.26682101593988566,343.48583201030067,1454.1469591423252,343.48583201030067
2019-01-01,2019-1,0.0,0.0,0.0,0.0,0.0,0.0,86,0.0,0.0,12.0,0.0,0.0,98.0,0.0,0.0,0.8775510204081632,0.12244897959183673,,,,0.0,0.0,0.0,0.0,0.0,0.0
2019-02-01,2019-2,0.0,0.0,0.0,0.0,0.0,0.0,96,0.0,0.0,13.0,1.0,0.07692307692307693,109.0,0.0,0.0,0.8807339449541285,0.11926605504587157,,,,1.8164353777446065,1.8164353777446065,0.21663908174935675,278.88528562304236,391.5011043844722,278.88528562304236
2019-03-01,2019-3,0.0,0.0,0.0,0.0,0.0,0.0,36,0.0,0.0,13.0,0.0,0.0,49.0,0.0,0.0,0.7346938775510204,0.2653061224489796,,,,0.0,0.0,0.0,0.0,0.0,0.0
2019-04-01,2019-4,0.0,0.0,0.0,0.0,0.0,0.0,29,0.0,0.0,8.0,0.0,0.0,37.0,0.0,0.0,0.7837837837837838,0.21621621621621623,,,,0.0,0.0,0.0,0.0,0.0,0.0
2019-05-01,2019-5,0.0,0.0,0.0,0.0,0.0,0.0,95,0.0,0.0,4.0,0.0,0.0,99.0,0.0,0.0,0.9595959595959596,0.04040404040404041,,,,0.0,0.0,0.0,0.0,0.0,0.0
2019-06-01,2019-6,0.0,0.0,0.0,0.0,0.0,0.0,86,0.0,0.0,5.0,0.0,0.0,91.0,0.0,0.0,0.945054945054945,0.054945054945054944,,,,0.0,0.0,0.0,0.0,0.0,0.0
2019-07-01,2019-7,0.0,0.0,0.0,0.0,0.0,0.0,85,0.0,0.0,25.0,1.0,0.04,110.0,0.0,0.0,0.7727272727272727,0.22727272727272727,,,,0.9445463964271954,0.9445463964271954,0.21466963555163532,276.349964844651,203.58057427992554,276.349964844651
2019-08-01,2019-8,0.0,0.0,0.0,0.0,0.0,0.0,109,0.0,0.0,29.0,1.0,0.034482758620689655,138.0,0.0,0.0,0.7898550724637681,0.21014492753623187,,,,0.8142641348510304,0.8142641348510304,0.17111347761362233,220.27895748486674,175.50049506890133,220.27895748486674
2019-09-01,2019-9,0.0,0.0,0.0,0.0,0.0,0.0,85,0.0,0.0,17.0,0.0,0.0,102.0,0.0,0.0,0.8333333333333334,0.16666666666666666,,,,0.0,0.0,0.0,0.0,0.0,0.0
2019-10-01,2019-10,0.0,0.0,0.0,0.0,0.0,0.0,91,0.0,0.0,12.0,0.0,0.0,103.0,0.0,0.0,0.883495145631068,0.11650485436893204,,,,0.0,0.0,0.0,0.0,0.0,0.0
2019-11-01,2019-11,0.0,0.0,0.0,0.0,0.0,0.0,142,0.0,0.0,25.0,1.0,0.04,167.0,0.0,0.0,0.8502994011976048,0.1497005988023952,,,,0.9445463964271954,0.9445463964271954,0.1413991611417957,182.02692295156655,203.58057427992554,182.02692295156655
2019-12-01,2019-12,0.0,0.0,0.0,0.0,0.0,0.0,125,0.0,0.0,18.0,3.0,0.16666666666666666,143.0,0.0,0.0,0.8741258741258742,0.1258741258741259,,,,3.935609985113314,3.935609985113314,0.49539146665761996,637.7306881030408,848.2523928330231,637.7306881030408
2020-01-01,2020-1,0.0,0.0,0.0,0.0,0.0,0.0,101,0.0,0.0,14.0,0.0,0.0,115.0,0.0,0.0,0.8782608695652174,0.12173913043478261,,,,0.0,0.0,0.0,0.0,0.0,0.0
2020-02-01,2020-2,0.0,0.0,0.0,0.0,0.0,0.0,67,0.0,0.0,26.0,0.0,0.0,93.0,0.0,0.0,0.7204301075268817,0.27956989247311825,,,,0.0,0.0,0.0,0.0,0.0,0.0
2020-03-01,2020-3,0.0,0.0,0.0,0.0,0.0,0.0,60,0.0,0.0,41.0,1.0,0.024390243902439025,101.0,0.0,0.0,0.594059405940594,0.40594059405940597,,,,0.5759429246507289,0.5759429246507289,0.23379861297702859,300.9752092367487,124.13449651214974,300.9752092367487
2020-04-01,2020-4,0.0,0.0,0.0,0.0,0.0,0.0,34,0.0,0.0,54.0,1.0,0.018518518518518517,88.0,0.0,0.0,0.38636363636363635,0.6136363636363636,,,,0.43728999834592375,0.43728999834592375,0.26833704443954415,345.4374560558138,94.2502658703359,345.4374560558138
2020-05-01,2020-5,0.0,0.0,0.0,0.0,0.0,0.0,45,0.0,0.0,27.0,2.0,0.07407407407407407,72.0,0.0,0.0,0.625,0.375,,,,1.749159993383695,1.749159993383695,0.6559349975188856,844.4026703586559,377.0010634813436,844.4026703586559
2020-06-01,2020-6,0.0,0.0,0.0,0.0,0.0,0.0,79,0.0,0.0,31.0,0.0,0.0,110.0,0.0,0.0,0.7181818181818181,0.2818181818181818,,,,0.0,0.0,0.0,0.0,0.0,0.0
2020-07-01,2020-7,0.0,0.0,0.0,487.0,0.0,0.0,70,0.0,0.0,32.0,1.0,0.03125,589.0,0.0,0.8268251273344652,0.11884550084889643,0.05432937181663837,,,,0.7379268722087463,0.7379268722087463,0.040091103413717966,51.61034997098746,159.04732365619182,51.61034997098746
2020-08-01,2020-8,0.0,0.0,0.0,1040.0,0.0,0.0,64,0.0,0.0,41.0,0.0,0.0,1145.0,0.0,0.9082969432314411,0.05589519650655022,0.03580786026200873,,,,0.0,0.0,0.0,0.0,0.0,0.0
2020-09-01,2020-9,0.0,0.0,0.0,1018.0,0.0,0.0,82,0.0,0.0,49.0,0.0,0.0,1149.0,0.0,0.8859878154917319,0.07136640557006092,0.04264577893820714,,,,0.0,0.0,0.0,0.0,0.0,0.0
2020-10-01,2020-10,0.0,0.0,0.0,1281.0,0.0,0.0,73,0.0,0.0,54.0,0.0,0.0,1408.0,0.0,0.9098011363636364,0.05184659090909091,0.03835227272727273,,,,0.0,0.0,0.0,0.0,0.0,0.0
2020-11-01,2020-11,0.0,0.0,0.0,1235.0,0.0,0.0,148,0.0,0.0,38.0,0.0,0.0,1421.0,0.0,0.8691062631949331,0.10415200562983815,0.02674173117522871,,,,0.0,0.0,0.0,0.0,0.0,0.0
2020-12-01,2020-12,0.0,0.0,0.0,1260.0,0.0,0.0,95,0.0,0.0,45.0,1.0,0.022222222222222223,1400.0,0.0,0.9,0.06785714285714285,0.03214285714285714,,,,0.5247479980151085,0.5247479980151085,0.016866899936199914,21.713211523508292,113.10031904440308,21.713211523508292
2021-01-01,2021-1,0.0,0.0,0.0,1432.0,0.0,0.0,121,0.0,0.0,46.0,2.0,0.043478260869565216,1599.0,0.0,0.8955597248280175,0.07567229518449031,0.028767979987492184,,,,1.0266808656817341,1.0266808656817341,0.029535534597473278,38.02188384354174,221.28323291296255,38.02188384354174
2021-02-01,2021-2,0.0,0.0,0.0,1181.0,0.0,0.0,118,0.0,0.0,56.0,0.0,0.0,1355.0,0.0,0.8715867158671586,0.08708487084870849,0.041328413284132844,,,,0.0,0.0,0.0,0.0,0.0,0.0
2021-03-01,2021-3,0.0,0.0,0.0,1231.0,0.0,0.0,146,0.0,0.0,69.0,4.0,0.057971014492753624,1446.0,0.0,0.851313969571231,0.10096818810511757,0.04771784232365145,,,,1.368907820908979,1.368907820908979,0.06532132755374795,84.08989248384955,295.04431055061673,84.08989248384955
2021-04-01,2021-4,0.0,0.0,0.0,1168.0,0.0,0.0,80,0.0,0.0,69.0,2.0,0.028985507246376812,1317.0,0.0,0.8868640850417616,0.060744115413819286,0.05239179954441914,,,,0.6844539104544894,0.6844539104544894,0.03585977207392542,46.16324393760307,147.52215527530836,46.16324393760307
2021-05-01,2021-5,0.0,0.0,0.0,1387.0,0.0,0.0,35,0.0,0.0,94.0,1.0,0.010638297872340425,1516.0,0.0,0.9149076517150396,0.02308707124010554,0.06200527704485488,,,,0.2512091479859562,0.2512091479859562,0.015576292817071164,20.051778451788664,54.14376975529935,20.051778451788664
2021-06-01,2021-6,0.0,0.0,0.0,1458.0,0.0,0.0,65,0.0,0.0,104.0,2.0,0.019230769230769232,1627.0,0.0,0.8961278426551936,0.03995082974800246,0.06392132759680394,,,,0.4541088444361516,0.4541088444361516,0.029027240209809325,37.36754288003886,97.87527609611806,37.36754288003886
2021-07-01,2021-7,0.0,0.0,0.0,1604.0,0.0,0.0,104,0.0,0.0,111.0,2.0,0.018018018018018018,1819.0,0.0,0.8818031885651457,0.057174271577789995,0.06102253985706432,,,,0.42547134974197987,0.42547134974197987,0.02596334239766892,33.423305258836294,91.70296138735384,33.423305258836294
2021-08-01,2021-8,0.0,0.0,0.0,1678.0,0.0,0.0,140,0.0,0.0,102.0,3.0,0.029411764705882353,1920.0,0.0,0.8739583333333333,0.07291666666666667,0.053125,,,,0.6945194091376437,0.6945194091376437,0.03689634361043732,47.4976502076744,149.69159873523938,47.4976502076744
2021-09-01,2021-9,0.0,0.0,0.0,1857.0,0.0,0.0,67,0.0,0.0,120.0,2.0,0.016666666666666666,2044.0,0.0,0.9085127201565558,0.03277886497064579,0.05870841487279843,,,,0.39356099851133136,0.39356099851133136,0.02310534237835605,29.744125374668894,84.8252392833023,29.744125374668894
2021-10-01,2021-10,0.0,0.0,0.0,1641.0,0.0,0.0,70,0.0,0.0,104.0,3.0,0.028846153846153848,1815.0,0.0,0.9041322314049587,0.03856749311294766,0.05730027548209366,,,,0.6811632666542274,0.6811632666542274,0.03903084282757006,50.245448153572916,146.81291414417709,50.245448153572916
2021-11-01,2021-11,0.0,0.0,0.0,1546.0,0.0,0.0,163,0.0,0.0,117.0,3.0,0.02564102564102564,1826.0,0.0,0.8466593647316539,0.08926615553121577,0.06407447973713033,,,,0.6054784592482021,0.6054784592482021,0.03879571726836782,49.942764730961024,130.5003681281574,49.942764730961024
2021-12-01,2021-12,0.0,0.0,0.0,1562.0,0.0,0.0,130,0.0,0.0,92.0,0.0,0.0,1784.0,0.0,0.875560538116592,0.07286995515695067,0.0515695067264574,,,,0.0,0.0,0.0,0.0,0.0,0.0
2022-01-01,2022-1,0.0,0.0,0.0,1605.0,0.0,0.0,86,0.0,0.0,98.0,1.0,0.01020408163265306,1789.0,0.0,0.8971492453884852,0.048071548351034096,0.05477920626048072,,,,0.2409557133742845,0.2409557133742845,0.013199362722571203,16.991892751767253,51.933819969368756,16.991892751767253
2022-02-01,2022-2,0.0,0.0,0.0,1375.0,0.0,0.0,113,0.0,0.0,89.0,1.0,0.011235955056179775,1577.0,0.0,0.8719086873811034,0.07165504121750159,0.05643627140139505,,,,0.2653220214683133,0.2653220214683133,0.014973785612352493,19.2761548084411,57.185554573012794,19.2761548084411
2022-03-01,2022-3,0.0,0.0,0.0,1501.0,0.0,0.0,77,0.0,0.0,129.0,0.0,0.0,1707.0,0.0,0.8793204452255419,0.04510837727006444,0.07557117750439367,,,,0.0,0.0,0.0,0.0,0.0,0.0
2022-04-01,2022-4,0.0,0.0,0.0,1480.0,0.0,0.0,61,0.0,0.0,108.0,1.0,0.009259259259259259,1649.0,0.0,0.897513644633111,0.03699211643420255,0.06549423893268648,,,,0.21864499917296187,0.21864499917296187,0.014319987817271002,18.4345034159561,47.12513293516795,18.4345034159561
2022-05-01,2022-5,0.0,0.0,0.0,1334.0,0.0,0.0,54,0.0,0.0,129.0,5.0,0.03875968992248062,1517.0,0.0,0.8793671720500988,0.035596572181938034,0.08503625576796309,,,,0.9152581360728637,0.9152581360728637,0.0778301249528012,100.19280202014374,197.26799833326118,100.19280202014374
2022-06-01,2022-6,0.0,0.0,0.0,1345.0,0.0,0.0,135,0.0,0.0,98.0,1.0,0.01020408163265306,1578.0,0.0,0.8523447401774398,0.08555133079847908,0.062103929024081114,,,,0.2409557133742845,0.2409557133742845,0.014964296521343397,19.26393924772599,51.933819969368756,19.26393924772599
2022-07-01,2022-7,0.0,0.0,0.0,1618.0,0.0,0.0,86,0.0,0.0,127.0,1.0,0.007874015748031496,1831.0,0.0,0.8836701256144184,0.04696886947023485,0.0693610049153468,,,,0.18593433000535342,0.18593433000535342,0.012896591977433033,16.602127871606562,40.07491619683574,16.602127871606562
2022-08-01,2022-8,0.0,0.0,0.0,1663.0,0.0,0.0,89,0.0,0.0,131.0,1.0,0.007633587786259542,1883.0,0.0,0.8831651619755709,0.04726500265533723,0.06956983536909188,,,,0.18025694588305255,0.18025694588305255,0.01254044604921927,16.14365169034074,38.851254633573575,16.14365169034074
2022-09-01,2022-9,0.0,0.0,0.0,1474.0,0.0,0.0,84,0.0,0.0,146.0,3.0,0.02054794520547945,1704.0,0.0,0.8650234741784038,0.04929577464788732,0.08568075117370892,,,,0.48521218994547705,0.48521218994547705,0.04157334491316881,53.518479107238754,104.57906213009873,53.518479107238754
2022-10-01,2022-10,0.0,0.0,0.0,1398.0,0.0,0.0,61,0.0,0.0,121.0,0.0,0.0,1580.0,0.0,0.8848101265822785,0.03860759493670886,0.07658227848101266,,,,0.0,0.0,0.0,0.0,0.0,0.0
2022-11-01,2022-11,0.0,0.0,0.0,1469.0,0.0,0.0,68,0.0,0.0,133.0,0.0,0.0,1670.0,0.0,0.8796407185628743,0.0407185628742515,0.07964071856287425,,,,0.0,0.0,0.0,0.0,0.0,0.0
2022-12-01,2022-12,0.0,0.0,0.0,1623.0,0.0,0.0,98,0.0,0.0,130.0,2.0,0.015384615384615385,1851.0,0.0,0.8768233387358185,0.05294435440302539,0.07023230686115613,,,,0.3632870755489213,0.3632870755489213,0.02551448936864385,32.845484746527944,78.30022087689444,32.845484746527944
2023-01-01,2023-1,0.0,0.0,0.0,1788.0,0.0,0.0,67,0.0,0.0,148.0,1.0,0.006756756756756757,2003.0,0.0,0.8926610084872691,0.03344982526210684,0.07388916625062407,,,,0.15955175615324246,0.15955175615324246,0.011789146235985964,15.176483341443642,34.38861052025769,15.176483341443642
2023-02-01,2023-2,0.0,0.0,0.0,1660.0,0.0,0.0,59,0.0,0.0,175.0,3.0,0.017142857142857144,1894.0,0.0,0.8764519535374868,0.031151003167898626,0.09239704329461457,,,,0.40480559846879804,0.40480559846879804,0.03740284040762389,48.14967708486528,87.24881754853952,48.14967708486528
2023-03-01,2023-3,0.0,0.0,0.0,1747.0,0.0,0.0,61,0.0,0.0,208.0,4.0,0.019230769230769232,2016.0,0.0,0.8665674603174603,0.030257936507936508,0.10317460317460317,,,,0.4541088444361516,0.4541088444361516,0.046852499822777546,60.31447645418971,97.87527609611806,60.31447645418971
2023-04-01,2023-4,0.0,0.0,0.0,1547.0,0.0,0.0,25,0.0,0.0,117.0,3.0,0.02564102564102564,1689.0,0.0,0.9159265837773831,0.014801657785671996,0.06927175843694494,,,,0.6054784592482021,0.6054784592482021,0.041942557567815064,53.99377643501174,130.5003681281574,53.99377643501174
2023-05-01,2023-5,0.0,0.0,0.0,1839.0,0.0,0.0,66,0.0,0.0,190.0,3.0,0.015789473684210527,2095.0,0.0,0.8778042959427208,0.031503579952267304,0.09069212410501193,,,,0.3728472617475771,0.3728472617475771,0.03381431013462513,43.53006606144861,80.36075300523376,43.53006606144861
2023-06-01,2023-6,0.0,0.0,0.0,1701.0,0.0,0.0,53,0.0,0.0,167.0,5.0,0.029940119760479042,1921.0,0.0,0.8854763144195731,0.027589796980739198,0.08693388859968766,,,,0.7069958057089786,0.7069958057089786,0.06146189461395077,79.12154121007708,152.38066937120175,79.12154121007708
2023-07-01,2023-7,0.0,0.0,0.0,1839.0,0.0,0.0,85,0.0,0.0,147.0,4.0,0.027210884353741496,2071.0,0.0,0.8879768227909223,0.04104297440849831,0.07098020280057943,,,,0.6425485689980921,0.6425485689980921,0.04560822773670668,58.71269171011418,138.49018658498338,58.71269171011418
2023-08-01,2023-8,0.0,0.0,0.0,1607.0,0.0,0.0,61,0.0,0.0,145.0,6.0,0.041379310344827586,1813.0,0.0,0.8863761720904578,0.03364589078874793,0.07997793712079426,,,,0.9771169618212365,0.9771169618212365,0.07814779893220038,100.60175223247086,210.6005940826816,100.60175223247086
2023-09-01,2023-9,81.0,0.0,0.0,1533.0,0.0,0.0,66,0.0,0.0,138.0,8.0,0.057971014492753624,1818.0,0.04455445544554455,0.8432343234323433,0.036303630363036306,0.07590759075907591,,,,1.368907820908979,1.368907820908979,0.10391049465645714,133.76675966077718,295.04431055061673,133.76675966077718
2023-10-01,2023-10,315.0,0.0,0.0,1674.0,0.0,0.0,105,0.0,0.0,85.0,3.0,0.03529411764705882,2179.0,0.1445617255621845,0.768242312987609,0.048187241854061494,0.03900871959614502,,,,0.8334232909651723,0.8334232909651723,0.03251077546215679,41.85199100446757,179.62991848228722,41.85199100446757
2023-11-01,2023-11,252.0,0.0,0.0,1728.0,0.0,0.0,118,0.0,0.0,88.0,3.0,0.03409090909090909,2186.0,0.11527904849039342,0.7904849039341263,0.053979871912168347,0.04025617566331199,,,,0.8050111333186324,0.8050111333186324,0.03240666959379673,41.717972735011365,173.50617126130018,41.717972735011365
2023-12-01,2023-12,140.0,0.0,0.0,1536.0,0.0,0.0,86,0.0,0.0,79.0,3.0,0.0379746835443038,1841.0,0.07604562737642585,0.8343291689299294,0.046713742531233025,0.042911461162411735,,,,0.8967212624308817,0.8967212624308817,0.0384796196263116,49.53584377986684,193.27269710119515,49.53584377986684
2024-01-01,2024-1,101.0,0.0,0.0,1677.0,0.0,0.0,152,0.0,0.0,73.0,0.0,0.0,2003.0,0.050424363454817774,0.8372441337993011,0.07588617074388418,0.036445332001997004,,,,0.0,0.0,0.0,0.0,0.0,0.0
2024-02-01,2024-2,73.0,0.0,0.0,1399.0,0.0,0.0,127,0.0,0.0,72.0,2.0,0.027777777777777776,1671.0,0.043686415320167565,0.8372232196289647,0.07600239377618193,0.04308797127468582,,,,0.6559349975188856,0.6559349975188856,0.028262908331154857,36.383598004681765,141.37539880550383,36.383598004681765
2024-03-01,2024-3,50.0,0.0,0.0,1529.0,0.0,0.0,78,0.0,0.0,70.0,0.0,0.0,1727.0,0.02895193977996526,0.8853503184713376,0.0451650260567458,0.04053271569195136,,,,0.0,0.0,0.0,0.0,0.0,0.0
2024-04-01,2024-4,15.0,0.0,0.0,1474.0,0.0,0.0,78,0.0,0.0,53.0,3.0,0.05660377358490566,1620.0,0.009259259259259259,0.9098765432098765,0.04814814814814815,0.03271604938271605,,,,1.3366222590950878,1.3366222590950878,0.04372899983459238,56.29351135724373,288.08571832064933,56.29351135724373
2024-05-01,2024-5,62.0,0.0,0.0,1578.0,0.0,0.0,99,0.0,0.0,62.0,5.0,0.08064516129032258,1801.0,0.034425319267073845,0.8761799000555247,0.054969461410327596,0.034425319267073845,,,,1.9043274121516034,1.9043274121516034,0.06555707915235946,84.39338182374128,410.4447062095273,84.39338182374128
2024-06-01,2024-6,3.0,0.0,0.0,1482.0,0.0,0.0,132,0.0,0.0,37.0,1.0,0.02702702702702703,1654.0,0.0018137847642079807,0.8960096735187424,0.07980652962515115,0.022370012091898428,,,,0.6382070246129699,0.6382070246129699,0.014276698857726653,18.37877638023677,137.55444208103077,18.37877638023677
2024-07-01,2024-7,6.0,0.0,0.0,1688.0,0.0,0.0,201,0.0,0.0,68.0,2.0,0.029411764705882353,1963.0,0.003056546102903719,0.8599083036169128,0.10239429444727458,0.034640855832908816,,,,0.6945194091376437,0.6945194091376437,0.02405874672509413,30.971468296394924,149.69159873523938,30.971468296394924
2024-08-01,2024-8,23.0,0.0,0.0,1640.0,0.0,0.0,106,0.0,0.0,75.0,2.0,0.02666666666666667,1844.0,0.012472885032537961,0.8893709327548807,0.057483731019522775,0.04067245119305857,,,,0.6296975976181303,0.6296975976181303,0.025611344805509636,32.970169341552726,135.7203828532837,32.970169341552726
2024-09-01,2024-9,6.0,0.0,0.0,1560.0,0.0,0.0,106,0.0,0.0,70.0,3.0,0.04285714285714286,1742.0,0.003444316877152698,0.8955223880597015,0.060849598163030996,0.040183696900114814,,,,1.012013996171995,1.012013996171995,0.0406664636808494,52.351026635324246,218.12204387134878,52.351026635324246
2024-10-01,2024-10,15.0,0.0,0.0,1628.0,0.0,0.0,188,0.0,0.0,77.0,3.0,0.03896103896103896,1908.0,0.007861635220125786,0.8532494758909853,0.09853249475890985,0.04035639412997904,,,,0.9200127237927227,0.9200127237927227,0.03712839608597466,47.79637756747109,198.29276715577163,47.79637756747109
2024-11-01,2024-11,0.0,0.0,0.0,1469.0,0.0,0.0,142,0.0,0.0,67.0,0.0,0.0,1678.0,0.0,0.8754469606674613,0.08462455303933254,0.039928486293206195,,,,0.0,0.0,0.0,0.0,0.0,0.0
2024-12-01,2024-12,12.0,0.0,0.0,1390.0,0.0,0.0,137,0.0,0.0,77.0,2.0,0.025974025974025976,1616.0,0.007425742574257425,0.8601485148514851,0.08477722772277228,0.04764851485148515,,,,0.6133418158618152,0.6133418158618152,0.029224826622128573,37.62190115459359,132.19517810384778,37.62190115459359
2025-01-01,2025-1,17.0,0.0,0.0,1742.0,0.0,0.0,115,0.0,0.0,84.0,2.0,0.023809523809523808,1958.0,0.008682328907048007,0.8896833503575077,0.05873340143003064,0.04290091930541369,,,,0.5622299978733305,0.5622299978733305,0.024120183769846662,31.0505578477136,121.17891326186043,31.0505578477136
2025-02-01,2025-2,5.0,0.0,0.0,1540.0,0.0,0.0,120,0.0,0.0,77.0,1.0,0.012987012987012988,1742.0,0.0028702640642939152,0.8840413318025259,0.06888633754305395,0.04420206659012629,,,,0.3066709079309076,0.3066709079309076,0.013555487893616469,17.450342211774753,66.09758905192389,17.450342211774753
2025-03-01,2025-3,2.0,0.0,0.0,1835.0,0.0,0.0,138,0.0,0.0,102.0,4.0,0.0392156862745098,2077.0,0.0009629272989889263,0.88348579682234,0.06644198363023592,0.04910929224843524,,,,0.9260258788501915,0.9260258788501915,0.045476475514068145,58.543083549179805,199.5887983136525,58.543083549179805
2025-04-01,2025-4,2.0,0.0,0.0,1709.0,0.0,0.0,115,0.0,0.0,102.0,4.0,0.0392156862745098,1928.0,0.001037344398340249,0.8864107883817427,0.05964730290456432,0.052904564315352696,,,,0.9260258788501915,0.9260258788501915,0.04899099566531096,63.067419362887165,199.5887983136525,63.067419362887165
2025-05-01,2025-5,9.0,0.0,0.0,1938.0,0.0,0.0,81,0.0,0.0,123.0,7.0,0.056910569105691054,2151.0,0.0041841004184100415,0.900976290097629,0.03765690376569038,0.05718270571827057,,,,1.343866824185034,1.343866824185034,0.07684594113191966,98.92583585791785,289.64715852834934,98.92583585791785
2025-06-01,2025-6,30.0,0.0,0.0,1730.0,0.0,0.0,131,0.0,0.0,124.0,2.0,0.016129032258064516,2015.0,0.01488833746898263,0.858560794044665,0.06501240694789082,0.06153846153846154,,,,0.3808654824303207,0.3808654824303207,0.02343787584186589,30.172204598423438,82.08894124190546,30.172204598423438
2025-07-01,2025-7,11.0,0.0,0.0,1996.0,0.0,0.0,110,0.0,0.0,121.0,4.0,0.03305785123966942,2238.0,0.004915102770330653,0.8918677390527256,0.049151027703306524,0.054066130473637175,,,,0.7806168565514011,0.7806168565514011,0.042204932816228564,54.3315391115489,168.24840849580625,54.3315391115489
2025-08-01,2025-8,4.0,0.0,0.0,1938.0,0.0,0.0,40,0.0,0.0,102.0,2.0,0.0196078431372549,2084.0,0.0019193857965451055,0.9299424184261037,0.019193857965451054,0.04894433781190019,,,,0.46301293942509575,0.46301293942509575,0.022661861718502766,29.17322085692093,99.79439915682624,29.17322085692093
2025-09-01,2025-9,0.0,0.0,0.0,1777.0,0.0,0.0,16,0.0,0.0,97.0,0.0,0.0,1890.0,0.0,0.9402116402116402,0.008465608465608466,0.051322751322751325,,,,0.0,0.0,0.0,0.0,0.0,0.0
2025-10-01,2025-10,3.0,0.0,0.0,1793.0,0.0,0.0,5,0.0,0.0,116.0,3.0,0.02586206896551724,1917.0,0.001564945226917058,0.9353155972874283,0.0026082420448617634,0.0605112154407929,,,,0.6106981011382728,0.6106981011382728,0.03695408436726116,47.57198142865666,131.62537130167598,47.57198142865666
2025-11-01,2025-11,0.0,0.0,0.0,1839.0,0.0,0.0,10,0.0,0.0,113.0,2.0,0.017699115044247787,1962.0,0.0,0.9373088685015291,0.0050968399592252805,0.05759429153924567,,,,0.4179408833748652,0.4179408833748652,0.024071009083261857,30.98725395811581,90.07990012386085,30.98725395811581
2025-12-01,2025-12,0.0,0.0,0.0,1764.0,0.0,0.0,6,0.0,0.0,114.0,4.0,0.03508771929824561,1884.0,0.0,0.9363057324840764,0.0031847133757961785,0.06050955414012739,,,,0.8285494705501714,0.8285494705501714,0.05013515904602948,64.54033149238134,178.57945112274172,64.54033149238134
