date,ym,cambodia_khmer_times_body_count,cambodia_khmer_times_epu_count,cambodia_khmer_times_ratio,cambodia_kampuchea_thmey_daily_body_count,cambodia_kampuchea_thmey_daily_epu_count,cambodia_kampuchea_thmey_daily_ratio,news_total,cambodia_khmer_times_weights,cambodia_kampuchea_thmey_daily_weights,cambodia_khmer_times_z_score,cambodia_kampuchea_thmey_daily_z_score,z_score_unweighted,z_score_weighted,epu_weighted,epu_unweighted,epu_job
2017-07-01,2017-7,0.0,0.0,0.0,7.0,0.0,0.0,7.0,0.0,1.0,0.0,,0.0,0.0,0.0,0.0,0.0
2017-08-01,0,0.0,0.0,0.0,0.0,0.0,0.0,0.0,,,0.0,,0.0,,,0.0,
2017-09-01,0,0.0,0.0,0.0,0.0,0.0,0.0,0.0,,,0.0,,0.0,,,0.0,
2017-10-01,0,0.0,0.0,0.0,0.0,0.0,0.0,0.0,,,0.0,,0.0,,,0.0,
2017-11-01,0,0.0,0.0,0.0,0.0,0.0,0.0,0.0,,,0.0,,0.0,,,0.0,
2017-12-01,0,0.0,0.0,0.0,0.0,0.0,0.0,0.0,,,0.0,,0.0,,,0.0,
2018-01-01,0,0.0,0.0,0.0,0.0,0.0,0.0,0.0,,,0.0,,0.0,,,0.0,
2018-02-01,0,0.0,0.0,0.0,0.0,0.0,0.0,0.0,,,0.0,,0.0,,,0.0,
2018-03-01,0,0.0,0.0,0.0,0.0,0.0,0.0,0.0,,,0.0,,0.0,,,0.0,
2018-04-01,0,0.0,0.0,0.0,0.0,0.0,0.0,0.0,,,0.0,,0.0,,,0.0,
2018-05-01,0,0.0,0.0,0.0,0.0,0.0,0.0,0.0,,,0.0,,0.0,,,0.0,
2018-06-01,2018-6,150.0,0.0,0.0,0.0,0.0,0.0,150.0,1.0,0.0,0.0,,0.0,0.0,0.0,0.0,0.0
2018-07-01,2018-7,399.0,1.0,0.002506265664160401,0.0,0.0,0.0,399.0,1.0,0.0,0.42951443506242215,,0.42951443506242215,0.42951443506242215,48.530030738337665,55.939694667961234,48.530030738337665
2018-08-01,2018-8,433.0,0.0,0.0,0.0,0.0,0.0,433.0,1.0,0.0,0.0,,0.0,0.0,0.0,0.0,0.0
2018-09-01,2018-9,407.0,2.0,0.004914004914004914,0.0,0.0,0.0,407.0,1.0,0.0,0.8421437817685821,,0.8421437817685821,0.8421437817685821,95.15224700047533,109.6802858600321,95.15224700047533
2018-10-01,2018-10,328.0,0.0,0.0,0.0,0.0,0.0,328.0,1.0,0.0,0.0,,0.0,0.0,0.0,0.0,0.0
2018-11-01,2018-11,364.0,2.0,0.005494505494505495,0.0,0.0,0.0,364.0,1.0,0.0,0.941627799944541,,0.941627799944541,0.941627799944541,106.39275969558643,122.63702292591503,106.39275969558643
2018-12-01,2018-12,390.0,0.0,0.0,0.0,0.0,0.0,390.0,1.0,0.0,0.0,,0.0,0.0,0.0,0.0,0.0
2019-01-01,2019-1,384.0,1.0,0.0026041666666666665,0.0,0.0,0.0,384.0,1.0,0.0,0.44629234268204804,,0.44629234268204804,0.44629234268204804,50.42573506405398,58.12483899092847,50.42573506405398
2019-02-01,2019-2,339.0,0.0,0.0,0.0,0.0,0.0,339.0,1.0,0.0,0.0,,0.0,0.0,0.0,0.0,0.0
2019-03-01,2019-3,351.0,1.0,0.002849002849002849,0.0,0.0,0.0,351.0,1.0,0.0,0.4882514518230953,,0.4882514518230953,0.4882514518230953,55.16661613845222,63.58956744306705,55.16661613845222
2019-04-01,2019-4,296.0,0.0,0.0,0.0,0.0,0.0,296.0,1.0,0.0,0.0,,0.0,0.0,0.0,0.0,0.0
2019-05-01,2019-5,399.0,2.0,0.005012531328320802,0.0,0.0,0.0,399.0,1.0,0.0,0.8590288701248443,,0.8590288701248443,0.8590288701248443,97.06006147667533,111.87938933592247,97.06006147667533
2019-06-01,2019-6,399.0,1.0,0.002506265664160401,0.0,0.0,0.0,399.0,1.0,0.0,0.42951443506242215,,0.42951443506242215,0.42951443506242215,48.530030738337665,55.939694667961234,48.530030738337665
2019-07-01,2019-7,421.0,0.0,0.0,0.0,0.0,0.0,421.0,1.0,0.0,0.0,,0.0,0.0,0.0,0.0,0.0
2019-08-01,2019-8,347.0,4.0,0.011527377521613832,0.0,0.0,0.0,347.0,1.0,0.0,1.9755188425349446,,1.9755188425349446,1.9755188425349446,223.21017019708043,257.2903535736776,223.21017019708043
2019-09-01,2019-9,290.0,3.0,0.010344827586206896,0.0,0.0,0.0,290.0,1.0,0.0,1.7728578578266185,,1.7728578578266185,1.7728578578266185,200.31188549582825,230.8959121294814,200.31188549582825
2019-10-01,2019-10,333.0,1.0,0.003003003003003003,0.0,0.0,0.0,333.0,1.0,0.0,0.5146434221919113,,0.5146434221919113,0.5146434221919113,58.14859538917937,67.02684135890851,58.14859538917937
2019-11-01,2019-11,232.0,1.0,0.004310344827586207,0.0,0.0,0.0,232.0,1.0,0.0,0.7386907740944243,,0.7386907740944243,0.7386907740944243,83.46328562326175,96.20663005395056,83.46328562326175
2019-12-01,2019-12,297.0,2.0,0.006734006734006734,0.0,0.0,0.0,297.0,1.0,0.0,1.1540488861273162,,1.1540488861273162,1.1540488861273162,130.39381996361433,150.30261395634028,130.39381996361433
2020-01-01,2020-1,382.0,0.0,0.0,0.0,0.0,0.0,382.0,1.0,0.0,0.0,,0.0,0.0,0.0,0.0,0.0
2020-02-01,2020-2,401.0,2.0,0.004987531172069825,0.0,0.0,0.0,401.0,1.0,0.0,0.8547444368573888,,0.8547444368573888,0.8547444368573888,96.5759713944974,111.32138739409741,96.5759713944974
2020-03-01,2020-3,487.0,3.0,0.006160164271047228,0.0,0.0,0.0,487.0,1.0,0.0,1.0557059112314566,,1.0557059112314566,1.0557059112314566,119.28223160942544,137.4944856623195,119.28223160942544
2020-04-01,2020-4,499.0,7.0,0.014028056112224449,0.0,0.0,0.0,499.0,1.0,0.0,2.404075785830351,,2.404075785830351,2.404075785830351,271.63201573582586,313.1053451054424,271.63201573582586
2020-05-01,2020-5,387.0,6.0,0.015503875968992248,0.0,0.0,0.0,387.0,1.0,0.0,2.656996272711728,,2.656996272711728,2.656996272711728,300.2090273580888,346.04555306227184,300.2090273580888
2020-06-01,2020-6,433.0,3.0,0.006928406466512702,5.0,0.0,0.0,438.0,0.9885844748858448,0.01141552511415525,1.1873643851494673,,1.1873643851494673,1.17380999719114,132.62659085340223,154.64160396662726,132.62659085340223
2020-07-01,2020-7,436.0,10.0,0.022935779816513763,0.0,0.0,0.0,436.0,1.0,0.0,3.9306481557317996,,3.9306481557317996,3.9306481557317996,444.11656570175984,511.92518744303976,444.11656570175984
2020-08-01,2020-8,383.0,5.0,0.013054830287206266,10.0,0.0,0.0,393.0,0.9745547073791349,0.02544529262086514,2.237287984202434,,2.237287984202434,2.1803595367672575,246.35473619079806,291.3830048631401,246.35473619079806
2020-09-01,2020-9,390.0,1.0,0.002564102564102564,6.0,0.0,0.0,396.0,0.9848484848484849,0.015151515151515152,0.43942630664078575,,0.43942630664078575,0.43276833229774353,48.89768248635537,57.23061069876034,48.89768248635537
2020-10-01,2020-10,452.0,8.0,0.017699115044247787,273.0,0.0,0.0,725.0,0.623448275862069,0.37655172413793103,3.0332081343346275,,3.0332081343346275,1.8910483816817265,213.66601119555014,395.04315349586784,213.66601119555014
2020-11-01,2020-11,410.0,5.0,0.012195121951219513,912.0,0.0,0.0,1322.0,0.3101361573373676,0.6898638426626323,2.089954385242762,,2.089954385242762,0.6481704220495705,73.23556075868657,272.1943679575187,73.23556075868657
2020-12-01,2020-12,485.0,5.0,0.010309278350515464,1225.0,0.0,0.0,1710.0,0.28362573099415206,0.716374269005848,1.7667655627825407,,1.7667655627825407,0.5011001742394926,56.618369194727286,230.10245538676838,56.618369194727286
2021-01-01,2021-1,479.0,6.0,0.012526096033402923,1037.0,0.0,0.0,1516.0,0.3159630606860158,0.6840369393139841,2.146675485468557,,2.146675485468557,0.6782701566882842,76.63647334273112,279.5816890085579,76.63647334273112
2021-02-01,2021-2,498.0,6.0,0.012048192771084338,1019.0,0.0,0.0,1517.0,0.32827949901120634,0.6717205009887937,2.0647742119265837,,2.0647742119265837,0.6778230438625173,76.58595490282161,268.91491774116304,76.58595490282161
2021-03-01,2021-3,747.0,3.0,0.004016064257028112,1422.0,0.0,0.0,2169.0,0.34439834024896265,0.6556016597510373,0.6882580706421945,,0.6882580706421945,0.23703493719212507,26.782133146053564,89.638305913721,26.782133146053564
2021-04-01,2021-4,1045.0,12.0,0.011483253588516746,1322.0,0.0,0.0,2367.0,0.44148711449091677,0.5585128855090832,1.9679570479223707,,1.9679570479223707,0.8688276785293102,98.16721046690355,256.3055101150224,98.16721046690355
2021-05-01,2021-5,1033.0,6.0,0.005808325266214908,1075.0,0.0,0.0,2108.0,0.49003795066413663,0.5099620493358634,0.9954090586054586,,0.9954090586054586,0.4877882151515364,55.11427589543661,129.6414608277824,55.11427589543661
2021-06-01,2021-6,1246.0,10.0,0.008025682182985553,1335.0,0.0,0.0,2581.0,0.4827586206896552,0.5172413793103449,1.3754113931774192,,1.3754113931774192,0.663991707051168,75.02317808832518,179.13273011650506,75.02317808832518
2021-07-01,2021-7,1415.0,7.0,0.0049469964664310955,1338.0,0.0,0.0,2753.0,0.5139847439157283,0.4860152560842717,0.8477977506214454,,0.8477977506214454,0.43575510974549414,49.23515287038762,110.41665527039981,49.23515287038762
2021-08-01,2021-8,1258.0,3.0,0.0023847376788553257,1296.0,0.0,0.0,2554.0,0.4925606891151135,0.5074393108848865,0.40868742350534126,,0.40868742350534126,0.20130335895447113,22.744889112682138,53.22719754972146,22.744889112682138
2021-09-01,2021-9,1106.0,7.0,0.006329113924050633,1279.0,0.0,0.0,2385.0,0.46373165618448636,0.5362683438155136,1.0846598708221926,,1.0846598708221926,0.5029911182932264,56.832023418103596,141.2654314716236,56.832023418103596
2021-10-01,2021-10,1009.0,5.0,0.004955401387512388,939.0,0.0,0.0,1948.0,0.5179671457905544,0.4820328542094456,0.8492381545585057,,0.8492381545585057,0.4398774630131069,49.700929837260595,110.60425258927916,49.700929837260595
2021-11-01,2021-11,1041.0,12.0,0.011527377521613832,835.0,0.0,0.0,1876.0,0.5549040511727079,0.4450959488272921,1.9755188425349446,,1.9755188425349446,1.0962234088906595,123.86022770530955,257.2903535736776,123.86022770530955
2021-12-01,2021-12,1026.0,10.0,0.009746588693957114,857.0,0.0,0.0,1883.0,0.544875199150292,0.4551248008497079,1.6703339141316418,,1.6703339141316418,0.9101235241099651,102.83315063513928,217.54325704207147,102.83315063513928
2022-01-01,2022-1,1029.0,5.0,0.004859086491739553,711.0,0.0,0.0,1740.0,0.5913793103448276,0.4086206896551724,0.8327320679781655,,0.8327320679781655,0.4924605160629496,55.64219041550785,108.4545100705371,55.64219041550785
2022-02-01,2022-2,952.0,5.0,0.005252100840336135,633.0,0.0,0.0,1585.0,0.6006309148264984,0.39936908517350156,0.9000853970058112,,0.9000853970058112,0.5406191154255725,61.08354026686666,117.22656603212465,61.08354026686666
2022-03-01,2022-3,1098.0,3.0,0.00273224043715847,716.0,0.0,0.0,1814.0,0.6052921719955898,0.3947078280044101,0.4682411464205094,,0.4682411464205094,0.28342270053457513,32.02339955556239,60.98343762982659,32.02339955556239
2022-04-01,2022-4,996.0,2.0,0.002008032128514056,573.0,0.0,0.0,1569.0,0.6347992351816444,0.3652007648183556,0.34412903532109723,,0.34412903532109723,0.21845284842562962,24.682577775139233,44.8191529568605,24.682577775139233
2022-05-01,2022-5,1065.0,3.0,0.0028169014084507044,585.0,0.0,0.0,1650.0,0.6454545454545455,0.35454545454545455,0.482750027013821,,0.482750027013821,0.3115931992543754,35.206331390175876,62.87306527469446,35.206331390175876
2022-06-01,2022-6,1077.0,4.0,0.003714020427112349,536.0,0.0,0.0,1613.0,0.6676999380037197,0.3323000619962802,0.6364949288390211,,0.6364949288390211,0.42498762452549643,48.018554902905706,82.89670630461107,48.018554902905706
2022-07-01,2022-7,1018.0,8.0,0.007858546168958742,587.0,0.0,0.0,1605.0,0.6342679127725857,0.36573208722741435,1.3467682482507382,,1.3467682482507382,0.8542118858063872,96.51579944970331,175.4022646170258,96.51579944970331
2022-08-01,2022-8,1100.0,6.0,0.005454545454545455,726.0,0.0,0.0,1826.0,0.6024096385542169,0.39759036144578314,0.9347795977631261,,0.9347795977631261,0.5631202396163411,63.62590010272748,121.74511730463564,63.62590010272748
2022-09-01,2022-9,1027.0,4.0,0.0038948393378773127,647.0,0.0,0.0,1674.0,0.6135005973715651,0.3864994026284349,0.6674829974290417,,0.6674829974290417,0.40950121765807995,46.26877482579864,86.93257321330685,46.26877482579864
2022-10-01,2022-10,1034.0,6.0,0.005802707930367505,714.0,0.0,0.0,1748.0,0.5915331807780321,0.408466819221968,0.9944463805990703,,0.9944463805990703,0.5882480306289696,66.46504209815812,129.5160822389741,66.46504209815812
2022-11-01,2022-11,956.0,1.0,0.0010460251046025104,650.0,0.0,0.0,1606.0,0.5952677459526775,0.40473225404732255,0.17926386986391887,,0.17926386986391887,0.1067099997446491,12.05696280485475,23.347215661628173,12.05696280485475
2022-12-01,2022-12,936.0,9.0,0.009615384615384616,604.0,0.0,0.0,1540.0,0.6077922077922078,0.3922077922077922,1.6478486499029468,,1.6478486499029468,1.001549569031921,113.16320803985103,214.6147901203513,113.16320803985103
2023-01-01,2023-1,992.0,3.0,0.0030241935483870967,600.0,0.0,0.0,1592.0,0.6231155778894473,0.3768844221105528,0.5182749785985074,,0.5182749785985074,0.32294521279504984,36.48897411670238,67.49981302172338,36.48897411670238
2023-02-01,2023-2,1012.0,4.0,0.003952569169960474,611.0,0.0,0.0,1623.0,0.6235366605052373,0.3764633394947628,0.6773765201182073,,0.6773765201182073,0.4223690932591656,47.722691964502104,88.22109949611277,47.722691964502104
2023-03-01,2023-3,1039.0,2.0,0.0019249278152069298,667.0,0.0,0.0,1706.0,0.6090269636576788,0.3909730363423212,0.3298869289507343,,0.3298869289507343,0.20091003468922214,22.70044814137952,42.964269821976,22.70044814137952
2023-04-01,2023-4,921.0,3.0,0.003257328990228013,649.0,0.0,0.0,1570.0,0.586624203821656,0.41337579617834397,0.5582288585990438,,0.5582288585990438,0.32747055972593586,37.00028458203196,72.70338166943496,37.00028458203196
2023-05-01,2023-5,926.0,5.0,0.005399568034557235,658.0,0.0,0.0,1584.0,0.5845959595959596,0.4154040404040404,0.9253577731636417,,0.9253577731636417,0.5409604153721793,61.122103107944206,120.5180246896141,61.122103107944206
2023-06-01,2023-6,956.0,6.0,0.006276150627615063,734.0,0.0,0.0,1690.0,0.565680473372781,0.43431952662721895,1.0755832191835133,,1.0755832191835133,0.6084364245795495,68.74609088022507,140.08329396976904,68.74609088022507
2023-07-01,2023-7,1016.0,2.0,0.001968503937007874,715.0,0.0,0.0,1731.0,0.5869439630271519,0.41305603697284804,0.33735484171241426,,0.33735484171241426,0.19800838774108195,22.372596492890498,43.936886166371124,22.372596492890498
2023-08-01,2023-8,1002.0,6.0,0.005988023952095809,764.0,0.0,0.0,1766.0,0.5673839184597962,0.43261608154020387,1.026205147244949,,1.026205147244949,0.5822522975874512,65.78759546295605,133.65232438632657,65.78759546295605
2023-09-01,2023-9,910.0,2.0,0.002197802197802198,917.0,0.0,0.0,1827.0,0.49808429118773945,0.5019157088122606,0.37665111997781636,,0.37665111997781636,0.18760400611921887,21.197024920193464,49.054809170366006,21.197024920193464
2023-10-01,2023-10,886.0,0.0,0.0,871.0,0.0,0.0,1757.0,0.504268639726807,0.4957313602731929,0.0,,0.0,0.0,0.0,0.0,0.0
2023-11-01,2023-11,870.0,5.0,0.005747126436781609,814.0,0.0,0.0,1684.0,0.5166270783847982,0.4833729216152019,0.9849210321258991,,0.9849210321258991,0.5088368752669432,57.49252453858887,128.27550673860077,57.49252453858887
2023-12-01,2023-12,862.0,5.0,0.00580046403712297,756.0,0.0,0.0,1618.0,0.5327564894932015,0.4672435105067985,0.9940618305679028,,0.9940618305679028,0.5295928911925416,59.83770786340151,129.46599868049032,59.83770786340151
2024-01-01,2024-1,967.0,1.0,0.001034126163391934,874.0,0.0,0.0,1841.0,0.5252580119500272,0.47474198804997286,0.17722467382617008,,0.17722467382617008,0.09308867984242611,10.51791540716824,23.081632029489693,10.51791540716824
2024-02-01,2024-2,916.0,3.0,0.0032751091703056767,752.0,0.0,0.0,1668.0,0.5491606714628298,0.45083932853717024,0.5612759593555888,,0.5612759593555888,0.3082306827156591,34.82640695071355,73.10023418946463,34.82640695071355
2024-03-01,2024-3,930.0,3.0,0.0032258064516129032,698.0,0.0,0.0,1628.0,0.5712530712530712,0.42874692874692877,0.5528266438384078,,0.5528266438384078,0.31580391816321823,35.68209262517824,71.99980055650494,35.68209262517824
2024-04-01,2024-4,863.0,4.0,0.004634994206257242,673.0,0.0,0.0,1536.0,0.5618489583333334,0.4381510416666667,0.7943279702892535,,0.7943279702892535,0.44629234268204804,50.42573506405398,103.45278411363398,50.42573506405398
2024-05-01,2024-5,897.0,1.0,0.0011148272017837235,723.0,0.0,0.0,1620.0,0.5537037037037037,0.4462962962962963,0.19105491593077642,,0.19105491593077642,0.10578781456167065,11.95276682999798,24.882874216852322,11.95276682999798
2024-06-01,2024-6,914.0,5.0,0.005470459518599562,712.0,0.0,0.0,1626.0,0.5621156211562116,0.43788437884378845,0.9375068905355932,,0.9375068905355932,0.5269872681116434,59.543303396668904,122.10031823039678,59.543303396668904
2024-07-01,2024-7,942.0,3.0,0.0031847133757961785,820.0,0.0,0.0,1762.0,0.5346197502837684,0.46538024971623154,0.5457842662098932,,0.5457842662098932,0.2917870481099429,32.96847150612383,71.08260564495711,32.96847150612383
2024-08-01,2024-8,905.0,3.0,0.0033149171270718232,809.0,0.0,0.0,1714.0,0.5280046674445741,0.4719953325554259,0.5680980980880876,,0.5680980980880876,0.29995844735689575,33.89174258680874,73.98874532325922,33.89174258680874
2024-09-01,2024-9,897.0,4.0,0.004459308807134894,809.0,0.0,0.0,1706.0,0.5257913247362251,0.4742086752637749,0.7642196637231057,,0.7642196637231057,0.4018200693784442,45.400896282759035,99.53149686740929,45.400896282759035
2024-10-01,2024-10,917.0,8.0,0.008724100327153763,750.0,0.0,0.0,1667.0,0.5500899820035993,0.44991001799640074,1.495103682354691,,1.495103682354691,0.8224415577200069,92.92612964413547,194.72137991290325,92.92612964413547
2024-11-01,2024-11,903.0,4.0,0.004429678848283499,784.0,0.0,0.0,1687.0,0.5352697095435685,0.46473029045643155,0.7591417922033508,,0.7591417922033508,0.4063456066150716,45.91222825037754,98.87015801779194,45.91222825037754
2024-12-01,2024-12,955.0,1.0,0.0010471204188481676,766.0,0.0,0.0,1721.0,0.5549099360836722,0.4450900639163277,0.17945158072241515,,0.17945158072241515,0.09957946518878934,11.25129707414104,23.37166300787072,11.25129707414104
2025-01-01,2025-1,932.0,3.0,0.003218884120171674,837.0,0.0,0.0,1769.0,0.5268513284341436,0.47314867156585644,0.5516403205683684,,0.5516403205683684,0.29063243570928177,32.838014015709554,71.84529454672705,32.838014015709554
2025-02-01,2025-2,879.0,11.0,0.012514220705346985,857.0,0.0,0.0,1736.0,0.506336405529954,0.4936635944700461,2.1446403361649273,,2.1446403361649273,1.0859094789683015,122.69487610055533,279.31663242057095,122.69487610055533
2025-03-01,2025-3,973.0,2.0,0.0020554984583761563,899.0,0.0,0.0,1872.0,0.5197649572649573,0.48023504273504275,0.35226363738932465,,0.35226363738932465,0.18309429443366074,20.687481051919583,45.878598504658854,20.687481051919583
2025-04-01,2025-4,860.0,6.0,0.0069767441860465115,746.0,0.0,0.0,1606.0,0.5354919053549191,0.46450809464508097,1.1956483227202774,,1.1956483227202774,0.6402599984678946,72.3417768291285,155.7204988780223,72.3417768291285
2025-05-01,2025-5,884.0,6.0,0.006787330316742082,833.0,0.0,0.0,1717.0,0.5148514851485149,0.48514851485148514,1.163187282284433,,1.163187282284433,0.5988686997900051,67.66505159439743,151.4927930261303,67.66505159439743
2025-06-01,2025-6,1048.0,8.0,0.007633587786259542,830.0,0.0,0.0,1878.0,0.5580404685835996,0.44195953141640043,1.3082157220603545,,1.3082157220603545,0.7300373145469923,82.4855474530212,170.38120742379033,82.4855474530212
2025-07-01,2025-7,1262.0,9.0,0.0071315372424722665,848.0,0.0,0.0,2110.0,0.5981042654028436,0.4018957345971564,1.2221761777410127,,1.2221761777410127,0.7309887849806436,82.59305231344575,159.17547032698002,82.59305231344575
2025-08-01,2025-8,1090.0,2.0,0.001834862385321101,775.0,0.0,0.0,1865.0,0.5844504021447721,0.4155495978552279,0.31445185245854396,,0.31445185245854396,0.18378151162456455,20.76512843388389,40.95401499544318,20.76512843388389
2025-09-01,2025-9,879.0,8.0,0.009101251422070534,642.0,0.0,0.0,1521.0,0.5779092702169625,0.42209072978303747,1.559738426301765,,1.559738426301765,0.9013872956734066,101.84606056329639,203.1393690331425,101.84606056329639
2025-10-01,2025-10,1025.0,7.0,0.006829268292682927,726.0,0.0,0.0,1751.0,0.5853797829811537,0.4146202170188464,1.1703744557359466,,1.1703744557359466,0.6851135449053942,77.40969494698864,152.4288460562105,77.40969494698864
2025-11-01,2025-11,902.0,6.0,0.0066518847006651885,628.0,0.0,0.0,1530.0,0.5895424836601307,0.41045751633986927,1.1399751192233245,,1.1399751192233245,0.6720637630976724,75.93522456704599,148.46965524955564,75.93522456704599
2025-12-01,2025-12,1236.0,4.0,0.003236245954692557,722.0,0.0,0.0,1958.0,0.6312563840653729,0.3687436159346272,0.5546157268281763,,0.5546157268281763,0.35010471826334316,39.557675719298736,72.23280961979461,39.557675719298736
