date,ym,cambodia_khmer_times_body_count,cambodia_khmer_times_epu_count,cambodia_khmer_times_ratio,cambodia_kampuchea_thmey_daily_body_count,cambodia_kampuchea_thmey_daily_epu_count,cambodia_kampuchea_thmey_daily_ratio,news_total,cambodia_khmer_times_weights,cambodia_kampuchea_thmey_daily_weights,cambodia_khmer_times_z_score,cambodia_kampuchea_thmey_daily_z_score,z_score_unweighted,z_score_weighted,epu_weighted,epu_unweighted
2017-07-01,2017-7,0.0,0.0,0.0,7.0,0.0,0.0,7.0,0.0,1.0,0.0,0.0,0.0,0.0,0.0,0.0
2017-08-01,0,0.0,0.0,0.0,0.0,0.0,0.0,0.0,,,0.0,0.0,0.0,,,0.0
2017-09-01,0,0.0,0.0,0.0,0.0,0.0,0.0,0.0,,,0.0,0.0,0.0,,,0.0
2017-10-01,0,0.0,0.0,0.0,0.0,0.0,0.0,0.0,,,0.0,0.0,0.0,,,0.0
2017-11-01,0,0.0,0.0,0.0,0.0,0.0,0.0,0.0,,,0.0,0.0,0.0,,,0.0
2017-12-01,0,0.0,0.0,0.0,0.0,0.0,0.0,0.0,,,0.0,0.0,0.0,,,0.0
2018-01-01,0,0.0,0.0,0.0,0.0,0.0,0.0,0.0,,,0.0,0.0,0.0,,,0.0
2018-02-01,0,0.0,0.0,0.0,0.0,0.0,0.0,0.0,,,0.0,0.0,0.0,,,0.0
2018-03-01,0,0.0,0.0,0.0,0.0,0.0,0.0,0.0,,,0.0,0.0,0.0,,,0.0
2018-04-01,0,0.0,0.0,0.0,0.0,0.0,0.0,0.0,,,0.0,0.0,0.0,,,0.0
2018-05-01,0,0.0,0.0,0.0,0.0,0.0,0.0,0.0,,,0.0,0.0,0.0,,,0.0
2018-06-01,2018-6,150.0,2.0,0.013333333333333334,0.0,0.0,0.0,150.0,1.0,0.0,0.8992911939282,0.0,0.4496455969641,0.8992911939282,66.74929956169085,71.69741528824544
2018-07-01,2018-7,399.0,4.0,0.010025062656641603,0.0,0.0,0.0,399.0,1.0,0.0,0.676158792427218,0.0,0.338079396213609,0.676158792427218,50.187443279466805,53.907831043793564
2018-08-01,2018-8,433.0,2.0,0.004618937644341801,0.0,0.0,0.0,433.0,1.0,0.0,0.31153274616450344,0.0,0.15576637308225172,0.31153274616450344,23.123313935920617,24.837441785766316
2018-09-01,2018-9,407.0,4.0,0.009828009828009828,0.0,0.0,0.0,407.0,1.0,0.0,0.662868201912678,0.0,0.331434100956339,0.662868201912678,49.20095790788023,52.84821765718337
2018-10-01,2018-10,328.0,0.0,0.0,0.0,0.0,0.0,328.0,1.0,0.0,0.0,0.0,0.0,0.0,0.0,0.0
2018-11-01,2018-11,364.0,4.0,0.01098901098901099,0.0,0.0,0.0,364.0,1.0,0.0,0.7411740609298352,0.0,0.3705870304649176,0.7411740609298352,55.013158979415536,59.091276336466024
2018-12-01,2018-12,390.0,3.0,0.007692307692307693,0.0,0.0,0.0,390.0,1.0,0.0,0.5188218426508846,0.0,0.2594109213254423,0.5188218426508846,38.50921128559087,41.363893435526215
2019-01-01,2019-1,384.0,3.0,0.0078125,0.0,0.0,0.0,384.0,1.0,0.0,0.5269284339423046,0.0,0.2634642169711523,0.5269284339423046,39.11091771192823,42.010204270456306
2019-02-01,2019-2,339.0,2.0,0.0058997050147492625,0.0,0.0,0.0,339.0,1.0,0.0,0.3979164574903539,0.0,0.19895822874517696,0.3979164574903539,29.535088301633117,31.724520039046652
2019-03-01,2019-3,351.0,3.0,0.008547008547008548,0.0,0.0,0.0,351.0,1.0,0.0,0.5764687140565384,0.0,0.2882343570282692,0.5764687140565384,42.78801253954542,45.95988159502913
2019-04-01,2019-4,296.0,2.0,0.006756756756756757,0.0,0.0,0.0,296.0,1.0,0.0,0.4557218888149662,0.0,0.2278609444074831,0.4557218888149662,33.825658561667666,36.33314963931357
2019-05-01,2019-5,399.0,6.0,0.015037593984962405,0.0,0.0,0.0,399.0,1.0,0.0,1.014238188640827,0.0,0.5071190943204135,1.014238188640827,75.2811649192002,80.86174656569034
2019-06-01,2019-6,399.0,7.0,0.017543859649122806,0.0,0.0,0.0,399.0,1.0,0.0,1.1832778867476315,0.0,0.5916389433738157,1.1832778867476315,87.8280257390669,94.33870432663873
2019-07-01,2019-7,421.0,5.0,0.011876484560570071,0.0,0.0,0.0,421.0,1.0,0.0,0.8010313485108669,0.0,0.40051567425543344,0.8010313485108669,59.456026925496595,63.86349342777206
2019-08-01,2019-8,347.0,10.0,0.02881844380403458,0.0,0.0,0.0,347.0,1.0,0.0,1.9437129551762244,0.0,0.9718564775881122,1.9437129551762244,144.27082037829433,154.96559500341232
2019-09-01,2019-9,290.0,7.0,0.02413793103448276,0.0,0.0,0.0,290.0,1.0,0.0,1.6280271614217412,0.0,0.8140135807108706,1.6280271614217412,120.8392492065093,129.79704491837535
2019-10-01,2019-10,333.0,4.0,0.012012012012012012,0.0,0.0,0.0,333.0,1.0,0.0,0.810172246782162,0.0,0.405086123391081,0.810172246782162,60.13450410963139,64.59226602544634
2019-11-01,2019-11,232.0,9.0,0.03879310344827586,0.0,0.0,0.0,232.0,1.0,0.0,2.616472223713513,0.0,1.3082361118567565,2.616472223713513,194.2059362247471,208.60239361881756
2019-12-01,2019-12,297.0,3.0,0.010101010101010102,0.0,0.0,0.0,297.0,1.0,0.0,0.6812812075213637,0.0,0.34064060376068184,0.6812812075213637,50.56765118309914,54.316223703216245
2020-01-01,2020-1,382.0,2.0,0.005235602094240838,0.0,0.0,0.0,382.0,1.0,0.0,0.35312481436971205,0.0,0.17656240718485602,0.35312481436971205,26.210457943072324,28.153435322609468
2020-02-01,2020-2,401.0,12.0,0.029925187032418952,0.0,0.0,0.0,401.0,1.0,0.0,2.0183592881181545,0.0,1.0091796440590772,2.0183592881181545,149.81139552499192,160.9168921681319
2020-03-01,2020-3,487.0,14.0,0.028747433264887063,0.0,0.0,0.0,487.0,1.0,0.0,1.9389235187363654,0.0,0.9694617593681827,1.9389235187363654,143.91532759707474,154.5837495947797
2020-04-01,2020-4,499.0,22.0,0.04408817635270541,0.0,0.0,0.0,499.0,1.0,0.0,2.973608156275611,0.0,1.4868040781378056,2.973608156275611,220.71411678715413,237.07562169459916
2020-05-01,2020-5,387.0,14.0,0.03617571059431524,0.0,0.0,0.0,387.0,1.0,0.0,2.439937347867209,0.0,1.2199686739336044,2.439937347867209,181.1027507487736,194.5278709371
2020-06-01,2020-6,433.0,10.0,0.023094688221709007,5.0,0.0,0.0,438.0,0.9885844748858448,0.01141552511415525,1.5576637308225172,0.0,0.7788318654112586,1.539882181383904,114.2967458248131,124.1872089288316
2020-07-01,2020-7,436.0,23.0,0.052752293577981654,0.0,0.0,0.0,436.0,1.0,0.0,3.5579754805645525,0.0,1.7789877402822762,3.5579754805645525,264.08839849522184,283.6652325050995
2020-08-01,2020-8,383.0,8.0,0.020887728459530026,10.0,0.0,0.0,393.0,0.9745547073791349,0.02544529262086514,1.40881126986141,0.0,0.704405634930705,1.3729636548522137,101.90732757510054,112.31971063432707
2020-09-01,2020-9,390.0,7.0,0.017948717948717947,6.0,0.0,0.0,396.0,0.9848484848484849,0.015151515151515152,1.2105842995187306,0.0,0.6052921497593653,1.1922421131623862,88.49338957042346,96.51575134956116
2020-10-01,2020-10,452.0,16.0,0.035398230088495575,273.0,3.0,0.01098901098901099,725.0,0.623448275862069,0.37655172413793103,2.3874987449421234,4.935684941255124,3.6615918430986234,3.34702265058826,248.43056292811605,583.8524223593239
2020-11-01,2020-11,410.0,13.0,0.03170731707317073,912.0,6.0,0.006578947368421052,1322.0,0.3101361573373676,0.6898638426626323,2.138558327024378,2.9549166424619484,2.546737484743163,2.7017344115017337,200.53446624081604,406.0853621309911
2020-12-01,2020-12,485.0,22.0,0.04536082474226804,1225.0,9.0,0.007346938775510204,1710.0,0.28362573099415206,0.716374269005848,3.0594442680031544,3.299857932153425,3.1796511000782894,3.231670430917822,239.86862001365805,507.0054436944505
2021-01-01,2021-1,479.0,12.0,0.025052192066805846,1037.0,11.0,0.010607521697203472,1516.0,0.3159630606860158,0.6840369393139841,1.6896911785707307,4.764340044548098,3.2270156115594144,3.7928645783191017,281.52288785267626,514.557865140397
2021-02-01,2021-2,498.0,15.0,0.030120481927710843,1019.0,3.0,0.002944062806673209,1517.0,0.32827949901120634,0.6717205009887937,2.031531311584789,1.3223179479515688,1.6769246297681788,1.5551381556571346,115.4291105179679,267.39094611255734
2021-03-01,2021-3,747.0,30.0,0.040160642570281124,1422.0,13.0,0.009142053445850914,2169.0,0.34439834024896265,0.6556016597510373,2.7087084154463854,4.106128892760064,3.4074186541032248,3.6248595997433197,269.05282841194554,543.3237019413282
2021-04-01,2021-4,1045.0,31.0,0.02966507177033493,1322.0,12.0,0.009077155824508321,2367.0,0.44148711449091677,0.5585128855090832,2.0008153357732676,4.076980299433128,3.038897817603198,3.160380220419797,234.5771508560844,484.56188677999
2021-05-01,2021-5,1033.0,23.0,0.022265246853823813,1075.0,4.0,0.0037209302325581397,2108.0,0.49003795066413663,0.5099620493358634,1.5017205319710984,1.67124587778313,1.5864832048771143,1.5881720247357731,117.8810278031579,252.96977431980204
2021-06-01,2021-6,1246.0,22.0,0.01765650080256822,1335.0,10.0,0.00749063670411985,2581.0,0.4827586206896552,0.5172413793103449,1.1908751765501846,3.3643994730652897,2.277637324807737,2.3151118816442047,171.83766231679206,363.1764888955128
2021-07-01,2021-7,1415.0,23.0,0.01625441696113074,1338.0,9.0,0.006726457399103139,2753.0,0.5139847439157283,0.4860152560842717,1.0963090526686536,3.0211703788400195,2.058739715754337,2.031821023034541,150.81058397765423,328.2725714817309
2021-08-01,2021-8,1258.0,17.0,0.013513513513513514,1296.0,6.0,0.004629629629629629,2554.0,0.4925606891151135,0.5074393108848865,0.9114437776299325,2.079385785436186,1.4954147815330594,1.5041034652246486,111.64109406376902,238.44862563686328
2021-09-01,2021-9,1106.0,22.0,0.019891500904159132,1279.0,6.0,0.004691164972634871,2385.0,0.46373165618448636,0.5362683438155136,1.3416188697843852,2.1070242204263465,1.724321545105366,1.7520815295206822,130.04710338553465,274.9485344560354
2021-10-01,2021-10,1009.0,34.0,0.03369672943508424,939.0,4.0,0.004259850905218318,1948.0,0.5179671457905544,0.4820328542094456,2.2727379033864317,1.913300658803903,2.0930192810951675,2.0994773424711366,155.83232995249065,333.7385568015834
2021-11-01,2021-11,1041.0,42.0,0.040345821325648415,835.0,6.0,0.00718562874251497,1876.0,0.5549040511727079,0.4450959488272921,2.7211981372467147,3.2274059615871824,2.9743020494169485,2.9465091891253343,218.7027137084416,474.26188684941684
2021-12-01,2021-12,1026.0,26.0,0.025341130604288498,857.0,3.0,0.003500583430571762,1883.0,0.544875199150292,0.4551248008497079,1.7091791697465788,1.5722777000731023,1.6407284349098405,1.6468719156254052,122.2379887382646,261.61934814265726
2022-01-01,2022-1,1029.0,46.0,0.04470359572400389,711.0,4.0,0.005625879043600563,1740.0,0.5913793103448276,0.4086206896551724,3.0151162478642273,2.5268485493908086,2.7709823986275177,2.815599964177675,208.9860622718239,441.84192424479085
2022-02-01,2022-2,952.0,47.0,0.04936974789915966,633.0,2.0,0.00315955766192733,1585.0,0.6006309148264984,0.39936908517350156,3.329833464912715,1.419106886743179,2.374470175827947,2.5667483393724524,190.51521349370998,378.6167938379297
2022-03-01,2022-3,1098.0,16.0,0.014571948998178506,716.0,6.0,0.008379888268156424,1814.0,0.6052921719955898,0.3947078280044101,0.982831905932459,3.7638044384431524,2.3733181721878056,2.0805035339796785,154.4240114507934,378.4331032070007
2022-04-01,2022-4,996.0,12.0,0.012048192771084338,573.0,1.0,0.0017452006980802793,1569.0,0.6347992351816444,0.3652007648183556,0.8126125246339156,0.7838522332534315,0.7982323789436736,0.8021092442253641,59.53603302855756,127.28068228858483
2022-05-01,2022-5,1065.0,12.0,0.011267605633802818,585.0,3.0,0.005128205128205128,1650.0,0.6454545454545455,0.35454545454545455,0.7599643892350986,2.3033196392523907,1.5316420142437446,1.3071539778775931,97.02264742689509,244.22517269067393
2022-06-01,2022-6,1077.0,24.0,0.022284122562674095,536.0,1.0,0.0018656716417910447,1613.0,0.6676999380037197,0.3323000619962802,1.5029936388772143,0.8379614359220451,1.1704775373996297,1.2820033966056885,95.1558620132229,186.63635238755452
2022-07-01,2022-7,1018.0,18.0,0.01768172888015717,587.0,4.0,0.0068143100511073255,1605.0,0.6342679127725857,0.36573208722741435,1.1925767306513455,3.060629162890741,2.126602946771043,1.8757834457445075,139.2287970550921,339.0935787146681
2022-08-01,2022-8,1100.0,11.0,0.01,726.0,2.0,0.0027548209366391185,1826.0,0.6024096385542169,0.39759036144578314,0.67446839544615,1.2373204673669869,0.9558944314065685,0.8982529541616635,66.67223689538064,152.42039615868825
2022-09-01,2022-9,1027.0,15.0,0.014605647517039922,647.0,1.0,0.0015455950540958269,1674.0,0.6135005973715651,0.3864994026284349,0.985104764526996,0.6941998912739045,0.8396523279004502,0.8726702047929756,64.77337408792548,133.88522440269128
2022-10-01,2022-10,1034.0,20.0,0.019342359767891684,714.0,7.0,0.00980392156862745,1748.0,0.5915331807780321,0.408466819221968,1.304581035679207,4.403405192688394,2.8539931141838006,2.570347882420946,190.7823872176954,455.0782458874298
2022-11-01,2022-11,956.0,15.0,0.015690376569037656,650.0,2.0,0.003076923076923077,1606.0,0.5952677459526775,0.40473225404732255,1.0582663108464696,1.3819917835514344,1.2201290471989519,1.189288451106885,88.27415593989558,194.55344296245593
2022-12-01,2022-12,936.0,16.0,0.017094017094017096,604.0,2.0,0.0033112582781456954,1540.0,0.6077922077922078,0.3922077922077922,1.1529374281130769,1.487242813424557,1.320090120768817,1.2840546052092678,95.30811162766176,210.49255290323376
2023-01-01,2023-1,992.0,15.0,0.015120967741935484,600.0,3.0,0.005,1592.0,0.6231155778894473,0.3768844221105528,1.019861485049622,2.245736648271081,1.6327990666603516,1.4818747375200212,109.99118131643048,260.35498524842336
2023-02-01,2023-2,1012.0,16.0,0.015810276679841896,611.0,3.0,0.004909983633387889,1623.0,0.6235366605052373,0.3764633394947628,1.0663531943812647,2.2053060375820763,1.6358296159816705,1.4951271852596975,110.97483556554785,260.83821594101585
2023-03-01,2023-3,1039.0,20.0,0.019249278152069296,667.0,1.0,0.0014992503748125937,1706.0,0.6090269636576788,0.3909730363423212,1.2983029748722807,0.6733843023301592,0.9858436386012199,1.0539766240014747,78.23072424315434,157.1958921499457
2023-04-01,2023-4,921.0,10.0,0.010857763300760043,649.0,3.0,0.004622496147919877,1570.0,0.586624203821656,0.41337579617834397,0.7323218191597719,2.0761818011751134,1.4042518101674426,1.2878410091775787,95.58915498097022,223.9124009722795
2023-05-01,2023-5,926.0,14.0,0.01511879049676026,658.0,3.0,0.004559270516717325,1584.0,0.5845959595959596,0.4154040404040404,1.0197146367436392,2.047784177754785,1.5337494072492122,1.4467788778959965,107.38621413423643,244.56120318337466
2023-06-01,2023-6,956.0,12.0,0.012552301255230125,734.0,4.0,0.005449591280653951,1690.0,0.565680473372781,0.43431952662721895,0.8466130486771757,2.4476693714126223,1.647141210044899,1.5419830728711506,114.45268311873485,262.6418854589631
2023-07-01,2023-7,1016.0,6.0,0.005905511811023622,715.0,6.0,0.008391608391608392,1731.0,0.5869439630271519,0.41305603697284804,0.39830810754693896,3.7690685005948215,2.08368830407088,1.7906210370843367,132.90767307941715,332.25070294674214
2023-08-01,2023-8,1002.0,15.0,0.014970059880239521,764.0,5.0,0.006544502617801047,1766.0,0.5673839184597962,0.43261608154020387,1.0096832267157934,2.9394458747003678,1.9745645507080805,1.8445295817895278,136.9089994837641,314.8505746779683
2023-09-01,2023-9,910.0,10.0,0.01098901098901099,917.0,5.0,0.0054525627044711015,1827.0,0.49808429118773945,0.5019157088122606,0.7411740609298352,2.4490039784853663,1.5950890197076006,1.598360724530504,118.63727736874293,254.34199876492295
2023-10-01,2023-10,886.0,10.0,0.011286681715575621,871.0,4.0,0.004592422502870264,1757.0,0.504268639726807,0.4957313602731929,0.7612510106615687,2.062674303808111,1.4119626572348398,1.4064073500643226,104.38966393648737,225.14191997157144
2023-11-01,2023-11,870.0,21.0,0.02413793103448276,814.0,10.0,0.012285012285012284,1684.0,0.5166270783847982,0.4833729216152019,1.6280271614217412,5.517780462582508,3.572903812002125,3.5082285789661976,260.3959673233453,569.7108347633263
2023-12-01,2023-12,862.0,17.0,0.019721577726218097,756.0,10.0,0.013227513227513227,1618.0,0.5327564894932015,0.4672435105067985,1.3301580884668849,5.941102244103389,3.6356301662851367,3.484591822497291,258.6415445636627,579.7127507231656
2024-01-01,2024-1,967.0,14.0,0.014477766287487074,874.0,12.0,0.013729977116704805,1841.0,0.5252580119500272,0.47474198804997286,0.976479579756577,6.166782558181458,3.5716310689690176,3.4405343343157004,255.3714063743595,569.5078918535858
2024-02-01,2024-2,916.0,12.0,0.013100436681222707,752.0,4.0,0.005319148936170213,1668.0,0.5491606714628298,0.45083932853717024,0.8835830508028165,2.389081540713916,1.6363322957583661,1.5623209791080601,115.96225088169177,260.9183698243188
2024-03-01,2024-3,930.0,8.0,0.008602150537634409,698.0,3.0,0.004297994269340974,1628.0,0.5712530712530712,0.42874692874692877,0.5801878670504516,1.9304326489436228,1.2553102579970372,1.1591011703437153,86.03352480704523,200.1631985076326
2024-04-01,2024-4,863.0,13.0,0.015063731170336037,673.0,2.0,0.0029717682020802376,1536.0,0.5618489583333334,0.4381510416666667,1.0160010591888702,1.3347617523156499,1.17538140575226,1.1556663889247574,85.77858040704339,187.4182897359269
2024-05-01,2024-5,897.0,7.0,0.007803790412486065,723.0,8.0,0.011065006915629323,1620.0,0.5537037037037037,0.4462962962962963,0.5263409997907524,4.969818308760345,2.748079654275549,2.5094484654605154,186.2621679013383,438.19000908287114
2024-06-01,2024-6,914.0,18.0,0.019693654266958426,712.0,5.0,0.007022471910112359,1626.0,0.5621156211562116,0.43788437884378845,1.3282747393906673,3.154124505998709,2.241199622694688,2.127785830303906,157.93350891125942,357.3663818285527
2024-07-01,2024-7,942.0,15.0,0.01592356687898089,820.0,5.0,0.006097560975609756,1762.0,0.5346197502837684,0.46538024971623154,1.07399426026457,2.7387032295988796,1.9063487449317247,1.8487169361182212,137.21980311482827,303.97334828235404
2024-08-01,2024-8,905.0,19.0,0.020994475138121547,809.0,5.0,0.006180469715698393,1714.0,0.5280046674445741,0.4719953325554259,1.4160109959642928,2.775941468814686,2.0959762323894893,2.057891831749572,152.7456726702653,334.2100520555512
2024-09-01,2024-9,897.0,21.0,0.023411371237458192,809.0,5.0,0.006180469715698393,1706.0,0.5257913247362251,0.4742086752637749,1.5790229993722573,2.775941468814686,2.1774822340934716,2.1466121211652966,159.33087801353358,347.2064423062522
2024-10-01,2024-10,917.0,24.0,0.026172300981461286,750.0,4.0,0.005333333333333333,1667.0,0.5500899820035993,0.44991001799640074,1.765238984809989,2.395452424822486,2.0803457048162377,2.0487783249475853,152.0692285999902,331.7177149034468
2024-11-01,2024-11,903.0,16.0,0.017718715393133997,784.0,2.0,0.002551020408163265,1687.0,0.5352697095435685,0.46473029045643155,1.1950713540574085,1.1457840042199392,1.1704276791386738,1.1721660296516137,87.00325542774101,186.62840232985258
2024-12-01,2024-12,955.0,13.0,0.013612565445026177,766.0,5.0,0.006527415143603133,1721.0,0.5549099360836722,0.4450900639163277,0.9181245173612512,2.931771081293839,1.9249477993275452,1.8143785952069003,134.67106226268083,306.93902644308616
2025-01-01,2025-1,932.0,14.0,0.015021459227467811,837.0,3.0,0.0035842293906810036,1769.0,0.5268513284341436,0.47314867156585644,1.0131499502409977,1.6098470596925312,1.3114985049667645,1.2954763949051773,96.15588648311504,209.12259253819101
2025-02-01,2025-2,879.0,28.0,0.03185437997724687,857.0,4.0,0.004667444574095682,1736.0,0.506336405529954,0.4936635944700461,2.148477255118566,2.096370266764136,2.122423760941351,2.1227539319505095,157.5600195533934,338.427194290977
2025-03-01,2025-3,973.0,22.0,0.022610483042137718,899.0,5.0,0.0055617352614015575,1872.0,0.5197649572649573,0.48023504273504275,1.5250056217693009,2.4980385409022037,2.011522081335752,1.992290127271694,147.87642914434568,320.74357004883547
2025-04-01,2025-4,860.0,20.0,0.023255813953488372,746.0,4.0,0.005361930294906166,1606.0,0.5354919053549191,0.46450809464508097,1.5685311522003487,2.4082966737491485,1.9884139129747487,1.9586090345636142,145.37647210938755,317.0588993777206
2025-05-01,2025-5,884.0,27.0,0.030542986425339366,833.0,4.0,0.004801920768307323,1717.0,0.5148514851485149,0.48514851485148514,2.060027904643218,2.1567698902963564,2.108398897469787,2.1069621353066217,156.3878837959022,336.19088536796994
2025-06-01,2025-6,1048.0,32.0,0.030534351145038167,830.0,5.0,0.006024096385542169,1878.0,0.5580404685835996,0.44195953141640043,2.05944548227832,2.705706805145881,2.3825761437121002,2.3450668337054106,174.0610490039847,379.9093161035258
2025-07-01,2025-7,1262.0,32.0,0.025356576862123614,848.0,1.0,0.0011792452830188679,2110.0,0.5981042654028436,0.4018957345971564,1.7102209710203486,0.5296548698752549,1.1199379204478017,1.2357564905601404,91.72321571769814,178.5776503129218
2025-08-01,2025-8,1090.0,12.0,0.011009174311926606,775.0,2.0,0.0025806451612903226,1865.0,0.5844504021447721,0.4155495978552279,0.742534013335211,1.1590898829786225,0.9508119481569167,0.9156336374497653,67.96230672283745,151.6099780989848
2025-09-01,2025-9,879.0,20.0,0.022753128555176336,642.0,0.0,0.0,1521.0,0.5779092702169625,0.42209072978303747,1.5346266107989759,0.0,0.7673133053994879,0.8868749447023667,65.82771159930063,122.35053803454852
2025-10-01,2025-10,1025.0,24.0,0.023414634146341463,726.0,1.0,0.0013774104683195593,1751.0,0.5853797829811537,0.4146202170188464,1.579243072264156,0.6186602336834934,1.0989516529738248,1.1809660072672623,87.65642799961655,175.2313234621953
2025-11-01,2025-11,902.0,20.0,0.022172949002217297,628.0,3.0,0.004777070063694267,1530.0,0.5895424836601307,0.41045751633986927,1.495495333583481,2.1456082626793767,1.820551798131429,1.76233907180062,130.8084627394715,290.29275323875254
2025-12-01,2025-12,1236.0,23.0,0.0186084142394822,722.0,3.0,0.004155124653739612,1958.0,0.6312563840653729,0.3687436159346272,1.255078729390085,1.8662631426075467,1.5606709359988158,1.4804490799227752,109.88536281551167,248.85392625235843
