date,ym,EPU_economic_growth_index,EPU_public_debt_index,EPU_fiscal_policy_index,EPU_monetary_policy_index,EPU_exchange_rate_index,EPU_financial_stability_index,EPU_trade_index,EPU_capital_flows_index,EPU_labor_market_index,EPU_inflation_prices_index,EPU_energy_index,EPU_food_security_index,EPU_housing_real_estate_index,EPU_inequality_index,EPU_poverty_index,EPU_health_index,EPU_education_index,EPU_climate_environment_index,EPU_infrastructure_index,EPU_political_stability_index,EPU_corruption_governance_index,EPU_external_shocks_index,EPU_gender_equality_index,EPU_covid_pandemic_index,EPU_us_china_trade_war_index,EPU_oil_index,EPU_gasoline_index,EPU_diesel_index,EPU_natural_gas_index,EPU_fuel_rationing_index,EPU_armed_conflicts_index
2015-01-01,2015-1,34.96724165060689,0.0,31.982035094253376,34.346361544030486,63.756626798850874,8.733370127578564,19.46336856640113,0.0,37.62236938242054,47.89970418726835,74.05597681494405,11.102045810401744,37.76522127958828,0.0,49.36586303283398,29.196144655967256,28.862251247231526,37.4942876398335,90.69122476490016,24.989158959171988,89.30165665753756,0.0,0.0,0.0,0.0,90.9477334634711,202.7100193297863,0.0,41.215958789627166,0.0,86.15696586943425
2015-02-01,2015-2,74.3095708523173,315.4813821092572,126.4626936237364,166.38442560707725,75.68548555606928,58.473943057682426,69.81078328642683,342.12705613134085,68.96611182928865,49.26820936485572,72.01792358813044,52.4723741343563,69.05913120032164,0.0,64.94358574413536,28.863318667922556,35.49929678248617,44.04130589663731,111.066784404687,1.3423112657488383,12.4512708426897,0.0,0.0,3.789204544877721,0.0,238.97518473485073,228.9016458650313,0.0,69.93020643940595,0.0,107.92920741794848
2015-03-01,2015-3,86.03207795888153,120.9254674508841,116.1556570094982,87.30476924833181,61.81771903569679,74.60382078678357,66.52912389864032,289.68524076020987,59.95479581713942,105.36180918064665,114.07402608616891,40.4419970314285,42.599523377590955,31.929847394753473,40.34200770302992,50.21732751024237,66.74098278434181,62.29886783735922,175.18643012639606,53.849447312753,56.820790354970576,0.0,90.88959485044803,3.208388846192835,0.0,147.90455363177944,145.60744152429004,0.0,134.31568075530666,0.0,119.19865496042767
2015-04-01,2015-4,61.51987006379659,86.60424965981476,106.18206831656448,75.0627985193386,87.44855605592075,27.187629266419485,46.93776311471938,0.0,45.097733400699255,74.55766676498837,65.37560379185267,34.97232727798056,53.775879137910266,34.595369107478035,78.23051783118729,14.612837891400485,29.865125945985746,48.42024290031173,91.16119292586473,18.21683639006215,69.50067094990337,0.0,0.0,0.0,0.0,91.92281482176833,39.174137942552974,0.0,32.0770845350367,0.0,127.6490427089178
2015-05-01,2015-5,62.20923347103761,82.62789681774701,99.89213892153396,60.27805805252979,86.51947303083307,63.221849485593395,48.35603156521128,184.8928901849031,60.422807781200895,58.93440286882007,71.88137414475442,48.41244591223727,50.357612887160336,0.0,56.71175786058759,26.919342810116664,37.07374470297457,50.10889747867198,155.54735171393386,3.4362947809700115,53.12508122486958,0.0,315.26807557871723,4.147468602911112,0.0,32.9190440350526,0.0,109.74309803353157,29.836696543682447,0.0,158.4733008859024
2015-06-01,2015-6,47.82052884447967,185.60339911524113,56.39055491391684,84.66832025784724,51.62651059770176,73.30152255555336,41.06833850169024,76.58071699082994,42.043055114869986,48.60988800470648,74.96634677472419,35.95725598880838,60.766612494853405,94.97645391187989,69.68108561303818,33.0992088950316,41.96087481254533,58.982500034068664,114.99016597939188,0.0,49.07569864628311,151.79804654269242,0.0,0.0,0.0,21.59120268965724,0.0,0.0,29.354292395846027,0.0,144.39077182855294
2015-07-01,2015-7,42.56591102848129,26.955676297332293,54.82192818379709,57.10800910800711,99.3599281782633,55.68708624171325,78.98620024403165,219.042879625135,29.952224381674355,28.839231319402504,74.57448408551173,55.24636030088997,44.791883656787256,0.0,48.78859583346993,20.284043883479946,28.46815195279633,48.89515650860672,98.17814500152656,16.583400718576886,43.619876831834006,0.0,0.0,0.0,0.0,64.43502467335588,11.88717977508912,0.0,58.40170437259595,0.0,115.60959480269278
2015-08-01,2015-8,58.483997222642415,26.064839405701942,41.52229033511286,52.05158852663705,72.57912899735521,47.86375789982405,51.93060332344826,147.32557841004146,38.36851713502997,20.914609727261087,63.5593692113426,42.373686266352266,45.99463392831617,30.45253330456076,43.74398703276122,21.78032063171207,23.29099007921979,56.59405243316609,95.9197374799287,0.0,71.23281826238248,164.96874994755123,0.0,0.0,0.0,20.768520783130644,127.37622004604852,103.85486026967952,28.23581624701519,0.0,85.26272374162005
2015-09-01,2015-9,73.22681225086478,0.0,50.172594669212266,92.14813710023864,104.22648013242735,104.17858994716391,39.16382422611205,72.12055342037048,55.61952385684826,38.95320550087756,81.17764848067002,29.962803165028447,43.71823622346004,0.0,37.07066972762919,14.089681459703996,29.279668131753525,58.0343816440272,120.48929494202471,19.94474289415381,51.13967385650463,214.43568736959708,0.0,1.9213815339713831,0.0,99.55458249360316,22.50735904122317,101.68051032113276,104.1766126864744,0.0,132.2711430592218
2015-10-01,2015-10,66.95292212309961,0.0,33.901967094699465,107.71357641504343,64.5777973181204,64.59328962607367,59.74728975290767,28.846025248981928,34.3369832475535,36.62023840549447,71.48513458148686,63.39504865869432,69.74324239557298,75.56591638259327,62.18485745288272,20.148273438569245,35.10483650257032,55.377338007333535,82.68462707124941,0.8489587390256809,38.50510169628793,0.0,331.5531789223196,1.5369882124673642,0.0,79.6376029874225,0.0,0.0,66.34213098720134,0.0,128.74221181458506
2015-11-01,2015-11,62.04149650222091,0.0,23.466804714819855,56.885714698636406,35.28889994004406,78.31757703849203,47.5046325397914,32.609413741017775,19.149476862665203,30.8619484902556,53.65393064499716,27.41563304652882,55.031303141806134,0.0,37.64576371984881,18.496143123679474,29.96621199385452,50.481345795749135,78.16909909483526,0.0,19.53874512916976,146.0583906592433,0.0,1.737510943112848,0.0,9.193913159072634,20.35347063727824,0.0,24.99914608857937,0.0,95.8735871932458
2015-12-01,2015-12,46.79598725813964,133.84944372781897,77.09928829015567,47.54785095409152,49.602121810734474,22.654689973932175,13.867568959781774,0.0,39.54065539273993,6.59948180818495,68.08178027915194,32.912519823014414,47.712273788983985,28.827352101336132,46.39680691976123,27.97996535902988,44.68225150899999,46.49313897702064,81.66169094397135,63.79669188269557,97.84032120403104,0.0,82.05821721315753,0.0,0.0,39.320305818337886,21.761807950420792,0.0,0.0,0.0,121.25863447211628
2016-01-01,2016-1,40.38666540385763,104.44724354120376,18.244231210912567,45.48856022615023,64.75125895369781,32.51027781294386,50.604471865173885,33.35575595692136,29.30961854507093,46.808793454315726,51.56320657639506,24.107857927023787,27.075174510011788,0.0,34.8446989068776,19.14667089673462,42.275618387950715,23.773290044407535,78.31295576549275,15.503837354246848,27.31826359887307,0.0,0.0,0.0,0.0,82.68365157872871,136.17551766187682,180.0017398128997,0.0,0.0,100.0437304047034
2016-02-01,2016-2,83.4837529797349,20.903887418604743,61.073457652979336,109.22033883197484,80.98316427370872,56.547541877904294,54.45195698826452,361.9043312425472,46.92440177341099,114.81260295332667,50.22319748964952,33.98351140538137,68.44635850089871,101.8030511567716,69.18318623461886,34.22210178953924,36.941045163496625,49.57590772479985,119.34540458028772,2.6080266594577513,55.55763425355241,117.10270257144404,0.0,0.0,0.0,116.5938410288382,18.436804552944583,83.29114456302332,90.58000547218344,0.0,132.66233436691303
2016-03-01,2016-3,73.0148197236788,22.161575851724105,79.01671766464334,78.87980094197275,63.120182865968005,45.23589351920656,42.26438650542451,31.315817162861705,30.228060777983657,83.7017640773225,61.23056841968984,22.787233572087867,38.83516002132554,0.0,37.71366286588839,23.28892507568111,42.15506500015373,36.119215768635726,73.70009072834007,20.08554746440432,47.74177661502412,124.14822054433752,179.97035364973516,2.6017116825491,0.0,70.6335675427597,9.773030115916246,0.0,48.01488885112269,0.0,90.459349571156
2016-04-01,2016-4,102.5676589810127,137.44971695045257,91.58513246524524,68.1370398636846,98.43951666629448,132.52160244292725,62.3943762744804,99.6113006494812,54.95053408262282,69.8932562619646,71.06421496893962,65.95249563070662,93.87064787128534,27.453177588268584,58.98569547151423,36.06281590172751,67.27937890020469,42.49542657228258,150.99904425464703,17.38761271783446,42.55635417136502,0.0,156.29314838285944,0.0,0.0,28.08445607476973,10.362220855466752,0.0,0.0,0.0,131.78322385875293
2016-05-01,2016-5,111.37865329914924,150.17739051443266,138.50774387399733,131.19107118759823,78.14011509928274,94.72589534112194,56.66156183442361,182.50285061226236,80.5111761482524,92.72859721040368,91.3748313612342,31.10305966811017,85.57401804378289,424.9288859596511,79.68648068134745,38.436124317604005,71.27621677940755,84.53259483620127,112.468072940162,75.55998242399276,86.12111680680056,0.0,0.0,0.0,0.0,30.488947177061657,0.0,222.1231854116013,20.725604847980325,0.0,121.62850785503328
2016-06-01,2016-6,141.89712961317704,10.464996402039558,120.02658904864656,102.10560227481056,137.22503390089094,150.63724875059114,92.65109355956092,236.60405099633255,68.57541250129937,73.45208999720948,102.26136925585858,77.06771282803298,82.2793403287724,24.45329867603193,92.68711666768569,48.18320969448733,88.43914470284847,109.70238198419756,100.90551183563744,43.34131596962613,95.10586544544245,323.563357259917,69.60729821047424,0.0,0.0,75.04678724444399,9.22991448662087,83.39516097833776,0.0,0.0,121.5781893234526
2016-07-01,2016-7,141.27964109859138,104.74229225177216,154.68087821065598,190.66928909498296,113.0464793163584,175.22037440868496,91.8555734950577,33.4499812562347,81.32359844895637,234.70510842206332,46.07578783472156,24.17595922060295,73.50685815372239,0.0,85.35248943903748,28.45937276180555,42.95747902691611,66.0104465416406,31.583384513489605,41.92428730956419,78.39079903998851,0.0,0.0,0.0,0.0,113.17083782672036,126.12113490786848,94.3201626460508,76.93063494419818,0.0,66.69279064433404
2016-08-01,2016-8,85.83275281223086,122.9026490734992,80.77917233374316,129.807629203765,48.865794881214185,92.48974511361932,41.275439881686154,96.04293367792155,64.76103492314243,93.40429536767984,61.286898107691464,36.674571150469674,61.5789002544047,0.0,57.72785072173231,33.87887283000736,51.19325522776827,53.48574911154704,62.89193868215009,14.88033054615108,42.73428657337261,143.39291141098403,0.0,0.0,0.0,54.15677808808247,279.7484456972308,0.0,135.89012648870911,0.0,1.646920697408635
2016-09-01,2016-9,33.3328112539361,92.2871933291077,41.1236130723366,22.871786632348496,40.37850605832027,53.39416908466967,51.227188080100085,407.09477035947,15.101576915206818,31.44649609406963,41.91182356835643,20.747274358681818,45.70082531591264,27.472436218635657,21.55586344421084,10.225653026172925,34.26650649271311,53.22017401841252,21.39912876203354,18.377705921761507,57.9595539393228,65.86256877352176,0.0,0.0,0.0,18.736105034799024,342.19317128072225,93.6915821163156,25.472647978717312,0.0,31.285394810267142
2016-10-01,2016-10,87.05393328602644,87.15163570098908,48.1681330862103,170.75939974616827,62.32481246003887,146.17162305941912,71.4439683255448,62.75610925316769,40.701050051464065,148.17774589700556,46.26284218071556,32.70591377120764,93.49895034321734,0.0,70.56733191945834,15.4078466146747,35.35705524904156,46.17061596214384,39.045834310648395,16.431553191116837,83.76995956979765,0.0,73.84967743231168,0.0,0.0,35.38697280835509,567.9622834837712,0.0,0.0,0.0,21.228977700087583
2016-11-01,2016-11,85.96599164861914,72.65550781821307,88.29761573229763,136.2504873132249,126.65572633214072,57.388597089379445,136.43990515546884,29.977957885334376,56.96515595072571,148.9031925702924,49.09235796531614,46.57550646432825,127.07481115729232,24.78604925928173,67.91679448920736,86.65141628194424,47.00920781909715,72.94306319963457,53.99094083856633,21.874279296425335,70.25403255735678,0.0,0.0,1.597300408146463,15.036636372486676,91.21462213221564,28.066534272765793,0.0,22.98180993269717,0.0,42.33923762851501
2016-12-01,2016-12,117.67795821096507,219.9922978104398,160.1482161328006,96.34634819747671,125.6261643965019,150.93675920457233,74.4193793942695,39.6029878418297,75.25497190814936,108.04871150506948,42.832532633266304,29.01189239062878,95.27127926910464,32.744111897713324,89.06470529466755,88.8707623046797,40.06985049080489,38.39322515614481,71.32582485362443,54.057154581614874,79.89296731658688,78.50091286509638,0.0,0.0,0.0,142.83229155184512,0.0,0.0,30.360585028145096,0.0,18.644368855366142
2017-01-01,2017-1,50.75636621970675,248.19778329947889,47.3509192025499,80.36666321629178,64.45660155222014,36.19719896256269,63.797290009435706,113.44951726665464,38.63096851748177,93.91897974493492,36.608250840451774,23.798620454858323,38.960417978455624,0.0,29.314195972504603,64.46594679526619,38.363666917476536,41.29844976363866,40.66248311137955,6.677797602300206,69.11611079099299,0.0,0.0,4.029915600593073,0.0,42.648012338692226,427.75455575938145,0.0,86.97307711056656,0.0,29.475752640250985
2017-02-01,2017-2,67.74168489364287,34.759125622951295,95.9729809819926,101.77687944756494,82.53311729044358,73.32331943727131,67.09528755189602,0.0,56.69471688752832,66.36157318181743,78.80580567999347,27.207840965962575,78.54479603204314,54.14719368083668,40.522786453997014,77.90060069268186,44.62906878946124,94.35539859565029,73.09435780965012,7.709590042061075,52.64847684440929,0.0,0.0,4.465139000848202,0.0,118.09707618113153,20.437895679672756,0.0,214.29880485380556,0.0,25.52255802413713
2017-03-01,2017-3,68.54474829375357,79.87577054683851,65.80411625614677,63.96382533494189,52.00021523438333,50.884934494592194,89.7028402800422,79.10400755153032,60.083551787484005,82.3098446893561,91.2550904805517,51.18417283438924,56.11430429819786,146.66976817802885,76.53923764480345,38.785210128589455,53.74482003488587,59.17620188379797,64.19610720805034,43.48652588161035,58.01577954501391,57.0049130459352,0.0,3.064644377500197,0.0,72.97354570247543,8.97492899230317,0.0,205.15204790754663,546.596021374982,34.47506142144274
2017-04-01,2017-4,81.89307611026896,126.279340850157,73.90198667743982,118.40725684103832,49.007714249583266,128.90521350925732,50.553553495181376,302.51081123235207,90.01552961101012,100.15625553897917,33.79355399919025,41.836563913349345,117.71837177196134,33.343514542073336,64.53257061958264,23.848013905816707,53.038453007597155,44.19558062328546,43.590251287030654,19.931408507884797,53.8317385996635,0.0,94.91365524399704,3.3504375647982227,0.0,79.59055942517755,12.5855326098964,0.0,123.66542254120574,0.0,84.55532558195756
2017-05-01,2017-5,120.5737519973189,97.19206148657231,170.63804066707678,101.81598236042323,100.7676156544836,104.79742800969198,65.39771592341977,318.2065846853,63.10109020481031,168.3542272503893,75.13492257172597,25.638014047087644,126.56428281406562,106.97325853858668,119.47240611082712,47.568828666299034,59.84437253010459,45.67139239505645,83.50232615214483,32.50777135254372,109.9354036965019,184.5748855569894,178.37821749359395,6.811213947957036,48.819126767074856,8.751087066548497,0.0,0.0,215.9084959978816,0.0,48.86955804270981
2017-06-01,2017-6,72.88784759994374,122.59545307565966,98.20292624852266,80.8096387965159,46.39585698701014,50.81269138343848,99.1097077747716,70.35302407549695,66.48840246445995,118.70268215337126,72.00698624693602,54.99767193201403,75.71451577706006,0.0,73.49346074677489,33.45697712457996,56.841316970446606,92.33186679904765,61.81690108897212,20.491206862941844,28.80945734155199,69.7267670157113,0.0,0.0,0.0,39.670728150176025,0.0,99.1885260355053,271.65809475412465,243.02440181056625,31.037221333491654
2017-07-01,2017-7,54.25827262346531,102.4973853452614,37.533011536653255,72.5531911842575,51.417616130529694,123.95268589717136,71.57261319832195,203.01410274619465,42.96916073415748,98.6356978316714,59.20924447012626,19.051231708149466,43.075798697043425,157.6962605060759,29.83274326187187,23.993592594979457,46.15112264874704,31.109376806739085,83.57322765957426,18.238752857429443,115.59443621789012,0.0,0.0,1.966291114040835,0.0,20.808973686876513,0.0,0.0,128.35074596523853,0.0,44.238742626502685
2017-08-01,2017-8,62.19228888810514,22.67887921226841,25.06103810107926,84.64955653701965,79.33128380679896,102.99511235479922,66.37689429923844,0.0,49.42912353583909,73.52376596353974,74.46917939555439,46.63828251391462,64.58709836547484,136.94394476288795,46.16445301475632,25.81694021642739,49.80046535188569,55.25938369787231,56.31695352929698,44.686297110346125,101.34865071111196,0.0,0.0,0.0,50.40459231837363,81.31761148306971,10.001155649745144,172.93807208005245,111.4602046321946,0.0,50.20693705581999
2017-09-01,2017-9,48.09519696973324,94.88308264741651,28.351661674674737,100.30243285957413,108.36559150250004,70.94704831129913,71.9775798767678,0.0,47.81147843622429,132.78183111118594,101.12418193030696,21.16314971286824,88.81672107827616,117.73616482501498,58.98424183810984,14.765135738605876,28.220919332956893,52.62268484828196,61.33335483975493,15.878434217836654,76.42545684884139,0.0,0.0,1.820219722229652,141.73223644440705,94.3129780781448,118.14339630668474,377.004811502296,197.38331159564964,413.27896874624446,129.19401833212385
2017-10-01,2017-10,64.01558595108878,76.40312968570827,28.129290766759297,80.55679073621526,70.07933356307743,135.50925873934025,61.91644299479665,94.57272570814308,38.48004255822746,94.44417267665618,78.40107318471799,56.261474329216774,56.91812004654416,78.19359300432306,62.92518688901394,37.06912471117785,48.98841117476675,54.72051410630903,32.51948811205925,18.36366724855321,103.04877289233184,62.48724910925475,0.0,0.0,0.0,26.663877930555085,49.19037620739874,88.89008339887378,66.90497242597178,0.0,34.547213189673236
2017-11-01,2017-11,76.52034455683678,97.8331700715761,29.375741408705288,65.25617844457504,75.01922730601791,94.79226529302504,84.68049297106697,148.426548387221,55.538220076190015,77.59467159006002,71.64691495012526,32.565683929840326,57.54925548959921,0.0,53.42645352771373,21.068351280272704,50.12818229799249,54.35288493259938,46.89186814255432,46.51498207531942,80.08791454545147,61.9307993315668,73.53303963329452,0.0,49.14115266923234,35.23524766108972,117.80179883215152,168.60321275350762,95.80807307034704,0.0,48.94845182618862
2017-12-01,2017-12,67.83336182641712,13.343703612950918,79.23195706888201,115.3468700611312,74.90390478378079,72.19266194364612,42.21278472665874,0.0,54.52042078783384,47.8745473422149,42.662419976970696,27.62597396432486,53.30671942212919,98.7891996020845,35.88027137975896,18.260764075344536,42.39213636249323,38.72683255952385,45.279026817905965,21.96768315362356,60.63377528299206,74.75086925689115,0.0,0.0,0.0,42.529168355264346,35.306627508734046,0.0,0.0,0.0,23.573664543364753
2018-01-01,2018-1,49.20009966728401,13.526789134678248,34.66470963973669,63.89406157135595,47.57831522395759,73.85115915656985,65.43350467833248,114.68565002137606,37.28672672352832,97.06284336048736,54.46123471356049,47.740499755126606,47.7393859820941,100.14466077499443,65.37086646328814,27.364555807222967,37.59856340502801,54.19962994345013,46.11577701606496,22.26909607824955,80.30554764798383,0.0,0.0,2.03691254630461,19.17504880430101,43.11270012446491,276.3465262379016,314.0918650856541,110.440662440423,0.0,61.85833102527685
2018-02-01,2018-2,94.84085616398504,0.0,55.643162517384646,80.74966874917153,105.79331147951528,84.42024537915374,36.4450241200198,35.15040701953864,80.43679827055809,192.6054854005246,63.30099510100843,40.439748080541015,47.43136726467855,58.1253548492247,54.49503592662267,51.06238147376491,62.4267905985366,45.12143014356398,67.7153128840236,53.15199118887735,91.97181165918884,69.675021734067,0.0,0.0,0.0,67.31166420385064,132.53248759149662,0.0,26.947131498079063,0.0,49.64452352731259
2018-03-01,2018-3,56.790882350602764,10.939746565186914,36.78351555879533,42.163025797084416,40.77808187533235,59.18667323839395,108.73346630097456,30.917215051454516,50.85419346286564,37.534654483491565,51.65586546539946,61.41072781801763,45.687148694017104,51.12527131810069,40.11473020851509,26.840529693038658,44.134885862736105,53.78523078186726,49.10347945259797,23.469550612162013,90.98002528769112,0.0,177.6796082867,1.647346373936953,79.64344542011365,26.15044163881136,19.297268995200156,174.35685418643325,154.9351839645605,0.0,87.09066468762025
2018-04-01,2018-4,70.94115824496235,13.873917001544992,65.08208429128564,86.70092066138828,77.88021888114956,63.007771548176,84.5438142536507,0.0,53.06587847196245,112.2221144067628,36.65643532274286,53.014015211989914,64.33388659565637,64.83767852593564,66.3968177048748,51.39912836433121,68.97656303005371,67.91073785731619,67.19141399641315,6.923792629868385,115.38195259995264,0.0,317.61692713518113,2.0891843086683872,162.67528628325357,75.08482410156351,0.0,0.0,83.2158287003498,0.0,100.66961510515486
2018-05-01,2018-5,84.79139538537204,240.84481413550935,141.0701659780505,57.82058491518571,70.21953896533768,50.20725924403207,110.31254672454637,86.88516201225102,60.02330536988771,78.44849758621606,74.97281601088235,122.22208659881564,72.04304094957735,108.8637496031232,96.57333345050678,56.15501639461573,50.59511352892291,74.92233033299001,102.7392726780918,37.730450371045386,129.12485200475385,62.61226527953002,74.34217278030975,3.3661015603486653,31.687743205773856,105.01718028172976,128.95580865612874,437.66223504817685,115.46998363277469,218.227647241032,74.3536683928573
2018-06-01,2018-6,58.89926937252538,191.84162463090487,73.05917166977304,58.983318587925424,61.4322875061476,71.72299123850982,65.74668925642149,34.535306933159546,53.26740399997826,127.69712927396286,59.9916197656412,61.12669895400717,68.64415248372708,57.108214115443154,57.907552334643455,31.050791630471178,50.949274581293885,60.211720503763765,72.565294163877,26.216078408918857,96.91292479451415,0.0,81.28041420639774,0.0,123.60884383570692,38.94760149778492,130.21328985019449,0.0,0.0,0.0,59.43544329854186
2018-07-01,2018-7,60.68828627996213,105.45522572396231,32.060035894600766,74.6469105290537,65.8291507979989,78.85217032754808,68.21321854957083,180.37246280964092,46.34570256010962,115.85547915013126,57.238172809284656,71.12282067727679,119.7208221282773,31.39235096566343,14.400353785585876,48.055401100821754,51.21161317825189,65.90586969517379,54.09506514314536,56.29524479160888,83.79643210866301,75.26019381695812,0.0,10.11516891732029,171.39957452245335,156.11951414262964,35.54719370819235,0.0,109.68816093281292,262.31050664362925,65.04738908158474
2018-08-01,2018-8,70.4506011336378,104.70532003424591,47.64260630425256,92.85711144820937,65.89252374909907,38.022374568850694,76.13460655659007,33.43817399140721,56.01380997978403,110.21704699563776,83.2472634561184,38.14154288437047,137.7410355933651,115.2426350369808,92.11011365745162,41.8664760330658,41.34522086521734,94.5597463986493,33.221526099082084,36.00483539248986,72.02069276082213,66.28103903046613,314.7930478900797,1.7816693574807003,172.27498536338035,28.282722619596907,10.435374550175306,0.0,102.53797301422247,0.0,31.484172468786316
2018-09-01,2018-9,56.99508183396499,39.746304516679096,58.01985198435761,35.43883896131825,97.67120212622169,89.92591355605508,93.36770653420844,0.0,71.52826789399047,42.52361756404389,44.84246648747836,89.46875469748035,119.03911834284987,30.95806943056532,68.76098866707785,45.1880072015816,65.96888519165343,62.841871965783824,36.98917128832818,21.811391336720316,51.109267866139334,0.0,215.18194458120507,3.110742229134793,152.79637532743163,42.22658929186721,23.370289407625805,0.0,0.0,258.6817051683221,64.43929682525705
2018-10-01,2018-10,65.30343406986141,54.19463779423234,27.554999068937622,57.408091613425086,81.14934327538415,62.19966921905186,59.97604136444496,38.29035849541497,63.36858275574897,121.96262367267192,39.606754077001426,55.72464151622135,129.76939427481352,126.6352718825065,83.5673375022808,47.13554854910106,72.30483622943972,103.29269806410332,64.15924732307828,55.64618239939524,126.3206371350769,0.0,0.0,0.0,60.22472711928555,21.591202689657244,23.89928544918888,107.96875530057228,29.354292395846027,264.53707117051533,41.962156683495586
2018-11-01,2018-11,43.30154622925143,37.5357037802158,36.47550292935601,78.18940810672419,57.64046627370663,56.8222381711061,99.23506036095677,0.0,52.193046629916566,69.70113834593958,69.45147906832268,40.50767302509884,130.51044807014824,151.10350904034968,92.34690639747332,29.099408211196895,56.138792215403825,84.0070440070249,63.68472304959674,24.761008614312704,173.50851055731852,70.09114728380386,203.21400514761055,0.0,237.7943293869239,39.87804065264056,11.035243038688558,99.7068684634624,54.216139893484936,0.0,124.08079533338028
2018-12-01,2018-12,57.85549134761126,112.20076255065504,81.00350437648873,68.99413342715539,85.61342228712171,71.4776009489069,109.48880796941368,111.116674147011,47.44497252540931,74.22312969814898,76.6639962442928,55.01577434447938,138.09853656694702,33.40039047306194,26.87849134349494,42.749503072064726,41.0895048539668,93.03132331516564,65.69617884042589,7.133425583693824,116.72721618839252,80.07427870930086,95.07555486914669,0.0,312.188720810953,100.1371302701874,12.607000469358908,0.0,0.0,0.0,50.504942714654376
2019-01-01,2019-1,54.33144222447145,134.80994492966576,25.982988362380127,49.924048353020794,60.177146347982294,43.98423321909105,64.826661961282,183.7604306696832,35.16096021662282,36.60839541208351,27.923657080257513,40.50805174279056,70.1093327198296,0.0,85.70607759197372,28.095777474846148,30.653720108369416,32.312031772369885,87.00037459412228,3.4152476508293215,85.37039530874407,173.25423636794687,0.0,0.0,174.61900303532914,21.811611047044515,12.071627644200344,109.0709271595001,59.307896600508826,0.0,32.13964830847728
2019-02-01,2019-2,73.5429868461039,121.54490382014276,81.84632206144207,86.2846893497816,91.64314955352393,121.99772221323346,66.26762196300542,38.166940740393485,58.86885139884786,70.12620432802552,79.49267003613602,63.239122798646754,195.1514137660899,0.0,102.59902091352068,63.21991093521059,66.70522095354966,127.82202566257084,162.97379723359384,26.726326381040987,172.80139371610778,0.0,89.82762939893189,2.0336298508230555,117.46304903476477,94.60981888943977,166.75577172000524,215.24149928575,29.25967743244281,263.68441340687144,53.31008077655702
2019-03-01,2019-3,101.25271945500302,149.41205366001816,97.46429959111546,79.86646455673467,43.259736515416535,118.76144369597084,88.18308300918773,194.5980832326554,120.67755577516913,131.33373995029942,98.82994178083848,56.64041212454051,165.65327939822618,198.4922828177597,72.7665950574396,104.03832187209235,77.21088932529383,114.68405152243518,138.32526286762877,47.634182893067155,91.20901515252564,77.14633671869782,183.19817269363105,0.0,119.77949371581192,54.865073391754336,631.5931130787286,219.48619606706313,59.67339308736489,0.0,142.15280295722383
2019-04-01,2019-4,91.3206713228914,178.101851855805,163.90173949213784,45.78405305740624,32.88676851463512,76.57036501672808,106.45156551004334,0.0,93.73268349667386,120.94536421739646,114.8025890011202,61.97018013092627,161.14070423981798,98.31453848451498,76.48242866832001,126.22649082999496,85.4321575536854,144.89302213621002,108.58641753675438,162.54850676777102,147.90417254040256,157.13320801113852,0.0,0.0,164.4449755901007,64.72661811810521,37.10889050290373,111.76347306009028,221.9773251183316,273.83460839993927,145.0787061118114
2019-05-01,2019-5,104.66084510851918,156.84912802620158,121.47681930785284,139.42948233013695,113.00899757107788,66.64354420611076,112.61640718853972,34.49757717321801,97.60827906402322,149.06055477174846,99.0419826840532,107.70298469883808,193.68152084221072,204.4625389795183,100.53635734353256,146.00572033579027,99.46701486642124,141.70692409253303,111.28134034305076,123.83017184471947,85.55476607843435,0.0,243.5748465056253,1.8381170028196736,355.4661569806675,48.63131414258197,21.5319855066618,0.0,79.3399701973668,0.0,222.90878870772207
2019-06-01,2019-6,114.73025053590187,47.254769937593096,92.68477933564876,115.95974192226068,147.13470473819345,106.13597542729244,127.121594429298,122.44765078700226,54.33859393208342,115.49643206462092,148.1299603925194,107.24445937777176,150.17332563241152,0.0,106.4818443691608,65.43964163056089,100.83219805808854,99.44776206742944,133.8751261727813,119.71984784419077,24.30572325213018,287.6286693789531,209.54151895502727,2.3719310572099737,363.3222082503778,100.40720950039852,0.0,125.52382547632322,170.63561886119143,0.0,244.82724421103703
2019-07-01,2019-7,125.12600190393816,78.63784979644035,79.96606181413686,240.93132884148096,174.6145694332767,63.177353169239886,101.80393532604546,0.0,113.51387230063555,268.53840353988926,107.85682206033736,80.58516015736852,102.82180765019604,91.87556089070998,139.9235536945766,85.70007276320077,89.77927659906904,86.01073873117375,133.42042858249826,94.84039233999968,119.6684003468675,248.85608496486913,130.7637396880639,0.0,27.86848735311314,197.12701016519,0.0,0.0,117.91756137246053,0.0,118.48523619762904
2019-08-01,2019-8,159.36337201389807,81.35772688284638,82.73187827251418,180.85513613482655,207.87464682288677,99.59998812164032,163.55535807112176,364.1013711246392,125.62271951848066,238.11820555485696,136.66674424617176,111.53945235528448,113.12491042908287,126.7377276040943,187.9227159911416,93.01853381265283,121.67946953484372,158.88156788831816,79.49437043363046,209.30857322492471,150.53924134431284,0.0,981.607482439236,6.367457799118952,543.4218893209946,271.9268222747968,71.75586432195787,0.0,162.6613609547291,0.0,163.4444399004511
2019-09-01,2019-9,107.66928539136308,85.36345537113593,45.14791882185701,117.62806480369638,168.06751350645553,78.37791934529761,201.61340774224288,221.1957562603912,88.2975537811446,152.21385460813673,173.44402853495518,217.4564698678568,93.03115581330148,265.9555709994237,140.184718283641,146.84573170492507,169.4892076912075,171.01869651935834,100.52067390753542,273.0690731642496,144.550223939486,159.40083495187653,0.0,12.854336051976633,610.5137743105324,158.70816985546864,75.28883557040741,226.7527169894871,61.64899778210787,0.0,276.79358398624845
2019-10-01,2019-10,158.19102736955716,56.66844205533846,64.93803220042436,182.0676376175337,147.1417187952278,143.08552815953314,165.1622685346153,160.15274204168492,181.97208700445745,207.75689554819385,166.48462297331082,116.14344722596223,205.1355379013848,463.4551222445578,173.43304941639232,111.31750665434096,161.55279237756378,202.51336499467257,87.00547789726477,272.4025004943282,142.09499747399175,158.7271205184366,376.9267559901081,0.0,361.48938160060953,45.15353800017922,0.0,0.0,61.38843566130436,0.0,78.26840957650961
2019-11-01,2019-11,148.7618513115429,150.0420030247659,74.06540109520199,178.23110956073057,76.6735492310021,136.28180488844515,115.60435628265338,0.0,106.94630954116738,144.4737051526827,196.76042635720316,149.2752060386796,101.20062081707138,502.6447019138382,64.33103436891093,85.91362249088436,128.19463938733688,235.2778468733488,77.3264518204058,177.2127264334681,166.57699400319666,0.0,199.59908340926495,11.564590089036573,170.1549541165905,234.13597870250263,346.2296062307342,239.13581075525136,195.04705296505747,0.0,127.84268789975408
2019-12-01,2019-12,120.6997169132854,96.69052925692128,100.95948558763388,109.72409755331223,160.5996880708684,103.57441072457117,118.6676186526193,91.0868720362083,102.77345505451557,103.44687734329904,161.95341440966968,141.51788502622816,111.22081342129708,301.24582945896253,138.188010365526,91.03367036292592,153.3124655107675,222.68123691287815,94.98944416845816,234.79683087875085,233.48707394404695,361.1041991794433,0.0,4.853335855521946,228.441206428163,154.0864484256116,343.43755197988787,513.6821165646458,209.4880366942012,0.0,127.93635163150095
2020-01-01,2020-1,67.81477538615117,86.68806071310183,68.95671513536976,84.31999614934338,139.192919731303,119.39119265788008,73.91046425430773,0.0,75.05673839483784,92.74547623881983,231.95847955683715,186.3017086058992,101.98120557209413,67.52061694769851,83.95228394351886,116.9127056729285,125.75108142413892,263.4812462155899,151.56706174620334,151.4161822711217,131.303485785238,161.8742961838884,0.0,43.51266629088642,122.88561449239111,92.09764733484832,25.48570353504021,230.27129363242744,125.2112403229708,0.0,37.80960783852532
2020-02-01,2020-2,119.88495498519356,56.76440893434835,101.59583771002823,110.42754223340486,114.11428023688872,128.89650809516786,178.8771334416889,0.0,99.53071788524872,75.91359895359231,164.1063406958864,234.2554244774764,72.34374108033161,66.3199963245811,63.510886056032646,197.78038475369544,189.77803874876423,223.44941713469825,168.99287211747995,233.2203890768577,65.69336885757791,0.0,0.0,222.89024672127024,201.1675314862739,203.5350207823489,302.43442342005375,0.0,184.47718726669703,0.0,66.02185732270485
2020-03-01,2020-3,174.43609033129448,65.42495148158628,429.3824519945632,293.9252252267632,194.5430684455256,389.38485545829707,189.50832177009224,123.26655421946212,339.2571725833238,23.33219528020625,217.37456126062645,461.5098798415121,198.2969392453688,101.91791237388456,294.4493556918823,549.8721256679739,396.41738193768754,160.12161762086615,198.20688525707544,403.75151039267814,62.16785225155361,855.1849609714859,145.05671839176904,788.5886477178116,123.65847999234327,156.3922313233273,96.17246616996306,173.78965557164332,47.24952465017766,425.8065804006864,156.8010634131521
2020-04-01,2020-4,204.38063799113056,116.38674817962745,224.09751506557456,79.24518156628108,141.34959695555298,318.28856511716714,192.71582798844491,131.5699262745231,364.48313653364914,74.71163363682709,240.9868619251288,431.7900202281576,185.2972810205109,0.0,350.16701222497574,538.2743262116596,419.44946970995824,191.0742927043836,173.82641884473273,380.20957541893966,238.48334814732772,1241.2987274977472,0.0,793.5827136161555,0.0,204.0218715265042,102.65075034946751,370.992639741133,100.86461026017092,1363.4681543246977,178.0285657682345
2020-05-01,2020-5,289.7520321193384,93.04478411029204,256.74900009461226,115.53117108599812,237.73589032901967,276.50100395356566,292.4747209290856,197.21793251420533,433.7569292801059,145.67302101862342,312.0893627217658,484.1773232381451,188.13346007859457,271.76931179503913,352.77259835558044,551.7818257880019,439.8560013858985,267.01624664859,294.97562429115374,516.1124457581847,256.2646154562237,390.9247402636582,464.1613660683184,897.4006392645115,296.76747982895284,203.8802879931756,41.031805830182705,370.7351847517221,151.19192100067258,0.0,129.02237492530756
2020-06-01,2020-6,308.0039398327097,206.90977454155987,235.3181627343453,119.4967023618524,164.63606613406134,257.3879188756422,208.90689305856796,146.18880697169234,381.8852799146344,96.84841397366476,169.5032180862955,349.67358318832464,197.26471416405664,493.65590100083926,343.6074475539319,392.3247919479513,362.9404093220391,282.606459579819,171.19970238793996,629.7141653726478,147.4567730102437,0.0,420.06969119633385,704.6537024136286,109.99021050244885,346.05564220712773,0.0,206.10702207840723,168.10768376695157,0.0,120.89646003516611
2020-07-01,2020-7,232.49916901271448,455.35766231184056,268.23798023362065,123.03295035627464,223.57188818722793,218.16253128754192,255.1335452400656,0.0,337.0098375103548,185.4916282517082,212.66246460242996,261.1713984198368,193.56747845715984,236.44955670741217,296.3676894641725,413.1337903973582,356.19893951985597,184.64582443663437,179.14014173991143,356.8325320970932,195.17954370012455,141.71636496098907,0.0,696.3986332810222,35.86095919777955,221.7294301872952,66.93603645429428,201.59600046310624,164.42834578261824,493.9356332647962,309.16685206558014
2020-08-01,2020-8,220.21965602826964,166.62493857033655,193.5651812288591,121.55492402639396,138.37918441897523,114.7421569868607,207.30105737131433,0.0,321.82931817298623,133.7010179416293,200.0198363693683,358.865032354037,145.92628122842058,129.7827931389068,224.81354656353673,419.60111919912634,325.4978218176417,193.37406588260708,203.5108571996008,343.68873607935853,164.8692187835161,155.57098887598218,184.71597031329657,703.9534613091803,39.36683590477041,177.02281840666782,48.98660497207397,0.0,60.16778739629085,542.224286723989,188.17042638315223
2020-09-01,2020-9,222.0544967923792,118.44305115099894,248.52905934872533,108.00706220543104,189.79985048180495,188.8512091162252,242.16171630179537,0.0,301.73753655435445,133.27541120414767,215.8316171928503,235.3442481502805,271.7084650474681,288.4120009361895,274.229173532974,396.7747942258897,365.1926585761738,220.93721395279687,187.7472944361981,346.75659050892494,228.4566213804461,165.87825404002697,0.0,678.3422738912615,41.97506266524548,212.34528228264492,104.46436784680792,0.0,419.36519758605425,1012.3874384570104,165.545594245637
2020-10-01,2020-10,201.16105198949467,94.9557605544836,378.9608871749768,153.9364109745646,176.27338978394485,116.24701163205611,148.9223595965277,0.0,323.44052535130487,135.45451990812845,193.3952884951738,214.18414960098536,235.67150627623937,73.96026030153944,278.8503674839912,289.2495955038,213.1451257268527,144.9902995820657,146.4830023977877,317.4618135784627,200.12067218303793,0.0,0.0,531.0642073598051,44.86852779703295,327.86414584738253,55.83270273965371,252.23295619793743,205.72951667796903,618.0025628667186,140.14325395373362
2020-11-01,2020-11,199.45608074206848,170.84293310771002,185.3410368035079,191.1024037771391,240.365066513694,125.48989329087406,302.74213366934924,0.0,297.32661661417177,182.78075507480636,246.95411361090953,400.2357690999105,146.04768725274835,319.3635704763721,222.95809094018512,285.16104296702855,308.24105308112144,324.5083326942394,258.288013654663,298.4076986654794,202.8513221933781,0.0,0.0,586.2870664857163,339.0523920075487,299.48164627743745,667.9136349815226,521.1059541984049,353.00150959703495,0.0,80.23445332055135
2020-12-01,2020-12,174.5188988459305,66.9717951563091,209.7859440782003,105.85627222211942,213.15518652322027,76.86412669726988,254.3934285987627,189.2714224129004,233.90102964780704,53.73863758093457,156.4410448322023,245.20748157815677,108.66020194700268,78.24566998934093,175.36423261614132,208.7918835139305,168.32577813919036,189.29190828092405,123.49627616264029,264.0173401637639,185.8806216798908,0.0,445.458893442855,441.2474025468528,778.8195017370057,106.72654436405996,29.53388221842821,0.0,217.6499082537155,0.0,196.94714223109435
2021-01-01,2021-1,125.7009346786989,215.46375959320943,167.3326950033496,98.52776106828038,140.3560299106749,67.64043149359749,151.90059119390327,208.1985646541904,122.26204458470862,137.92916979106542,156.54916824934324,183.2312144452804,68.24951020087204,172.14047397655003,200.87143353547785,241.91847302257372,193.352109143972,141.2073318216057,90.95513004984042,217.52375321558668,113.67599797919344,0.0,245.00239139357035,405.7475125960653,104.43026579573164,293.49799700116495,64.97454088054207,0.0,0.0,719.1919934899504,53.55206971024343
2021-02-01,2021-2,94.72156569563214,100.55815042719811,128.63530873209373,105.96212849434151,127.72398721871416,136.83857789559983,138.22953798645193,0.0,179.46232535891508,263.7071995063519,164.20751496489092,276.1905912650814,125.19898227282847,313.295662637321,205.17129745959213,232.5814446485146,189.52412900021156,177.86517810478853,114.80887552503825,332.82729018332736,242.82655690180883,0.0,0.0,382.14788359187327,190.0630837482316,213.666541816848,29.56341610064664,0.0,145.2450387746461,0.0,73.8367603638287
2021-03-01,2021-3,177.24182074786447,102.61035757877356,143.3204393801744,141.39373503954522,130.33059920276952,141.32018722769476,217.9448037897001,0.0,207.811193258151,237.85744586418417,175.573282146789,171.56693905475498,139.15509937321104,239.76708875305184,137.64064039853994,202.91094907137392,214.85117763580976,180.7546669922685,191.52978244711207,269.67485459584447,274.1712718796687,0.0,455.0044411594877,437.52143144892426,200.5221896226228,190.7736980507572,30.166751123108817,0.0,74.1046116197174,667.8211368120968,151.44051626224888
2021-04-01,2021-4,190.3363733239003,50.178717778042966,161.92509352554814,181.1924821574303,14.707967206208446,23.03622479759495,162.2313298692189,0.0,191.9268898027864,199.0074452249351,170.20316267129664,117.83276035109242,146.1015674192086,0.0,148.1421330771443,220.2332542018817,213.6012061184258,127.6990704774323,243.0156530169673,199.4704701389099,58.071757949700235,0.0,0.0,413.64978893454133,71.13139361835015,39.98251156752397,0.0,0.0,0.0,0.0,207.5826785175743
2021-05-01,2021-5,220.58880533446984,91.70829952320852,445.7845679320852,122.6542579646172,120.9634731104312,147.35620677640767,170.2681802040778,0.0,225.68322971699328,311.69030829093685,234.71035786818248,244.0240323877457,184.3068653727879,321.4387783556646,182.3714528994783,279.6515699268062,275.30931743185886,184.22638197818344,184.63363547489425,90.74520120074384,35.377961067396036,0.0,609.9922740578633,479.1193637808965,130.0021092669163,182.6834317859508,40.44242968624712,0.0,99.346811747364,0.0,176.35944262992516
2021-06-01,2021-6,136.5953815843006,43.2508173880422,141.33754091383486,84.13866282429105,164.80514479834088,59.567218702426175,235.7099119350137,0.0,156.08157441337394,270.8578365004341,159.18083479004756,396.6368496945113,125.9301252077824,101.063116979781,253.34657325163133,284.5132266112314,209.1907179194117,205.1483046108814,178.1131429560735,113.62812409306076,33.36940585840839,0.0,0.0,459.9737030115681,0.0,68.92469090866066,422.72469413991854,659.619278798239,0.0,0.0,70.12104127651628
2021-07-01,2021-7,162.16235151953157,43.19508179862462,68.53640254142725,63.02267753430305,101.28785663656951,77.1876122057122,176.48098092479023,0.0,149.0109895457133,115.53345407756764,232.9306198418689,281.4887979341937,261.69761802642176,504.66440502145787,177.8819827740595,457.7035183409649,299.50424456907433,195.52927335888415,173.23866939809082,56.74084804904774,106.47080430477403,0.0,0.0,730.1322554966349,0.0,206.5076112920568,612.6658743062759,0.0,259.0843326546974,0.0,43.959624233795175
2021-08-01,2021-8,122.85836857105808,82.66185813990802,135.0636180126042,100.50472208511954,145.3749261713525,130.7795087127163,171.7401409579639,116.80683960253592,190.27503866503017,154.76639273720042,221.24238365055945,194.6851206804904,190.63974181995857,305.9907144271717,216.44833150278356,298.9347479121299,284.92770981187266,181.27140784566453,170.86518602982267,54.292106148040745,203.75177346610272,0.0,0.0,546.0968502710072,117.1782267251736,164.66287131384715,0.0,329.3646123472451,179.09375927823194,0.0,323.9343322670564
2021-09-01,2021-9,129.22887304768352,280.32937195953275,216.10007093034716,189.16306400695348,184.4908114065233,91.92472021979349,162.36263424991688,113.17843120389084,141.57993164872326,128.53614389131542,247.56811682037775,236.49148434094377,166.06995208031904,93.57696016646386,220.27156515930147,270.86686705219904,219.12393634970073,219.00882547289612,136.52914629128912,65.92929519940549,129.60888133903364,448.6838317163931,266.37058084605616,510.327586487891,0.0,223.36705387065953,70.64137658457979,0.0,240.2024398327899,781.9172211181062,450.0785219574296
2021-10-01,2021-10,189.39393299696593,190.66771032839995,102.88723513577962,184.0628474251188,142.1433934766989,105.03889532282204,58.52296145733581,0.0,172.29030882233408,218.41186713879165,195.19143526921664,157.36954283725805,174.95675906355743,371.4247839132725,207.95563653843553,244.51101603771957,247.44330259184497,242.8200782825976,148.23065874362993,103.35583239030991,237.85221628113104,696.3297024327785,1238.703799295674,429.20073356442566,0.0,121.53955734746764,67.26602070681831,303.884756101952,330.4779039241095,1489.1119774194651,384.2204961653144
2021-11-01,2021-11,166.9481831966507,168.22777152187052,88.97406670371821,163.632280273088,177.93468343891715,115.84590839242232,223.3515125609694,326.9367639582696,159.661903915632,247.47642760504837,341.2412602890967,236.6719386163416,164.71508994091386,98.27341989878325,169.2444511801369,238.02004332251968,265.54475778794614,320.6350502014951,249.74479534694427,117.4877756211327,223.55499755475853,0.0,279.73924236907027,412.0697174846712,59.61828222968368,201.0663818853652,259.653591850096,1340.600755902714,665.6534592632527,0.0,154.71434003700963
2021-12-01,2021-12,211.9761683698786,481.043569587942,182.1597448760043,161.72486033934914,278.556081160116,201.35816939205455,141.95610055844108,0.0,179.16812778592305,500.9436254547223,161.42666548359833,117.05447919774296,116.4900935467617,207.2061260828843,83.37309814880375,234.01375682131408,270.41899445447297,169.97178830378465,183.29585432564315,91.43217272050804,269.8870669198533,561.2428900332035,720.1194706222867,422.4252531417788,62.85154885854221,176.6423130099604,195.52523876089052,353.32632356298393,192.12306716223037,0.0,175.9970974824881
2022-01-01,2022-1,95.4901791776696,420.0376019500655,80.95717366344647,72.59100601491396,112.49910794367072,39.15572052110287,132.23292948149256,0.0,139.11604406753133,182.5017004869059,172.94151326288366,401.1631052174773,110.99830957027024,515.0207388283674,234.56399495971425,297.1738351070156,292.60986613680564,148.70566141634183,99.359707186842,77.30124819315911,200.19022777427637,238.8984523833467,283.6541681528613,471.2800662631127,0.0,305.82043198976345,75.22497735533497,0.0,92.39506283374436,832.6523079845482,68.20053661571713
2022-02-01,2022-2,152.69462153251385,249.21474703146993,64.20522507929579,171.70490748296697,170.44474512077002,57.205197638637294,92.07515910408596,0.0,173.26539271567094,393.4319401795135,273.98758872079617,169.68108181597907,105.87107585609868,388.2226302816866,209.71798607751597,220.02434910700228,226.95518149990843,204.21059122136472,91.645937337782,78.7444381397564,150.45015917088529,232.68176403136377,0.0,335.1990228095881,184.62946083409227,397.1497059792716,589.1310018112392,0.0,629.9351124055285,0.0,182.9907320045322
2022-03-01,2022-3,199.54338553091773,168.6509860414224,228.70384541413995,194.8021713974348,234.8094588442737,116.1373446399504,191.1862091116013,238.3153381576267,146.65302245908947,737.6873670659683,204.26714742892145,284.13947715950565,110.77548518409036,197.04129725617676,152.62545639979837,156.570570474842,162.72427580149036,208.2057252427757,175.64732833791777,17.53446854692035,120.19118101967032,236.19394160164845,280.44298889075344,229.31678269300028,59.76826532963257,571.121259573336,669.3603645429428,671.9866682103541,456.74540495171743,0.0,326.73962595119104
2022-04-01,2022-4,243.2063675856685,692.3968110033844,382.1215178643718,500.8408111856332,350.9973494300464,40.49525832840376,294.3909158724882,0.0,358.4294758226269,1242.3106727846214,392.6705753049685,258.6160227169937,310.22968095807755,429.582085604956,233.04459522343157,201.7547775076885,298.0944773215304,479.0541556030912,385.03842796182226,486.2524441836246,458.4914432261277,247.0712941754086,293.3581265370382,441.69973008526375,62.52075123297092,316.2827099262554,1212.228974766702,351.466711333705,95.5559465622672,0.0,520.7428278491366
2022-05-01,2022-5,310.3858027960279,270.0065412314487,390.17016427156193,499.693658131121,382.9142645228655,230.20319464017783,228.7349748287436,0.0,445.904904565353,1660.6793499237351,381.65935114674767,236.89760020835544,307.99761112618546,841.5289824843076,296.6620954539233,226.93934496192097,342.4695050923371,507.1007284951888,132.11608230729368,302.7937603099182,329.86877644639094,216.0807636056508,2649.122540708622,492.7192807937312,0.0,276.61088555115543,1230.277446865278,922.14511143941,83.57021793708064,0.0,419.2296472675621
2022-06-01,2022-6,253.75002483456444,205.640389421673,219.7279676539013,408.540901926192,306.61114813746826,113.28734845246696,259.2072326314535,232.46710900038437,271.8531241431498,1067.8112830807322,370.0262059476823,229.7329324524779,150.39316535870952,705.0808030186537,288.8602061437449,162.80466272108598,235.83063957859807,203.09638229203276,174.44925669720826,64.28814672753626,234.4834083696636,230.39777125559573,273.560952353557,300.20897809623295,58.30155943197288,583.0631043282742,764.7187717360775,954.9934253769952,534.6443145078998,0.0,472.7360579984454
2022-07-01,2022-7,202.159244684253,268.51308525286544,102.56567702683849,304.70777424684843,170.52601764848353,123.26994524534122,309.459081109963,347.88865270325874,235.77096189106433,816.8406913093064,212.61770572818105,473.83561439200423,199.40150281044853,209.1426319341262,260.0391171548248,270.34652723522424,270.4806838062239,333.91311908486784,239.54909207427815,128.73930262884258,162.10050527490571,250.69984455715692,0.0,419.63420839177826,0.0,285.2690811973939,911.0449014234932,356.62843873646966,775.6744393839579,0.0,563.8789005494577
2022-08-01,2022-8,214.63570989795252,332.63057924309237,172.36679569292463,297.2814659122733,211.1550892461481,153.54030307308014,148.79719447499906,239.52047261101555,303.94721609083285,728.1315975284369,250.3585643274429,260.8458655169142,196.4989507144195,99.0188567121748,187.6591875389363,237.304165659733,284.71919296610633,240.0050599436001,129.4481672228003,111.32970438953488,114.4304846914447,536.409133837044,281.86115824039064,325.64850098341816,60.07050687365096,702.0497891388895,601.0476845280277,646.2767902258345,550.8661394740056,827.3890190592351,217.4964759112746
2022-09-01,2022-9,161.8307139896789,52.5382186140011,153.16280932248395,375.9229062458496,246.3930305641942,168.8360300212445,239.8820573263007,0.0,203.9504895349005,834.904515045344,239.76053347842907,91.98340776455112,117.69088166469074,122.76475808672456,187.7162105278827,166.87367053758317,249.5157693995686,162.15143676789157,135.38189135328102,77.7536976237958,703.8290929188089,0.0,349.4548215801708,242.7033464771889,0.0,418.6256697038559,231.68821395491096,1256.025237995059,884.2665189289349,0.0,293.72666565213336
2022-10-01,2022-10,251.2622639725267,312.8475791068386,331.4933240901828,411.3440482487159,245.19143390466903,305.5570225124805,161.44308037260342,126.3071292235422,263.1568695234589,1143.453446965579,276.6117149730162,342.1717153962047,269.45663717501594,957.4692844752238,263.89051972141976,256.3772970903973,284.6478661249505,285.5526043503582,174.4383054865066,26.021151323629805,509.61060752340217,751.0967342932422,1189.0782728967945,285.05007146637246,0.0,391.7219933308881,991.884698958418,356.1529341514877,1042.7061296515062,0.0,263.84303277689577
2022-11-01,2022-11,137.97166421959923,96.32006745900202,114.9278585589496,239.1960022053495,155.27894113680986,110.54740060914818,187.0427906583055,136.10682028398944,150.82060822082036,724.4668467724707,351.1876670452062,297.7862208470052,202.3092859160745,806.6869713186169,196.06626883853409,256.041521985328,267.72770148752704,350.47430018128614,349.0915290858794,91.30281836032096,341.6509789972754,609.6258977946866,961.0007593454698,289.46530787430896,68.26978582910618,452.50937308176367,0.0,0.0,497.5495415440967,1880.6457301030316,226.17815720534733
2022-12-01,2022-12,290.8420749321746,416.68131525508767,115.48518783932656,397.18289222214486,160.47967122273175,167.56658618649834,236.2645776736491,171.92440456924982,211.5955587204648,752.4046551532615,170.1689175414446,213.85824564498273,227.2213834352604,142.14866725831266,269.3982165940084,126.04683957955656,256.527558183186,167.3310286745573,104.1822826905973,15.179567144974603,323.3635808550682,0.0,809.2637973435535,296.39357659228875,0.0,242.3622298285482,107.30822541069564,484.7816708051104,1318.0130560312716,1187.7762505913886,376.82169014507474
2023-01-01,2023-1,179.46111367560658,219.79923590644395,84.94035514588802,313.0052728167752,257.7028745900916,151.3593262110829,159.29118634917467,465.886952054049,261.7110633446406,805.8242866672568,293.3426692432654,355.04106069780545,293.05176057079325,256.799723473214,162.22777851726622,202.99730156567537,223.88231378950223,271.3500845377159,61.05922254985188,162.64543961961218,334.4829878547689,923.47959134415,0.0,279.6476897243747,0.0,437.84127421485255,193.85846623374843,437.8929518255996,476.2132418840856,1072.892973894844,152.9995307186186
2023-02-01,2023-2,284.4602225809454,158.1102994138335,218.68458940159604,624.1208843133453,231.71986070158596,239.3502768245177,258.6104366543702,148.9470863485167,349.86937286819136,1472.853274238876,325.80898392870483,232.1441280976345,339.456046383114,882.7895157826373,230.9184305381259,146.27763814371983,236.47142192620572,336.73656173391294,115.4469989816994,134.07832653012852,272.2261910871658,0.0,1051.6612083403254,319.3312377517297,0.0,335.9536821019624,185.9334345952619,0.0,658.6745287767521,2058.0651386033173,294.6503344120457
2023-03-01,2023-3,376.99234554570126,793.237695874832,164.06823998822537,745.5302922946602,475.1578435052835,900.7566097734564,380.2574907358204,133.04824005288856,360.1324786187115,1696.4372343014943,337.36317449760946,248.57636593678,428.2941431576597,697.0743522484164,313.8269294599342,287.11418204563944,322.6649600129997,455.2678165944622,234.56024538178536,65.75685194525475,363.22035871160824,1914.5653690051329,1252.5403155513989,335.70912928159197,66.73563333856447,525.1635508138822,1044.8223654758615,750.3221927348759,815.9833639025064,0.0,200.56219435958607
2023-04-01,2023-4,346.0791593000938,385.91395449034366,296.7909956761273,760.1124113686071,519.5437434795583,731.2541795912309,308.123697348978,311.61298328176525,428.02767211600826,1726.2732178276017,361.48255960690113,257.3921673411562,325.0940991273371,1309.91098522327,544.7885227970122,220.35575536605248,314.33709437937154,392.8416222637045,195.63706240510845,9.17098848342216,501.02645891735546,0.0,1100.0929745138928,338.6798943422176,0.0,571.0660040335165,145.87211891766432,439.33338916713126,1075.004398825506,1076.4222270984455,422.8607235454014
2023-05-01,2023-5,332.4014147239515,816.3100858066483,487.9614157588449,601.5634424095252,417.21908756669626,258.4581087110007,215.51453595794695,244.7812581851593,375.60825055684745,1388.7937175870898,330.00340880879935,407.38268824410494,336.88519413366396,303.58106844701655,302.12761303113894,231.5272468312506,357.33330082992114,214.32345451445653,96.24321900622648,3.6020419883208477,250.5938908940553,485.2046087165646,576.1038143879819,287.15204037426867,0.0,786.4832282468651,114.58688411103348,345.109432317333,750.6203554245278,0.0,223.2272579524091
2023-06-01,2023-6,296.8416639778703,207.2295732657354,249.38208786277232,687.2010260502663,442.6705251226117,95.1356918998048,187.14421990641816,146.41475566871196,345.39960759145646,1336.9575179668795,317.8418137107631,334.73732152343325,355.0164035827807,121.05705666047956,317.1117425959693,203.53726487184753,248.8992094492188,208.7052356294201,101.51677681152178,80.9812049195395,582.9528286288199,290.2228494177906,841.4378976668451,216.8474111181014,0.0,330.2419502578795,597.7410667074654,0.0,112.24500678102484,0.0,198.11525093219296
2023-07-01,2023-7,177.38676401662616,407.4590270013994,244.10393118787596,522.8557918970896,266.0968372558366,166.82744468517362,233.7801926939275,0.0,256.46465326485105,1005.5968965855966,244.30867147364185,190.01075295872232,283.46800712222665,107.58779623534376,251.08929191934732,185.40314424197751,280.4709568039947,244.8186543007846,184.66099924851437,117.92665600338748,518.0913188500639,0.0,0.0,181.08811723009205,65.26891612233229,110.06174887543683,162.43635220135516,366.9157975461755,199.5124158992392,0.0,217.25025085751128
2023-08-01,2023-8,273.114150710471,131.966076676113,168.81274111823322,531.6165556225601,267.1173485774229,338.96188664882703,248.912363658071,124.31804057435257,276.7702252111346,1095.019175282309,176.64756111278223,349.00869273398854,271.89835772191657,102.78729089150956,220.03690189436333,217.92988779933196,243.11478000186264,337.742973938983,81.46571687534919,241.47862589420237,254.54025138057585,739.2684392650021,585.1763154019658,243.7368748045893,124.71330954608374,350.5028573111025,546.3279347249039,0.0,571.8308613175045,0.0,194.76601829003135
2023-09-01,2023-9,198.45950616489236,318.8769509799352,80.17080217948654,269.99302045985024,191.04015182286304,21.372497451101985,147.5931884607287,0.0,231.7884595251768,824.8373412747667,208.09097186618447,177.24554959631865,336.8226486516893,0.0,216.23864584975829,151.94213925818065,211.09534545487944,237.9605036252985,114.95717825743716,274.12475767899934,294.344155335885,0.0,0.0,215.0621320172868,0.0,474.5206130444632,205.301500698935,741.9852794822662,201.72922052034187,0.0,129.62460241438518
2023-10-01,2023-10,258.04049888445553,346.5815130430265,170.5257830701043,508.9712353675171,391.8358885246316,227.29982518158684,237.9505291912129,139.92665719003935,290.11968563529024,964.4460022490003,306.07756835842866,349.48584458848956,490.96828782411944,115.69263760610082,252.31419539971327,188.71267675564795,292.9385015244749,263.79731544631295,253.5883799236752,381.2830230556907,274.8397375207839,277.362161851271,987.971238559006,225.435707995084,0.0,986.2746575740772,960.7018526059472,2761.894984188051,321.81323214471075,0.0,281.8234573279178
2023-11-01,2023-11,249.4240994723144,87.06333370320183,186.52224422921796,426.32683171636705,255.19278165577248,139.89271058903117,231.48017658370193,123.02642456838524,242.47567217767732,910.9969326686534,275.2299931195241,229.2484513041157,359.76133256521126,203.4387419722864,250.9026015946925,230.13988254050463,254.07990035808257,231.93608124305695,192.09940631581833,399.6564489515381,208.0587178718236,0.0,289.5482807378558,190.87604832822788,0.0,554.9780306931118,1621.9554010144548,346.90220858911135,282.9448807298302,0.0,191.78379315280185
2023-12-01,2023-12,314.6201911186028,257.84141135179004,225.1744484966301,399.3883667998735,272.07476567300057,260.4156612503504,284.6264536444725,145.73899525793328,310.3718760892043,1043.511022301229,259.1254630554715,136.14336349768254,373.09585696802503,481.9933271343401,281.22000694966897,208.64421320091856,277.2632091689335,226.72909844464095,244.19996596507028,248.7736445226146,326.0427566797495,0.0,343.00334795099843,246.9079263882814,0.0,525.6228329107901,594.9822617842002,410.9456932517166,756.2146456759039,0.0,303.2985990358853
2024-01-01,2024-1,224.0853342432982,107.0906820310949,210.548572198116,490.86360998586656,336.4031906662104,73.7453586172209,164.35042530670347,0.0,237.99099692403863,1054.8743968417898,189.93105190098308,409.207222850376,281.36265406182696,500.47230453246175,253.73868379221568,165.85586699575276,290.8431527101064,244.69956075275533,177.6428070079868,249.40400629677129,144.5918744264102,0.0,1225.8186836399327,223.16665684220135,0.0,469.3154872175178,901.1485092070448,1706.8031988090468,348.0312430702383,0.0,283.78775718657636
2024-02-01,2024-2,234.60957415666243,220.52225970876785,155.50949816417412,369.2019460399579,177.32758547337576,161.98103331361506,257.088110100592,373.93557993811834,255.19764446672113,960.4049913159906,250.878773350338,258.00409502907496,246.45531125739737,309.17335128683,256.2753930907417,223.6746088310561,308.57358510078274,298.5116868759647,162.65759531421438,409.34241590651186,536.9332173458133,741.2138825262257,1596.4037477564418,249.44614772427985,0.0,210.8551399508369,155.59692684550865,0.0,477.7797328113359,0.0,247.5471024939573
2024-03-01,2024-3,248.22439668807183,171.23567548267027,166.03568386366484,291.4765298989648,326.2426238025904,157.22296975523298,208.71586383361765,0.0,255.7311967370395,847.3043508237863,197.678611900557,212.3567561971736,206.06204357223976,200.06108725244,388.4166569030965,215.00672208629055,319.2035274489294,274.444518154705,126.84930014613758,284.85113654767156,280.7419681893554,0.0,1138.963862927964,177.65565692595715,60.684254070316605,306.99215778282763,188.782989148446,1023.4279716996774,92.74906690590429,0.0,80.90944887256444
2024-04-01,2024-4,196.42475800407584,121.74110221210424,204.1527887537629,236.83098192067396,285.46989134374553,130.40845902367312,184.01093976237655,229.37130004275215,189.1359640343157,796.833686572396,136.04010267280825,201.8648972702242,166.09423339572186,379.2925697788391,266.70240040359823,195.50508077741137,284.224973281923,208.7408829161779,178.42925276507376,356.3829940619697,475.7346472441922,0.0,1468.8460633110117,209.2128952441201,0.0,323.3452509334868,143.16424261814356,0.0,351.6829026020488,0.0,95.29055533590903
2024-05-01,2024-5,285.19863178768406,71.93000745865388,562.2806087126133,400.9822960036078,221.37699996640785,179.84439294547926,240.30651987279927,304.9260093915986,306.2125468327346,1573.3002454321786,208.84938982437393,252.36772710080768,358.57536905932375,686.457132722197,392.2596663461048,233.3757311018297,269.6086728762711,256.2743630218158,140.94711286921586,378.6694673533841,269.01258170840873,604.42333768233,1541.007536977516,231.1312945593996,101.9651736846736,229.2559461554164,510.1166507099464,286.6037560231929,587.2788873977859,1931.8533201815353,270.628842888382
2024-06-01,2024-6,323.6055403225406,84.75191776417876,295.3643157310151,507.74975609548846,244.9032838460797,97.27053201512912,271.63869090103765,359.2807089165232,330.2116935702094,1365.5891517049722,224.54164397181455,410.4045992630631,303.47255225266497,0.0,263.36269089973854,207.04789584401564,302.20037240159365,379.052129668617,222.27280862907187,289.0194701829931,346.0497117089513,237.3883483859804,688.2557772319201,182.2400109516653,0.0,101.29576887650823,186.8736795236829,0.0,691.9645044939778,0.0,124.1503818988489
2024-07-01,2024-7,235.6257853125178,166.7631018693169,152.64421368389935,318.58293545654027,256.62109946354735,285.0345359258214,224.59172772229107,0.0,253.30220073754725,977.4464140955594,129.99356127957373,231.71916649643413,249.11164772997657,406.0726182335405,180.7087391805939,202.09500804445457,248.6470023812386,212.64771192043807,182.6474909262707,334.9260306026666,285.940189218502,467.0999591375883,1354.254526841912,154.18155659676117,177.29765275021603,332.19300655604485,36.77041803563015,332.23221469355195,361.30606660359734,814.0108384028047,220.0409835689681
2024-08-01,2024-8,232.16070023439255,0.0,130.3535499317342,372.3270361988886,249.44046521568168,94.2904299313323,112.07338370587836,116.09111141869684,250.74950289275813,771.7456738523397,131.63268557997097,180.36593189617315,212.62802565836205,191.97038151796633,176.1219739952782,129.25025987423822,203.2062030159114,128.11399918684177,115.33895029252392,215.24849440502595,414.6795904564298,230.1154210457237,546.4514121768358,139.54293250528227,0.0,196.38468916989711,2137.550919041853,0.0,513.378676840704,802.0400907792339,59.721058132746954
2024-09-01,2024-9,240.6723058899331,340.19545239334343,206.21498610813828,427.931872276772,202.19671287412473,212.8274661336008,161.38820710986974,88.61585305674149,203.16766030054103,1010.4593255366073,110.99398132732412,229.60962493894755,230.23922660611584,219.80518894105785,225.5380544009625,131.74870527033082,187.2461114768843,212.5647186640934,99.65571439710268,273.3032390023676,323.9211553441299,923.8748134565326,1134.9549563095377,161.65561409882432,0.0,324.797128580335,2488.968614647519,249.87343368907,339.6750205206879,612.221435056927,192.8460064090208
2024-10-01,2024-10,138.0819686283207,54.10715653871301,118.13025950186406,183.21122403188457,103.08634965190814,37.25955972104947,155.81513362161292,152.91420002850143,135.46756725232436,555.9253653496773,123.26307337218064,158.25917047788295,180.48157280708577,126.43085659294636,237.06880035875395,134.83435371161474,205.17112883882484,168.75064299671166,132.31347574900877,211.05195884178147,252.233459461001,151.55301337636038,878.789862454316,77.88528193325847,0.0,323.3452509334868,1884.99586113889,0.0,175.84145130102436,0.0,161.85710839246542
2024-11-01,2024-11,164.00738529666518,289.1868378298508,142.6035741994049,317.71907088971824,211.40229797610283,60.345875156052664,223.96748862088785,74.29831130796599,182.88494565486448,781.0052864475813,164.79369564167467,161.46197222043992,227.57567733538332,61.430522085749224,152.76023431291273,216.04777628939684,173.288011762665,216.08610487881967,122.50467427271812,192.42532071255653,391.046085155883,0.0,174.8644518965874,141.2408482362044,270.98644762610417,184.17378077144272,1138.0560390454973,0.0,214.64467570773976,0.0,391.0170050738607
2024-12-01,2024-12,192.27590383302285,127.69288943136269,231.1529829879985,320.4024698882913,231.27915046760495,58.62170729445115,158.86500079185802,180.43875603363168,206.84402748693185,828.8249482959968,190.89764537645192,130.85495054125082,211.4028475330861,149.18841077967667,242.52454276891268,290.7233343990833,216.0054343034633,192.55774185920905,166.93696337749202,309.0127130347108,214.1508920114004,178.83255578410524,1249.3074435705205,111.70256122330676,45.253115178150374,203.4919445874743,480.9448900593492,508.7899059306966,69.16430417840292,0.0,566.5039390903956
2025-01-01,2025-1,150.11759793123403,130.9350917020809,85.22439669963221,258.09727838687655,278.24486398307624,118.60388645586562,170.75781886691624,185.02020882354816,140.28483573394232,749.9376219335854,117.16714247616795,192.39574444114595,206.6619279257241,152.97639777212945,178.50879347391094,170.82033268136135,152.59698766240768,172.9878648949445,68.18341114679914,133.4092230947817,186.62497834108967,183.37322614581103,0.0,106.26910511188234,92.80424011144122,182.57639071263876,173.22314121472644,260.8541998179842,141.84085817836538,0.0,267.2261059108856
2025-02-01,2025-2,202.99472007875477,30.89344099145871,162.1292130635969,451.6708786251447,248.4220552253743,85.09602671775168,294.7953948438993,87.30907550014436,163.63970085152982,790.405608501552,77.9559301103107,72.11725241632395,148.70652545351498,0.0,125.77154203835912,118.34445321291346,169.2724773999751,164.5997995918469,79.60704763446385,213.2740842522653,278.7486684172995,346.12752732407466,707.2465400540071,83.7368177100192,356.29016551004787,98.46384415522952,27.247388111195065,0.0,401.59918555201693,0.0,469.15331185786454
2025-03-01,2025-3,350.694135557377,335.18109382097236,425.14578934471143,299.86629661426065,299.3440083204686,212.97833135501915,450.53406320091625,73.72011433280672,231.13471064699905,1427.6419038242093,237.32089565295863,268.5774107553675,314.540821605077,121.90492709623388,288.178128869822,206.24098059315784,258.5289764103658,295.7593829237028,152.92613518438486,331.0563708531694,418.19120068805495,438.38330795325413,1464.6874527621344,177.69028300296827,912.5461578981196,124.70809833668176,184.0523959573332,0.0,452.1246343179646,0.0,710.5571975094929
2025-04-01,2025-4,349.0185240702325,281.6754913927118,341.32696808971605,464.199941234978,473.0025405841863,361.8974269927534,571.4870398501907,416.16473768350704,202.15041402744208,1349.033317337524,251.98383757648992,233.05441810477845,297.47785671266917,179.50477232848803,286.03033783357336,190.18121241787532,292.83340308572605,322.78143276037366,153.2838366151278,350.54484532761404,185.50539106326113,717.242870791866,1267.5104664867788,159.46530504968413,326.6936122486792,183.63243662639732,293.60153499496283,204.06012269947732,554.7938837839806,499.97304360263945,742.20386472367
2025-05-01,2025-5,250.2195803657358,159.1109975113894,214.30918121474343,337.0908670528805,254.3057632444329,205.6520278591355,411.9676655005717,149.88978942667194,201.66940851553937,959.745247158932,199.39608018300623,171.7089494212655,290.38962358468933,123.93024629640868,220.41404934392105,156.53128191799584,240.08662258424013,252.14040870192372,142.37045098327815,288.03153921613557,147.2045113145338,297.11104995776986,1312.6354435373369,108.29083752630524,611.6690341430411,291.4265499360123,894.5031601096074,0.0,344.72714899045764,517.7727168321637,559.8511100931972
2025-06-01,2025-6,291.13076597707527,283.26239556957216,209.96424189063544,349.7540690516225,398.0814451331372,115.59209889046708,370.10108619965087,444.7434127589514,209.83431559781437,1040.9588490553267,179.81775652650856,230.47200850679332,193.76967998589768,73.54358277871388,218.09622250239536,120.56688425916536,204.94307299629295,282.5527147853748,187.9009972300217,343.9277522730998,296.12483568347716,352.62757478555966,418.68953271013896,133.82632463209976,267.69448415243886,892.387662023556,724.0027037259498,501.6238509175883,954.662226687815,1229.0417165743756,364.95469971236827
2025-07-01,2025-7,251.02154967125165,229.9786173292124,154.75894114158268,316.4891296973573,227.50677232519345,79.18455316360254,414.474721086924,731.1947875290822,250.15215342924745,1796.582108276193,121.75917513266768,278.8122667752154,168.81249817350047,280.0020455058032,259.4819441115558,175.0200321126355,247.9113779139421,231.30512236559764,85.18267754238911,253.4527726327578,441.1407350554092,644.1652952772231,466.9042193743129,87.09033756865357,250.03712496079427,183.24746296470676,126.7727963149513,229.08636416262075,546.1274086312037,0.0,193.52086983342355
2025-08-01,2025-8,289.9539541246022,269.9505765598949,96.63713704396756,288.40920630001006,152.63574798135537,62.91168505639178,221.3763968960786,77.45735643307984,197.3662084181123,1591.2622404587955,117.3688131745568,169.467873842613,162.2886767526904,192.12734830579785,205.6436458424017,154.53646294499072,205.45812193024096,210.73012949115923,97.25865408201632,284.00979769046063,300.1598766013379,307.07143675112104,182.29940815057157,103.66695016661012,38.85181597469984,174.70690254852664,169.21006762430622,0.0,237.52254909999368,0.0,266.00544294885873
2025-09-01,2025-9,219.17973282648057,268.63263693819624,109.28401407110871,238.426866768496,266.2624187005992,162.95919179873565,284.82012769869164,84.35471675659542,236.4839865800751,1662.4836356984556,220.2351419661109,237.2303552147084,236.87109997365653,278.9809996770446,220.3004116107133,203.6075836509376,263.5914296908233,348.4452599422902,203.5171779978789,275.057030709967,607.1189377957245,167.20764343126496,198.53265909897507,78.92224975565112,126.93438362526598,323.07201251892695,344.37975971480864,237.85814836475137,517.3465316995411,0.0,258.658773919575
2025-10-01,2025-10,198.13871837458777,146.62897408457002,97.03169373698852,252.6197829846642,261.60340874958257,67.31495260189602,251.87275687743087,165.7573874324701,205.6794012641798,811.1517989513356,191.85726276359063,147.50714375894853,184.28428739168865,571.2727647589966,173.15650900355624,142.15606865069248,186.5546774623267,219.12837132174,168.30413411606895,259.9827940456232,230.6652414018987,492.84562617666813,195.0587718006553,90.7892338974844,587.6373186358263,369.0111938524336,129.3237799678331,467.3923020360732,698.9043860547279,0.0,408.91229562653814
2025-11-01,2025-11,272.3236334626028,314.87038277801855,133.9124523058334,288.3433046268919,230.1775661140317,210.25719097924411,233.19841718460768,161.7939315416851,187.10459333585283,861.1937239174032,240.30268684642604,194.09571261337467,231.51179844001263,200.65904951152075,221.49757170837736,147.42299895409005,224.37947216813703,365.4706270703285,160.74565916088733,261.40142185169316,236.1921568680644,320.7074014915637,380.7893700566166,126.02263452000771,330.1236802548266,337.37957032128566,915.0513767525622,436.55417683060216,419.7604779584436,558.8938634294235,484.6372361138931
2025-12-01,2025-12,170.38463543468913,61.900985181408494,113.32035808112197,239.70677601100437,190.51095472640085,85.25317542821846,194.09250070561197,349.8812443865434,171.51398209539147,569.7768784643547,109.33360442087124,228.35914056418085,199.34814912249357,144.64250352600234,247.64668482002563,157.88540393093473,169.35063224810668,169.93166331780185,102.18875079203184,180.20187897250557,350.9013608989561,346.7667286672401,502.6872758914578,79.7829415843228,87.74842278311706,172.62993914103606,27.29770646412432,246.64330619909123,402.3408276305987,604.3072152131624,347.16300800463716
2026-01-01,2026-1,145.7059720353162,108.243434259632,57.248921821472074,201.79920140513832,279.5619029341053,66.25704269017623,261.8044530563637,101.97023349586291,133.2971959880222,619.9699608665162,124.0759666008812,202.04241656790933,138.4815653147773,337.2396799110022,64.45798832981119,80.37937132585817,129.51201235312536,92.9939566818868,70.70113519596833,286.238706359827,186.36798442565924,0.0,1172.03513410215,54.97593187042177,51.147223828910555,373.7439509713435,31.822837567972694,287.52927945491473,0.0,0.0,305.044143315405
2026-02-01,2026-2,206.0714787098761,330.908952328011,231.60086805994143,419.4003000698168,249.138274165502,138.5138999639611,202.62545926536325,0.0,211.30271223152832,1027.0415956605304,174.03242788864938,188.16573673038891,302.59196102370413,356.3417454928584,222.2463796148589,135.6247156725835,176.33739366606352,217.66197321429937,137.3858426951678,230.32705687723956,296.1309381640705,170.85912973003687,1103.9734743356648,97.5366248453016,86.47092072258035,548.8487075547854,459.5014873178495,243.05250283313535,198.24163618013577,0.0,495.55994739754425
2026-03-01,2026-03-01,153.64285048424875,0.0,262.8974845556066,509.4333100689497,307.0288154296013,0.0,357.23391056248744,0.0,392.9573281496184,1681.0117568286096,147.26815385554346,305.653198717623,107.8247470187388,0.0,374.25919473996623,122.81650651599053,231.43055121250967,192.83791463721613,129.32682553961683,261.3731717775315,477.59874106522926,0.0,0.0,0.0,0.0,834.6349289720628,2771.570259435623,8347.334394175494,0.0,0.0,456.8660947155142
2026-03-02,2026-03-02,401.3527522853844,0.0,412.88655849503346,870.7954019888027,0.0,0.0,885.5903557699362,1933.272386074625,128.31259694681412,1870.4599369839027,283.6367621700822,199.61025222375378,140.83232263672005,0.0,244.41416799344728,80.20669813289176,151.13831915918993,327.6290046218416,304.40677433706395,502.32022514371164,575.7919282493997,0.0,0.0,103.00957734169027,0.0,2725.3385435822456,2413.3400898487052,0.0,5928.368929577392,0.0,758.2322579241022
2026-03-03,2026-03-03,408.8174211488519,0.0,131.31913178308037,585.9357505609988,479.49563968121294,341.95995921763176,718.7025361511045,0.0,142.90760768723462,1638.2609964305054,236.3713337522229,434.70677150950826,76.6753756577698,1740.531459096228,55.301139042765875,349.3447296454841,429.691670459251,315.50497514724526,275.8972278178492,495.6409775929486,339.62577142416296,4172.759634962456,4954.4928037366435,284.7116565224423,1055.906020823509,1253.6156638494851,1677.6193209855833,148.59259095976478,1702.6326223147873,0.0,1001.4962492170916
2026-03-04,2026-03-04,446.9610195905418,0.0,268.60731501084626,555.7454291661269,446.58736789760195,0.0,692.2764428613488,0.0,0.0,1675.494200894835,318.59027405075227,79.04162660981306,78.41799783181004,0.0,816.56551579629,267.9632869439793,168.31312815455243,42.184030564641034,433.05432635872444,570.2687384237051,0.0,0.0,0.0,291.18237598886145,0.0,2428.0288842823643,1529.7693368823243,6070.78865030945,3301.023608514685,0.0,1065.9058483078481
2026-03-05,2026-03-05,283.6483393555361,0.0,227.28311270148524,0.0,188.9408094951393,1447.8035622389632,614.6623518216787,0.0,120.9099471229595,1034.4687734329905,478.6440860302596,188.09427613392185,448.6712294822706,0.0,230.31335060920998,182.74414875116386,634.8251996083206,467.70097783424956,0.0,321.69005757234646,1091.5395115430415,0.0,0.0,248.4162909510356,0.0,1027.2429895040773,2274.1089308189726,0.0,2793.1738225893487,0.0,1232.5054553185464
2026-03-06,2026-03-06,129.38345303936737,0.0,0.0,0.0,0.0,0.0,300.8285562631473,0.0,0.0,0.0,82.6768583048665,0.0,0.0,0.0,0.0,0.0,0.0,0.0,108.90680045441418,146.73581573475454,0.0,0.0,0.0,132.82813920375852,0.0,702.8504665027897,777.9846342275431,0.0,0.0,0.0,256.4862286122185
2026-03-07,2026-03-07,158.5990714676116,0.0,0.0,0.0,316.93297076604006,0.0,184.37879254838057,0.0,0.0,0.0,198.82808126679947,0.0,111.30296466450457,0.0,80.27584699756338,126.77832930682892,291.90773503649535,258.9326004269394,214.16177767679542,269.80456441551644,417.117573230105,0.0,7192.005682843516,0.0,0.0,861.5586363582585,953.6585838918273,8616.603245600509,0.0,0.0,471.60371067407914
2026-03-08,2026-03-08,0.0,0.0,0.0,246.99796851827867,0.0,466.3090352967706,519.6129608181634,0.0,0.0,543.3573355405607,190.40731003545017,296.39098057466475,209.11466088482678,0.0,0.0,480.06307628633937,411.32453573324335,0.0,376.22349247888536,422.42128772126307,0.0,0.0,0.0,152.95361484069167,0.0,2428.0288842823643,1791.7221879179783,16188.769734158535,2200.6824056764567,19832.264062904695,738.3694460048714
2026-03-09,2026-03-09,223.48050979527085,0.0,134.3036575054231,370.4969527774179,223.29368394880098,0.0,129.90324020454085,0.0,142.89357387258846,815.0360033108409,71.40274126329378,444.586470861997,78.41799783181003,0.0,0.0,89.32109564799309,0.0,0.0,188.11174623944265,126.72638631637889,293.87829023030116,0.0,0.0,114.71521113051872,0.0,1214.0144421411821,1343.7916409384836,12141.577300618896,1650.511804257342,0.0,221.51083380146136
2026-03-10,2026-03-10,0.0,0.0,0.0,0.0,0.0,0.0,121.6115440212723,0.0,0.0,0.0,66.84511948053036,416.208611019742,0.0,0.0,0.0,83.61974911727015,96.26744453331229,131.2938993274663,176.10461350075482,237.27493608173074,0.0,0.0,0.0,0.0,0.0,1136.5241586002558,1258.0177064104955,5683.291502417357,0.0,13924.781150550105,414.7436888197575
2026-03-11,2026-03-11,84.76846923268897,0.0,0.0,314.0719967955474,202.62727055012652,265.3137614619557,328.0806611706854,0.0,0.0,961.9129787333491,399.98036989451657,345.29085794389863,170.95621602292888,0.0,0.0,96.07875045773837,0.0,0.0,490.2625662352576,192.27451716967835,222.94215120919404,0.0,0.0,135.69272137432802,0.0,4100.304136251799,6808.991185883778,13419.304166935359,1252.1124032297082,0.0,989.3882624509666
2026-03-12,2026-03-12,185.53098926399846,0.0,111.49737604223805,343.7014304555048,185.37588856126874,290.34336159987606,359.03166694150474,0.0,118.62862736592251,1729.2931492870048,202.95246661790762,184.54532752762142,65.10173404904985,0.0,451.9356313841102,449.5076720353776,85.36924326539014,186.47184826564768,172.44475091874676,368.22383948532746,0.0,0.0,0.0,95.23526961778913,0.0,2576.1822274442425,1827.7974891220547,20285.763566936843,0.0,217.2496531150608,701.0071818543589
2026-03-13,2026-03-13,0.0,0.0,0.0,0.0,0.0,0.0,0.0,0.0,0.0,0.0,128.59361292280235,208.10430550987098,0.0,0.0,52.947899083499244,256.032382815743,253.8371815290635,170.78533219649194,229.3079473457106,177.95620206129806,50.05350944583153,0.0,0.0,0.0,0.0,568.2620793001279,977.2224115681831,5825.5610044001105,0.0,13924.781150550107,311.0577666148182
2026-03-14,2026-03-14,578.4201429995247,985.8642198744914,521.4141997269368,479.4666447707762,0.0,0.0,603.8516810802262,0.0,184.9210955998204,2109.5049497457067,685.8421225229716,0.0,101.48211484116594,0.0,0.0,279.49105103119183,219.30339422602893,715.3073778641465,243.43873042751406,409.99713220004946,0.0,0.0,0.0,148.4549791100831,0.0,3142.155026718354,4347.561191271565,23568.944171789626,0.0,57746.886536104845,1741.6778039097726
2026-03-15,2026-03-15,573.4437945605996,0.0,422.0972093027583,1579.1579685134047,350.8900747766872,2688.7780441580753,408.2673263571284,0.0,864.0230012168914,2373.8745251831547,664.5018300858445,698.6358827831382,246.45656461426012,0.0,0.0,280.7234434651212,646.367127580811,440.7723763136368,147.80208633099065,398.2829284229052,0.0,0.0,0.0,180.266760347958,0.0,5524.879189366839,0.0,0.0,0.0,23373.739788423387,1940.8502496178612
2026-03-16,2026-03-16,163.88570718319866,0.0,196.97869767462058,815.0932961103196,327.4974031249081,512.9399388264477,1065.4147431575764,0.0,628.7317250393894,3411.0023616935114,157.08603077924636,652.0601572642624,230.02612697330946,2610.7971886443424,0.0,262.00854723411305,301.6379928710452,617.0813268390917,275.8972278178492,464.6634164933893,431.0214923377751,0.0,0.0,336.4979526495216,1583.859031235263,1780.5545151404006,2956.341610064664,0.0,2420.750646244102,21815.490469195163,812.2063906053585
2026-03-17,2026-03-17,590.7327796779833,0.0,849.965067081105,2008.2479796344917,533.8964385709178,0.0,524.9339945145497,0.0,548.1613041407148,3455.914213039422,1140.5940379861236,987.3915367527585,924.5218536337418,0.0,479.0517692671569,190.05391470121043,388.7440140087129,246.83253073563668,651.4737451782536,223.03843991682692,0.0,3755.4836714662115,0.0,258.3529425890769,0.0,4222.186443509967,15960.519923680942,10818.32135640842,0.0,26408.873195336164,1966.3359460527897
2026-03-18,2026-03-18,1008.0720998569739,713.1783718240999,904.2181564692607,1287.6231710762067,627.1226868349303,1331.0152539225523,1350.517491725179,0.0,401.31812236556755,3745.78331255698,1578.397096719498,708.2043338413154,293.65037485954394,1666.466290624048,509.629541773571,167.23949823454026,351.17989765566676,131.29389932746628,1263.2130717872935,642.3330219140967,275.12010149219685,3995.1953951768196,0.0,547.4398228290161,3318.637494683093,13733.93163694025,16631.062956191257,22385.55338061821,5822.807692071664,13924.781150550105,3963.8993996730073
2026-03-19,2026-03-19,405.4683021620578,1963.4471726784523,643.123280156148,615.1647517813732,185.3758885612687,580.686723199752,818.7533477872996,0.0,118.62862736592251,2983.415539949803,554.0100372292972,184.54532752762142,390.610404294299,0.0,451.93563138411014,74.15336242474898,226.0544395613332,384.3120216984331,614.5978728096732,368.2238394853274,0.0,3542.9091240247267,0.0,243.72919112177075,0.0,2519.652615764718,9682.550060072559,29931.13981351486,6533.858130465874,33971.45838507907,1358.5704576047647
2026-03-20,2026-03-20,112.3351061350198,0.0,196.97869767462058,0.0,0.0,0.0,348.50214981333517,0.0,0.0,332.1561436809539,126.9126685860696,163.0150393160656,222.76420723215864,0.0,282.55661242546415,133.03041834043015,123.42962731333846,102.84688780651527,137.9486139089246,92.93268329867787,0.0,0.0,0.0,168.2489763247608,0.0,990.1462382040276,1750.9380924166317,4563.356120113419,3697.725112980193,11099.649094849217,426.23963067067535
2026-03-21,2026-03-21,114.33886547665021,0.0,274.85399675528447,189.55658049077198,228.4865603197033,357.86507359984716,309.6031576488361,0.0,0.0,416.9951644846163,106.80953980182136,0.0,160.4833443999833,0.0,0.0,91.39833043050456,105.22255565269015,186.67233984267725,346.88213819804963,0.0,0.0,184.9735371579633,0.0,297.9540591513931,0.0,1311.92336914481,877.8240633064097,6367.473655972213,0.0,15487.882457929141,410.70761078493973
2026-03-22,2026-03-22,511.53652349250603,0.0,144.13075439606382,397.606485907473,890.7254639583691,0.0,1047.3991452281887,0.0,0.0,3679.7015971486626,940.0834480195514,561.9423485063329,1053.9369746721097,0.0,352.80110947813137,194.67866098599538,584.4334291097883,683.7230618797413,1057.3453849795385,67.99952436488626,1069.009995856217,0.0,0.0,0.0,0.0,5149.007857938983,10353.290362973312,25661.488021684294,3542.5619213328323,44195.159171324136,1444.3181788520064
2026-03-23,2026-03-23,126.0659286024605,0.0,0.0,1342.7527199866288,0.0,0.0,819.5498024289046,0.0,0.0,919.5277986071028,557.6351758458608,501.58473635712494,0.0,0.0,0.0,0.0,191.1875744534611,158.22598124079275,530.5715919574023,130.71352664921852,0.0,0.0,0.0,0.0,0.0,4651.408590496857,10674.40734000966,26806.008776817092,5586.347645178696,33562.29302953102,1596.3527580971338
2026-03-24,2026-03-24,109.25713812213242,0.0,186.94932235065357,0.0,218.33160208327206,0.0,295.84301730888785,0.0,139.71816111986428,796.9240921261555,136.97045598379518,217.35338575475413,76.67537565776982,0.0,0.0,174.67236482274205,0.0,411.387551226061,459.82871302974866,61.95512219911858,287.34766155851673,0.0,0.0,0.0,0.0,0.0,656.9648022365919,0.0,1613.8337641627345,0.0,609.0423100225936
2026-03-25,2026-03-25,306.7546732525565,0.0,155.50949816417412,428.99647163701025,517.1011628288022,404.95258328403753,150.4142781315736,0.0,330.9114342312575,996.3200182551508,155.89813409138526,183.0437668858829,181.59957392629693,0.0,315.16563767576105,210.04802895857392,194.88888523158704,324.779645704785,326.7204013632425,0.0,0.0,0.0,0.0,469.9866798224402,0.0,781.694398582127,1424.0124201377257,527.8947310412696,0.0,17525.76172870929,544.7668288581148
2026-03-26,2026-03-26,551.9209858734934,0.0,155.50949816417412,428.99647163701025,258.5505814144011,809.9051665680751,841.1169024928233,0.0,330.91143423125754,2692.8966013369823,937.9274257109165,1041.8072231229996,181.59957392629693,0.0,356.59446717709045,206.84885307956296,238.13525752977247,162.3898228523925,435.62720181765667,0.0,680.5602510596449,0.0,0.0,472.76622155780717,0.0,4070.96361321767,18020.702421513688,33934.85744081278,1911.1189312453437,64604.00022329068,2347.2279106334636
