date,ym,mongolia_ub_post_body_count,mongolia_ub_post_epu_count,mongolia_ub_post_ratio,mongolia_dnn_body_count,mongolia_dnn_epu_count,mongolia_dnn_ratio,news_total,mongolia_ub_post_weights,mongolia_dnn_weights,mongolia_ub_post_z_score,mongolia_dnn_z_score,z_score_unweighted,z_score_weighted,epu_weighted,epu_unweighted,epu_job
2015-01-01,2015-1,0.0,0.0,0.0,19,0.0,0.0,19.0,0.0,1.0,0.0,,0.0,0.0,0.0,0.0,0.0
2015-02-01,2015-2,0.0,0.0,0.0,10,0.0,0.0,10.0,0.0,1.0,0.0,,0.0,0.0,0.0,0.0,0.0
2015-03-01,2015-3,0.0,0.0,0.0,15,0.0,0.0,15.0,0.0,1.0,0.0,,0.0,0.0,0.0,0.0,0.0
2015-04-01,2015-4,0.0,0.0,0.0,23,0.0,0.0,23.0,0.0,1.0,0.0,,0.0,0.0,0.0,0.0,0.0
2015-05-01,2015-5,0.0,0.0,0.0,27,0.0,0.0,27.0,0.0,1.0,0.0,,0.0,0.0,0.0,0.0,0.0
2015-06-01,2015-6,0.0,0.0,0.0,6,0.0,0.0,6.0,0.0,1.0,0.0,,0.0,0.0,0.0,0.0,0.0
2015-07-01,2015-7,0.0,0.0,0.0,12,0.0,0.0,12.0,0.0,1.0,0.0,,0.0,0.0,0.0,0.0,0.0
2015-08-01,2015-8,0.0,0.0,0.0,10,0.0,0.0,10.0,0.0,1.0,0.0,,0.0,0.0,0.0,0.0,0.0
2015-09-01,2015-9,0.0,0.0,0.0,15,0.0,0.0,15.0,0.0,1.0,0.0,,0.0,0.0,0.0,0.0,0.0
2015-10-01,2015-10,0.0,0.0,0.0,8,0.0,0.0,8.0,0.0,1.0,0.0,,0.0,0.0,0.0,0.0,0.0
2015-11-01,2015-11,0.0,0.0,0.0,13,0.0,0.0,13.0,0.0,1.0,0.0,,0.0,0.0,0.0,0.0,0.0
2015-12-01,2015-12,0.0,0.0,0.0,20,0.0,0.0,20.0,0.0,1.0,0.0,,0.0,0.0,0.0,0.0,0.0
2016-01-01,2016-1,0.0,0.0,0.0,15,0.0,0.0,15.0,0.0,1.0,0.0,,0.0,0.0,0.0,0.0,0.0
2016-02-01,2016-2,0.0,0.0,0.0,22,0.0,0.0,22.0,0.0,1.0,0.0,,0.0,0.0,0.0,0.0,0.0
2016-03-01,2016-3,0.0,0.0,0.0,21,0.0,0.0,21.0,0.0,1.0,0.0,,0.0,0.0,0.0,0.0,0.0
2016-04-01,2016-4,0.0,0.0,0.0,10,0.0,0.0,10.0,0.0,1.0,0.0,,0.0,0.0,0.0,0.0,0.0
2016-05-01,2016-5,0.0,0.0,0.0,25,0.0,0.0,25.0,0.0,1.0,0.0,,0.0,0.0,0.0,0.0,0.0
2016-06-01,2016-6,0.0,0.0,0.0,12,0.0,0.0,12.0,0.0,1.0,0.0,,0.0,0.0,0.0,0.0,0.0
2016-07-01,2016-7,0.0,0.0,0.0,13,0.0,0.0,13.0,0.0,1.0,0.0,,0.0,0.0,0.0,0.0,0.0
2016-08-01,2016-8,0.0,0.0,0.0,24,0.0,0.0,24.0,0.0,1.0,0.0,,0.0,0.0,0.0,0.0,0.0
2016-09-01,2016-9,0.0,0.0,0.0,29,0.0,0.0,29.0,0.0,1.0,0.0,,0.0,0.0,0.0,0.0,0.0
2016-10-01,2016-10,1.0,0.0,0.0,8,0.0,0.0,9.0,0.1111111111111111,0.8888888888888888,0.0,,0.0,0.0,0.0,0.0,0.0
2016-11-01,2016-11,0.0,0.0,0.0,28,0.0,0.0,28.0,0.0,1.0,0.0,,0.0,0.0,0.0,0.0,0.0
2016-12-01,2016-12,0.0,0.0,0.0,25,0.0,0.0,25.0,0.0,1.0,0.0,,0.0,0.0,0.0,0.0,0.0
2017-01-01,2017-1,0.0,0.0,0.0,26,0.0,0.0,26.0,0.0,1.0,0.0,,0.0,0.0,0.0,0.0,0.0
2017-02-01,2017-2,0.0,0.0,0.0,12,0.0,0.0,12.0,0.0,1.0,0.0,,0.0,0.0,0.0,0.0,0.0
2017-03-01,2017-3,0.0,0.0,0.0,7,0.0,0.0,7.0,0.0,1.0,0.0,,0.0,0.0,0.0,0.0,0.0
2017-04-01,2017-4,0.0,0.0,0.0,7,0.0,0.0,7.0,0.0,1.0,0.0,,0.0,0.0,0.0,0.0,0.0
2017-05-01,2017-5,0.0,0.0,0.0,6,0.0,0.0,6.0,0.0,1.0,0.0,,0.0,0.0,0.0,0.0,0.0
2017-06-01,2017-6,0.0,0.0,0.0,9,0.0,0.0,9.0,0.0,1.0,0.0,,0.0,0.0,0.0,0.0,0.0
2017-07-01,2017-7,0.0,0.0,0.0,38,0.0,0.0,38.0,0.0,1.0,0.0,,0.0,0.0,0.0,0.0,0.0
2017-08-01,2017-8,0.0,0.0,0.0,9,0.0,0.0,9.0,0.0,1.0,0.0,,0.0,0.0,0.0,0.0,0.0
2017-09-01,2017-9,0.0,0.0,0.0,10,0.0,0.0,10.0,0.0,1.0,0.0,,0.0,0.0,0.0,0.0,0.0
2017-10-01,2017-10,0.0,0.0,0.0,6,0.0,0.0,6.0,0.0,1.0,0.0,,0.0,0.0,0.0,0.0,0.0
2017-11-01,2017-11,0.0,0.0,0.0,5,0.0,0.0,5.0,0.0,1.0,0.0,,0.0,0.0,0.0,0.0,0.0
2017-12-01,2017-12,0.0,0.0,0.0,11,0.0,0.0,11.0,0.0,1.0,0.0,,0.0,0.0,0.0,0.0,0.0
2018-01-01,2018-1,0.0,0.0,0.0,175,0.0,0.0,175.0,0.0,1.0,0.0,,0.0,0.0,0.0,0.0,0.0
2018-02-01,2018-2,2.0,0.0,0.0,132,0.0,0.0,134.0,0.014925373134328358,0.9850746268656716,0.0,,0.0,0.0,0.0,0.0,0.0
2018-03-01,2018-3,1.0,0.0,0.0,140,0.0,0.0,141.0,0.0070921985815602835,0.9929078014184397,0.0,,0.0,0.0,0.0,0.0,0.0
2018-04-01,2018-4,0.0,0.0,0.0,175,0.0,0.0,175.0,0.0,1.0,0.0,,0.0,0.0,0.0,0.0,0.0
2018-05-01,2018-5,0.0,0.0,0.0,179,0.0,0.0,179.0,0.0,1.0,0.0,,0.0,0.0,0.0,0.0,0.0
2018-06-01,2018-6,1.0,0.0,0.0,205,0.0,0.0,206.0,0.0048543689320388345,0.9951456310679612,0.0,,0.0,0.0,0.0,0.0,0.0
2018-07-01,2018-7,0.0,0.0,0.0,73,0.0,0.0,73.0,0.0,1.0,0.0,,0.0,0.0,0.0,0.0,0.0
2018-08-01,2018-8,0.0,0.0,0.0,83,0.0,0.0,83.0,0.0,1.0,0.0,,0.0,0.0,0.0,0.0,0.0
2018-09-01,2018-9,0.0,0.0,0.0,154,0.0,0.0,154.0,0.0,1.0,0.0,,0.0,0.0,0.0,0.0,0.0
2018-10-01,2018-10,2.0,0.0,0.0,228,0.0,0.0,230.0,0.008695652173913044,0.991304347826087,0.0,,0.0,0.0,0.0,0.0,0.0
2018-11-01,2018-11,14.0,0.0,0.0,309,0.0,0.0,323.0,0.043343653250773995,0.9566563467492261,0.0,,0.0,0.0,0.0,0.0,0.0
2018-12-01,2018-12,7.0,0.0,0.0,250,0.0,0.0,257.0,0.027237354085603113,0.9727626459143969,0.0,,0.0,0.0,0.0,0.0,0.0
2019-01-01,2019-1,6.0,0.0,0.0,251,0.0,0.0,257.0,0.023346303501945526,0.9766536964980544,0.0,,0.0,0.0,0.0,0.0,0.0
2019-02-01,2019-2,6.0,0.0,0.0,151,0.0,0.0,157.0,0.03821656050955414,0.9617834394904459,0.0,,0.0,0.0,0.0,0.0,0.0
2019-03-01,2019-3,2.0,0.0,0.0,220,0.0,0.0,222.0,0.009009009009009009,0.990990990990991,0.0,,0.0,0.0,0.0,0.0,0.0
2019-04-01,2019-4,2.0,0.0,0.0,217,0.0,0.0,219.0,0.0091324200913242,0.9908675799086758,0.0,,0.0,0.0,0.0,0.0,0.0
2019-05-01,2019-5,2.0,0.0,0.0,297,0.0,0.0,299.0,0.006688963210702341,0.9933110367892977,0.0,,0.0,0.0,0.0,0.0,0.0
2019-06-01,2019-6,2.0,0.0,0.0,189,0.0,0.0,191.0,0.010471204188481676,0.9895287958115183,0.0,,0.0,0.0,0.0,0.0,0.0
2019-07-01,2019-7,2.0,0.0,0.0,133,0.0,0.0,135.0,0.014814814814814815,0.9851851851851852,0.0,,0.0,0.0,0.0,0.0,0.0
2019-08-01,2019-8,1.0,0.0,0.0,118,0.0,0.0,119.0,0.008403361344537815,0.9915966386554622,0.0,,0.0,0.0,0.0,0.0,0.0
2019-09-01,2019-9,2.0,0.0,0.0,142,0.0,0.0,144.0,0.013888888888888888,0.9861111111111112,0.0,,0.0,0.0,0.0,0.0,0.0
2019-10-01,2019-10,4.0,0.0,0.0,166,0.0,0.0,170.0,0.023529411764705882,0.9764705882352941,0.0,,0.0,0.0,0.0,0.0,0.0
2019-11-01,2019-11,1.0,0.0,0.0,147,0.0,0.0,148.0,0.006756756756756757,0.9932432432432432,0.0,,0.0,0.0,0.0,0.0,0.0
2019-12-01,2019-12,0.0,0.0,0.0,141,0.0,0.0,141.0,0.0,1.0,0.0,,0.0,0.0,0.0,0.0,0.0
2020-01-01,2020-1,2.0,0.0,0.0,206,0.0,0.0,208.0,0.009615384615384616,0.9903846153846154,0.0,,0.0,0.0,0.0,0.0,0.0
2020-02-01,2020-2,0.0,0.0,0.0,46,0.0,0.0,46.0,0.0,1.0,0.0,,0.0,0.0,0.0,0.0,0.0
2020-03-01,2020-3,0.0,0.0,0.0,69,0.0,0.0,69.0,0.0,1.0,0.0,,0.0,0.0,0.0,0.0,0.0
2020-04-01,2020-4,47.0,1.0,0.02127659574468085,186,0.0,0.0,233.0,0.2017167381974249,0.7982832618025751,2.1062390907114006,,2.1062390907114006,0.42486367924221385,2294.736842105263,1464.406779661017,2294.736842105263
2020-05-01,2020-5,24.0,0.0,0.0,129,0.0,0.0,153.0,0.1568627450980392,0.8431372549019608,0.0,,0.0,0.0,0.0,0.0,0.0
2020-06-01,2020-6,5.0,0.0,0.0,75,0.0,0.0,80.0,0.0625,0.9375,0.0,,0.0,0.0,0.0,0.0,0.0
2020-07-01,2020-7,12.0,1.0,0.08333333333333333,97,0.0,0.0,109.0,0.11009174311926606,0.8899082568807339,8.249436438619652,,8.249436438619652,0.9081948372792278,4905.263157894737,5735.593220338983,4905.263157894737
2020-08-01,2020-8,4.0,0.0,0.0,39,0.0,0.0,43.0,0.09302325581395349,0.9069767441860465,0.0,,0.0,0.0,0.0,0.0,0.0
2020-09-01,2020-9,9.0,0.0,0.0,14,0.0,0.0,23.0,0.391304347826087,0.6086956521739131,0.0,,0.0,0.0,0.0,0.0,0.0
2020-10-01,2020-10,5.0,0.0,0.0,57,0.0,0.0,62.0,0.08064516129032258,0.9193548387096774,0.0,,0.0,0.0,0.0,0.0,0.0
2020-11-01,2020-11,0.0,0.0,0.0,47,0.0,0.0,47.0,0.0,1.0,0.0,,0.0,0.0,0.0,0.0,0.0
2020-12-01,2020-12,6.0,0.0,0.0,123,0.0,0.0,129.0,0.046511627906976744,0.9534883720930233,0.0,,0.0,0.0,0.0,0.0,0.0
2021-01-01,2021-1,15.0,0.0,0.0,181,0.0,0.0,196.0,0.07653061224489796,0.923469387755102,0.0,,0.0,0.0,0.0,0.0,0.0
2021-02-01,2021-2,9.0,0.0,0.0,105,0.0,0.0,114.0,0.07894736842105263,0.9210526315789473,0.0,,0.0,0.0,0.0,0.0,0.0
2021-03-01,2021-3,20.0,1.0,0.05,127,0.0,0.0,147.0,0.1360544217687075,0.8639455782312925,4.949661863171792,,4.949661863171792,0.6734233827444616,3637.235947010384,3441.3559322033902,3637.235947010384
2021-04-01,2021-4,20.0,0.0,0.0,175,0.0,0.0,195.0,0.10256410256410256,0.8974358974358975,0.0,,0.0,0.0,0.0,0.0,0.0
2021-05-01,2021-5,15.0,0.0,0.0,205,0.0,0.0,220.0,0.06818181818181818,0.9318181818181818,0.0,,0.0,0.0,0.0,0.0,0.0
2021-06-01,2021-6,17.0,0.0,0.0,245,0.0,0.0,262.0,0.0648854961832061,0.9351145038167938,0.0,,0.0,0.0,0.0,0.0,0.0
2021-07-01,2021-7,9.0,0.0,0.0,154,0.0,0.0,163.0,0.05521472392638037,0.9447852760736196,0.0,,0.0,0.0,0.0,0.0,0.0
2021-08-01,2021-8,10.0,0.0,0.0,122,0.0,0.0,132.0,0.07575757575757576,0.9242424242424242,0.0,,0.0,0.0,0.0,0.0,0.0
2021-09-01,2021-9,9.0,0.0,0.0,155,0.0,0.0,164.0,0.054878048780487805,0.9451219512195121,0.0,,0.0,0.0,0.0,0.0,0.0
2021-10-01,2021-10,9.0,1.0,0.1111111111111111,204,0.0,0.0,213.0,0.04225352112676056,0.9577464788732394,10.999248584826203,,10.999248584826203,0.4647569824574452,2510.205090190264,7647.457627118645,2510.205090190264
2021-11-01,2021-11,3.0,0.0,0.0,153,0.0,0.0,156.0,0.019230769230769232,0.9807692307692307,0.0,,0.0,0.0,0.0,0.0,0.0
2021-12-01,2021-12,5.0,0.0,0.0,200,0.0,0.0,205.0,0.024390243902439025,0.975609756097561,0.0,,0.0,0.0,0.0,0.0,0.0
2022-01-01,2022-1,5.0,0.0,0.0,146,0.0,0.0,151.0,0.033112582781456956,0.9668874172185431,0.0,,0.0,0.0,0.0,0.0,0.0
2022-02-01,2022-2,1.0,0.0,0.0,110,0.0,0.0,111.0,0.009009009009009009,0.990990990990991,0.0,,0.0,0.0,0.0,0.0,0.0
2022-03-01,2022-3,1.0,0.0,0.0,166,0.0,0.0,167.0,0.005988023952095809,0.9940119760479041,0.0,,0.0,0.0,0.0,0.0,0.0
2022-04-01,2022-4,4.0,0.0,0.0,144,0.0,0.0,148.0,0.02702702702702703,0.972972972972973,0.0,,0.0,0.0,0.0,0.0,0.0
2022-05-01,2022-5,5.0,1.0,0.2,143,0.0,0.0,148.0,0.033783783783783786,0.9662162162162162,19.798647452687167,,19.798647452687167,0.6688732247529449,3612.6600284495025,13765.423728813561,3612.6600284495025
2022-06-01,2022-6,2.0,0.0,0.0,109,0.0,0.0,111.0,0.018018018018018018,0.9819819819819819,0.0,,0.0,0.0,0.0,0.0,0.0
2022-07-01,2022-7,0.0,0.0,0.0,76,0.0,0.0,76.0,0.0,1.0,0.0,,0.0,0.0,0.0,0.0,0.0
2022-08-01,2022-8,2.0,0.0,0.0,75,0.0,0.0,77.0,0.025974025974025976,0.974025974025974,0.0,,0.0,0.0,0.0,0.0,0.0
2022-09-01,2022-9,3.0,0.0,0.0,116,0.0,0.0,119.0,0.025210084033613446,0.9747899159663865,0.0,,0.0,0.0,0.0,0.0,0.0
2022-10-01,2022-10,3.0,1.0,0.3333333333333333,149,0.0,0.0,152.0,0.019736842105263157,0.9802631578947368,32.99774575447861,,32.99774575447861,0.651271297785762,3517.5900277008304,22942.372881355932,3517.5900277008304
2022-11-01,2022-11,7.0,1.0,0.14285714285714285,170,0.0,0.0,177.0,0.03954802259887006,0.96045197740113,14.14189103763369,,14.14189103763369,0.5592838263470951,3020.7552780255724,9832.445520581114,3020.7552780255724
2022-12-01,2022-12,4.0,0.0,0.0,133,0.0,0.0,137.0,0.029197080291970802,0.9708029197080292,0.0,,0.0,0.0,0.0,0.0,0.0
2023-01-01,2023-1,2.0,0.0,0.0,120,0.0,0.0,122.0,0.01639344262295082,0.9836065573770492,0.0,,0.0,0.0,0.0,0.0,0.0
2023-02-01,2023-2,1.0,0.0,0.0,43,0.0,0.0,44.0,0.022727272727272728,0.9772727272727273,0.0,,0.0,0.0,0.0,0.0,0.0
2023-03-01,2023-3,4.0,0.0,0.0,97,0.0,0.0,101.0,0.039603960396039604,0.9603960396039604,0.0,,0.0,0.0,0.0,0.0,0.0
2023-04-01,2023-4,4.0,0.0,0.0,97,0.0,0.0,101.0,0.039603960396039604,0.9603960396039604,0.0,,0.0,0.0,0.0,0.0,0.0
2023-05-01,2023-5,2.0,0.0,0.0,104,0.0,0.0,106.0,0.018867924528301886,0.9811320754716981,0.0,,0.0,0.0,0.0,0.0,0.0
2023-06-01,2023-6,6.0,0.0,0.0,73,0.0,0.0,79.0,0.0759493670886076,0.9240506329113924,0.0,,0.0,0.0,0.0,0.0,0.0
2023-07-01,2023-7,2.0,0.0,0.0,28,0.0,0.0,30.0,0.06666666666666667,0.9333333333333333,0.0,,0.0,0.0,0.0,0.0,0.0
2023-08-01,2023-8,0.0,0.0,0.0,65,0.0,0.0,65.0,0.0,1.0,0.0,,0.0,0.0,0.0,0.0,0.0
2023-09-01,2023-9,0.0,0.0,0.0,99,0.0,0.0,99.0,0.0,1.0,0.0,,0.0,0.0,0.0,0.0,0.0
2023-10-01,2023-10,0.0,0.0,0.0,157,0.0,0.0,157.0,0.0,1.0,0.0,,0.0,0.0,0.0,0.0,0.0
2023-11-01,2023-11,2.0,0.0,0.0,155,0.0,0.0,157.0,0.012738853503184714,0.9872611464968153,0.0,,0.0,0.0,0.0,0.0,0.0
2023-12-01,2023-12,3.0,0.0,0.0,130,0.0,0.0,133.0,0.022556390977443608,0.9774436090225563,0.0,,0.0,0.0,0.0,0.0,0.0
2024-01-01,2024-1,2.0,0.0,0.0,103,0.0,0.0,105.0,0.01904761904761905,0.9809523809523809,0.0,,0.0,0.0,0.0,0.0,0.0
2024-02-01,2024-2,5.0,0.0,0.0,84,0.0,0.0,89.0,0.056179775280898875,0.9438202247191011,0.0,,0.0,0.0,0.0,0.0,0.0
2024-03-01,2024-3,5.0,0.0,0.0,103,0.0,0.0,108.0,0.046296296296296294,0.9537037037037037,0.0,,0.0,0.0,0.0,0.0,0.0
2024-04-01,2024-4,1.0,0.0,0.0,93,0.0,0.0,94.0,0.010638297872340425,0.9893617021276596,0.0,,0.0,0.0,0.0,0.0,0.0
2024-05-01,2024-5,1.0,0.0,0.0,119,0.0,0.0,120.0,0.008333333333333333,0.9916666666666667,0.0,,0.0,0.0,0.0,0.0,0.0
2024-06-01,2024-6,3.0,0.0,0.0,119,0.0,0.0,122.0,0.02459016393442623,0.9754098360655737,0.0,,0.0,0.0,0.0,0.0,0.0
2024-07-01,2024-7,0.0,0.0,0.0,70,0.0,0.0,70.0,0.0,1.0,0.0,,0.0,0.0,0.0,0.0,0.0
2024-08-01,2024-8,0.0,0.0,0.0,117,0.0,0.0,117.0,0.0,1.0,0.0,,0.0,0.0,0.0,0.0,0.0
2024-09-01,2024-9,2.0,0.0,0.0,75,0.0,0.0,77.0,0.025974025974025976,0.974025974025974,0.0,,0.0,0.0,0.0,0.0,0.0
2024-10-01,2024-10,1.0,0.0,0.0,131,0.0,0.0,132.0,0.007575757575757576,0.9924242424242424,0.0,,0.0,0.0,0.0,0.0,0.0
2024-11-01,2024-11,4.0,0.0,0.0,109,0.0,0.0,113.0,0.035398230088495575,0.9646017699115044,0.0,,0.0,0.0,0.0,0.0,0.0
2024-12-01,2024-12,2.0,0.0,0.0,122,0.0,0.0,124.0,0.016129032258064516,0.9838709677419355,0.0,,0.0,0.0,0.0,0.0,0.0
2025-01-01,2025-1,5.0,0.0,0.0,130,0.0,0.0,135.0,0.037037037037037035,0.9629629629629629,0.0,,0.0,0.0,0.0,0.0,0.0
2025-02-01,2025-2,4.0,0.0,0.0,86,0.0,0.0,90.0,0.044444444444444446,0.9555555555555556,0.0,,0.0,0.0,0.0,0.0,0.0
2025-03-01,2025-3,6.0,0.0,0.0,111,0.0,0.0,117.0,0.05128205128205128,0.9487179487179487,0.0,,0.0,0.0,0.0,0.0,0.0
2025-04-01,2025-4,7.0,0.0,0.0,144,0.0,0.0,151.0,0.046357615894039736,0.9536423841059603,0.0,,0.0,0.0,0.0,0.0,0.0
2025-05-01,2025-5,2.0,0.0,0.0,150,0.0,0.0,152.0,0.013157894736842105,0.9868421052631579,0.0,,0.0,0.0,0.0,0.0,0.0
2025-06-01,2025-6,9.0,0.0,0.0,166,0.0,0.0,175.0,0.05142857142857143,0.9485714285714286,0.0,,0.0,0.0,0.0,0.0,0.0
2025-07-01,2025-7,2.0,0.0,0.0,72,0.0,0.0,74.0,0.02702702702702703,0.972972972972973,0.0,,0.0,0.0,0.0,0.0,0.0
2025-08-01,2025-8,4.0,0.0,0.0,72,0.0,0.0,76.0,0.05263157894736842,0.9473684210526315,0.0,,0.0,0.0,0.0,0.0,0.0
2025-09-01,2025-9,7.0,0.0,0.0,164,0.0,0.0,171.0,0.04093567251461988,0.9590643274853801,0.0,,0.0,0.0,0.0,0.0,0.0
2025-10-01,2025-10,4.0,1.0,0.25,185,0.0,0.0,189.0,0.021164021164021163,0.9788359788359788,24.748309315858958,,24.748309315858958,0.523773742134581,2828.9612921191865,17206.77966101695,2828.9612921191865
2025-11-01,2025-11,6.0,0.0,0.0,153,0.0,0.0,159.0,0.03773584905660377,0.9622641509433962,0.0,,0.0,0.0,0.0,0.0,0.0
2025-12-01,2025-12,7.0,0.0,0.0,7,0.0,0.0,14.0,0.5,0.5,0.0,,0.0,0.0,0.0,0.0,0.0
