date,ym,economic_growth_absolute,economic_growth_framing,public_debt_absolute,public_debt_framing,fiscal_policy_absolute,fiscal_policy_framing,monetary_policy_absolute,monetary_policy_framing,exchange_rate_absolute,exchange_rate_framing,financial_stability_absolute,financial_stability_framing,trade_absolute,trade_framing,capital_flows_absolute,capital_flows_framing,labor_market_absolute,labor_market_framing,inflation_prices_absolute,inflation_prices_framing,energy_absolute,energy_framing,food_security_absolute,food_security_framing,housing_real_estate_absolute,housing_real_estate_framing,inequality_poverty_absolute,inequality_poverty_framing,climate_environment_absolute,climate_environment_framing,infrastructure_absolute,infrastructure_framing,political_stability_absolute,political_stability_framing,corruption_governance_absolute,corruption_governance_framing,external_shocks_absolute,external_shocks_framing,gender_equality_absolute,gender_equality_framing,covid_pandemic_absolute,covid_pandemic_framing,us_china_trade_war_absolute,us_china_trade_war_framing
2015-01-01,2015-1,0.0,0.0,0.0,0.0,263.0635571539986,220.8866117136908,857.0984776367513,789.3034652037029,367.16764084220966,329.96379756681955,0.0,0.0,71.97627384498726,56.50009107206545,0.0,0.0,249.95655854014285,192.21618208688304,0.0,0.0,235.19270497655063,200.49795226626722,69.15846055688642,58.53534123351056,177.06951954228012,146.44406437414443,101.50175659935016,87.92839203231951,131.91147359109365,108.75602361031703,106.66071837739607,91.87986222486953,0.0,0.0,82.1734896007111,71.00355488160392,0.0,0.0,0.0,0.0,0.0,0.0,,
2015-02-01,2015-2,0.0,0.0,0.0,0.0,116.91713651288826,98.81769471401957,0.0,0.0,0.0,0.0,0.0,0.0,0.0,0.0,0.0,0.0,0.0,0.0,0.0,0.0,119.46296125793049,102.51023123388099,61.474187161676824,52.37372636682523,52.46504282734226,43.67629990106062,45.111891821933405,39.33638590919557,0.0,0.0,63.20635163104952,54.805531853430935,103.69679243373692,95.58517375156649,182.60775466824686,158.8237411825351,0.0,0.0,0.0,0.0,0.0,0.0,,
2015-03-01,2015-3,0.0,0.0,0.0,0.0,56.969177982394605,72.21293075255277,0.0,0.0,159.02802278516089,215.74555994753584,0.0,0.0,62.34887415871508,73.88473447885482,0.0,0.0,0.0,0.0,0.0,0.0,29.10482973322192,37.45566141237959,89.86194874907535,114.81932318880916,102.25670767622121,127.66918432617717,43.962544259591155,57.491640944208925,0.0,0.0,61.59599872325209,80.10039270886061,134.73978125147983,186.26854372100138,106.77319667863095,139.27620380622307,0.0,0.0,0.0,0.0,0.0,0.0,,
2015-04-01,2015-4,0.0,0.0,0.0,0.0,80.57802651563921,72.21293075255277,0.0,0.0,224.93152772315545,215.74555994753584,0.0,0.0,88.18714633259701,73.88473447885482,0.0,0.0,0.0,0.0,0.0,0.0,41.16629070374631,37.45566141237959,169.46938082408204,153.09243091841222,72.31668065390419,63.83459216308859,186.5437688852922,172.4749228326268,107.7475099602927,94.81294366027639,217.80567116104902,200.2509817721515,142.93341659785358,139.70140779075103,151.02154845536094,139.27620380622307,0.0,0.0,0.0,0.0,61.44949858456901,53.37396744980155,,
2015-05-01,2015-5,127.2877312018502,101.02134925750379,0.0,0.0,288.5213207495469,234.69202494579648,0.0,0.0,201.34999659088913,175.29326745737285,0.0,0.0,0.0,0.0,0.0,0.0,0.0,0.0,0.0,0.0,184.25234952080004,152.16362448779208,151.70242960865409,124.38760012120993,323.6754658299744,259.3280306625474,111.32450723799695,93.4239165343395,96.45140004510071,77.03551672397455,233.9654467633204,195.24470722784773,213.2474360532493,189.178989716642,270.37728836363004,226.32383118511248,0.0,0.0,0.0,0.0,0.0,0.0,,
2015-06-01,2015-6,0.0,0.0,0.0,0.0,0.0,0.0,0.0,0.0,0.0,0.0,0.0,0.0,71.97627384498726,120.06269352813908,0.0,0.0,0.0,0.0,0.0,0.0,67.19791570758589,121.73089959023368,0.0,0.0,118.04634636152007,207.4624245300379,0.0,0.0,0.0,0.0,35.55357279246535,65.08156907594925,77.77259432530269,151.3431917733136,82.1734896007111,150.8825541234083,0.0,0.0,0.0,0.0,0.0,0.0,,
2015-07-01,2015-7,746.5253424540945,595.4942693073907,3491.2661664690313,3247.1576028719332,483.46815909383525,395.27077885607827,2362.812019431044,2118.6566697573076,168.6986457923666,147.6153831219982,3039.5810092038187,2946.285075463652,264.561438997791,202.21085225791848,2967.9993778952867,3128.2758620689656,574.224526376004,429.95724940486997,978.7062876348207,659.1647625271805,216.12302619466817,179.3929046592917,317.7550890451539,261.8686318341262,325.4250629425689,262.05779940636364,373.0875377705844,314.69108727356456,242.4318974106586,194.61604225004098,326.70850674157356,274.02765926715466,214.4001248967804,191.17034750313297,188.77693556920116,158.8237411825351,0.0,0.0,2350.948222674957,1891.9628635465058,46.08712393842676,36.51903036039053,,
2015-08-01,2015-8,108.85295633813398,115.45297058000432,0.0,0.0,123.3677371480821,134.10972854045514,0.0,0.0,0.0,0.0,0.0,0.0,135.01756197128643,137.2145068893018,0.0,0.0,0.0,0.0,0.0,0.0,126.0540211894025,139.1210281031242,97.29879968003331,106.61794296103707,55.35966587988528,59.274978437153685,142.8024713535685,160.15528548743913,164.96515318058604,176.08118108337038,133.38719723518037,148.75787217359826,109.4179947749086,129.7227358056974,154.14613221650632,172.43720471246667,0.0,0.0,0.0,0.0,0.0,0.0,,
2015-09-01,2015-9,375.8018730721292,255.21182970316744,0.0,0.0,70.98540431139645,49.40884735700978,925.1221663380808,706.2188899191026,396.3079297979405,295.2307662439964,0.0,0.0,155.37735306219471,101.10542612895924,3486.2214914960505,3128.2758620689656,404.69157096975505,257.97434964292194,0.0,0.0,217.5932508626591,153.7653468508215,111.97084090162564,78.56058955023785,127.41510400925975,87.35259980212123,109.55745156755255,78.67277181839114,142.38063816181534,97.30802112502049,76.75056983770298,54.805531853430935,335.7800897854338,254.89379667084398,266.08558537373113,190.58848941904208,0.0,0.0,0.0,0.0,0.0,0.0,,
2015-10-01,2015-10,0.0,0.0,0.0,0.0,58.07896716386983,40.81600433839939,0.0,0.0,162.1259712809757,121.94314257904199,0.0,0.0,0.0,0.0,0.0,0.0,220.7408568925937,142.07283023813093,0.0,0.0,296.7180693581715,211.70591233084116,335.91252270487695,237.9588871884016,208.49744292424324,144.32168662959157,313.7327022161732,227.466927214044,310.6486650803244,214.3596987101901,251.1836831052098,181.09654003742398,171.70572773118772,131.60277545505534,108.85319401652637,78.72133258612608,0.0,0.0,0.0,0.0,0.0,0.0,,
2015-11-01,2015-11,0.0,0.0,0.0,0.0,186.33668631741565,156.46134996386434,0.0,0.0,0.0,0.0,0.0,0.0,0.0,0.0,0.0,0.0,0.0,0.0,0.0,0.0,95.19704725241336,81.15393306015578,48.98724289446122,41.46253337373664,83.61616200607672,69.15414151001264,287.5883103648255,249.13044409157197,62.29152919579421,51.35701114931637,100.73512291198517,86.77542543459899,275.4446049021137,252.2386529555227,58.206221800503684,50.29418470780277,0.0,0.0,0.0,0.0,0.0,0.0,,
2015-12-01,2015-12,134.903236487431,57.72648529000216,0.0,0.0,76.44582002765773,33.527432135113784,0.0,0.0,0.0,0.0,0.0,0.0,0.0,0.0,0.0,0.0,0.0,0.0,0.0,0.0,234.3311932367098,104.34077107734315,321.55728669184805,142.15725728138278,68.60813292806296,29.637489218576842,412.9473174469289,186.847833068679,255.5549915724891,110.05073817710651,289.2906093882651,130.1631381518985,587.6151571245092,281.065927579011,191.03580488370446,86.21860235623333,0.0,0.0,0.0,0.0,0.0,0.0,,
2016-01-01,2016-1,430.46396370080254,242.45123821800908,0.0,0.0,243.93166208825323,140.81521496747789,0.0,0.0,680.9290793800978,420.70384189769493,0.0,0.0,266.96654298868003,144.07523223376688,0.0,0.0,154.51859982481557,81.6918773869253,0.0,0.0,166.16211884057603,97.38471967218695,85.50500577942323,49.75504004848398,218.9223150704554,124.47745471802274,188.2396213297039,112.1086998412074,108.72703277811353,61.62841337917965,131.87143363023512,78.09788289113908,528.8536414120583,332.95502190128997,304.78894324627385,181.05906494809,0.0,0.0,0.0,0.0,0.0,0.0,,
2016-02-01,2016-2,246.61997920358476,190.1578338964777,0.0,0.0,139.75251473806176,110.4433058568454,0.0,0.0,0.0,0.0,0.0,0.0,0.0,0.0,0.0,0.0,0.0,0.0,0.0,0.0,214.19335631793007,171.85538765680047,73.48086434169183,58.53534123351056,188.13636451367265,146.44406437414443,107.84561638680954,87.92839203231951,140.155940690537,108.75602361031703,75.55134218398888,61.25324148324634,537.1169795591218,462.9321160124886,218.27333175188886,177.5088872040098,0.0,0.0,0.0,0.0,0.0,0.0,,
2016-03-01,2016-3,0.0,0.0,0.0,0.0,68.80123802489194,49.40884735700978,0.0,0.0,1344.3984387760909,1033.3076818539873,0.0,0.0,0.0,0.0,0.0,0.0,0.0,0.0,0.0,0.0,105.44903695651941,76.88267342541074,0.0,0.0,185.24195890576996,131.02889970318182,53.09322652889086,39.33638590919557,183.99959393219214,129.744028166694,74.38901384269674,54.805531853430935,325.44839471511284,254.89379667084398,257.898336593001,190.58848941904208,0.0,0.0,0.0,0.0,0.0,0.0,,
2016-04-01,2016-4,432.4295525761486,359.1870195822357,0.0,0.0,122.52275264706783,104.30756664257622,798.393102456152,745.4532726923861,171.00958614568665,155.816237739887,3081.2191052203084,3109.967579656077,134.0927841495653,106.72239424723475,0.0,0.0,0.0,0.0,0.0,0.0,62.59531874131289,54.10262204010385,64.42157969682572,55.28337783164885,54.98049008618742,46.10276100667509,189.09916297961124,166.08696272771465,40.9588137177825,34.23800743287757,66.23679314760669,57.85028362306599,326.0056693635975,302.6863835466272,306.1806735807317,268.2356517749481,0.0,0.0,0.0,0.0,0.0,0.0,,
2016-05-01,2016-5,187.9009365360646,140.55144244522265,0.0,0.0,159.71715970064201,122.44801301519817,0.0,0.0,148.6154736742277,121.94314257904199,0.0,0.0,291.3325369916151,208.80468439676363,0.0,0.0,303.51867822731634,213.10924535719641,431.0968171724805,272.2637062612268,217.5932508626591,169.3647298646729,139.96355112703205,108.16313054018255,95.56132800694482,72.16084331479578,246.5042660269932,194.971651897752,106.7854786213615,80.38488701632127,86.34439106741587,67.91120251403399,472.1907512607664,394.80832636516595,399.1283780605967,314.8853303445043,0.0,0.0,0.0,0.0,0.0,0.0,,
2016-06-01,2016-6,227.10329020186225,461.8118823200173,0.0,0.0,64.34648160601405,134.10972854045514,0.0,0.0,0.0,0.0,0.0,0.0,70.42282908574293,137.2145068893018,0.0,0.0,122.28090633618498,233.4053639626437,0.0,0.0,0.0,0.0,67.66583191177378,142.15725728138278,57.74929174520406,118.54995687430737,49.655535602559794,106.77019032495942,86.04297557980208,176.08118108337038,0.0,0.0,38.047024562018585,86.48182387046491,80.39996104817776,172.43720471246667,0.0,0.0,0.0,0.0,0.0,0.0,,
2016-07-01,2016-7,104.52767330483063,146.94014437455095,0.0,0.0,177.69856178614475,256.02766357723254,0.0,0.0,0.0,0.0,0.0,0.0,64.8263128670084,87.31832256591935,0.0,0.0,0.0,0.0,0.0,0.0,30.261313033879745,44.26578166917589,62.28841480620235,90.46370917906177,159.47983217053041,226.3226449418595,137.1282009686585,203.83399971128617,0.0,0.0,32.02176092566416,47.33205023705399,105.07025988319039,165.10166375270575,74.01056017017687,109.73276663520606,0.0,0.0,0.0,0.0,0.0,0.0,,
2016-08-01,2016-8,186.78909667490444,190.1578338964777,0.0,0.0,105.84805849983375,110.4433058568454,0.0,0.0,0.0,0.0,0.0,0.0,347.53041099118104,339.00054643239275,0.0,0.0,100.57423657236518,96.10809104344152,0.0,0.0,162.22928762541446,171.85538765680047,55.65414577358908,58.53534123351056,142.49381454289997,146.44406437414443,81.68188696752439,87.92839203231951,106.15361188395701,108.75602361031703,85.83347751080393,91.87986222486953,31.293114876453153,35.61016277019144,33.063889306795,35.50177744080196,0.0,0.0,0.0,0.0,0.0,0.0,,
2016-09-01,2016-9,0.0,0.0,0.0,0.0,64.81276045823154,67.05486427022757,0.0,0.0,180.9231853425381,200.33516280842613,0.0,0.0,212.79941832431015,205.82176033395268,0.0,0.0,0.0,0.0,0.0,0.0,165.56008217811018,173.90128512890524,34.078082013538236,35.539314320345696,58.1677648737925,59.274978437153685,0.0,0.0,86.66647540284413,88.04059054168519,35.03830362156006,37.189468043399565,114.96818291566484,129.7227358056974,80.98256946157035,86.21860235623333,0.0,0.0,0.0,0.0,0.0,0.0,,
2016-10-01,2016-10,0.0,0.0,0.0,0.0,94.14906256037844,117.34601247289824,0.0,0.0,0.0,0.0,0.0,0.0,103.03971834650808,120.06269352813908,0.0,0.0,0.0,0.0,0.0,0.0,144.29868215102655,182.59634938535052,148.50869424847193,186.5814001818149,0.0,0.0,72.65388893427169,93.4239165343395,62.947229503118365,77.03551672397455,203.59098525369635,260.326276303797,167.00641307749208,227.01478765997044,58.818918872087934,75.44127706170416,0.0,0.0,0.0,0.0,0.0,0.0,,
2016-11-01,2016-11,274.4987594613813,170.14121980211164,0.0,0.0,233.32593764963354,148.22654207102934,0.0,0.0,0.0,0.0,0.0,0.0,170.23953465944814,101.10542612895924,0.0,0.0,0.0,0.0,0.0,0.0,397.3441972274644,256.27557808470243,122.68109524873766,78.56058955023785,418.80790709130594,262.05779940636364,240.07371995672383,157.34554363678228,415.9990819336518,259.488056333388,168.1838573834883,109.61106370686187,183.94909266506374,127.44689833542199,291.5372500616532,190.58848941904208,0.0,0.0,0.0,0.0,0.0,0.0,,
2016-12-01,2016-12,0.0,0.0,0.0,0.0,0.0,0.0,0.0,0.0,0.0,0.0,0.0,0.0,91.48386208334828,60.03134676406954,0.0,0.0,0.0,0.0,0.0,0.0,213.52608729513273,152.16362448779208,219.7558559751531,155.48450015151244,0.0,0.0,193.51736772212553,140.13587480150923,55.88772712893687,38.517758361987276,225.94793924183588,162.7039226898731,98.85114792748752,75.6715958866568,313.3344276363563,226.32383118511248,0.0,0.0,0.0,0.0,0.0,0.0,,
2017-01-01,2017-1,0.0,0.0,0.0,0.0,67.24933040027032,67.05486427022757,0.0,0.0,187.72480885165604,200.33516280842613,0.0,0.0,0.0,0.0,0.0,0.0,127.79733820097529,116.70268198132185,0.0,0.0,34.35682908357775,34.78025702578105,35.35921291630283,35.539314320345696,120.70904590350925,118.54995687430737,155.68690485915363,160.15528548743913,44.962306787941685,44.020295270842595,145.42213232406883,148.75787217359826,79.52686337023432,86.48182387046491,84.02702696012562,86.21860235623333,0.0,0.0,0.0,0.0,0.0,0.0,,
2017-02-01,2017-2,0.0,0.0,0.0,0.0,0.0,0.0,0.0,0.0,104.0308315719594,175.29326745737285,0.0,0.0,122.35966553647835,180.09404029220863,0.0,0.0,70.82102491970714,102.11484673365662,0.0,0.0,114.23645670289604,182.59634938535052,39.18979431556898,62.193800060604964,33.44646480243069,51.86560613250948,115.03532414593018,186.847833068679,149.49967006990613,231.10655017192366,20.147024582397037,32.54078453797462,66.10670517650729,113.50739382998522,93.12995488080591,150.8825541234083,0.0,0.0,0.0,0.0,0.0,0.0,,
2017-03-01,2017-3,134.903236487431,161.63415881200606,0.0,0.0,76.44582002765773,93.8768099783186,0.0,0.0,213.39657758350648,280.46922793179664,0.0,0.0,250.994185715853,288.15046446753377,0.0,0.0,72.63694863559707,81.6918773869253,0.0,0.0,97.63799718196242,121.73089959023368,100.4866520912025,124.38760012120993,68.60813292806296,82.98496981201517,117.98494784197969,149.4782664549432,178.88849410074238,215.69944682712872,41.32722991260931,52.06525526075939,45.201165932654554,60.537276709325454,47.758951220926114,60.35302164936333,0.0,0.0,1486.9245169055282,1797.3647203691808,0.0,0.0,,
2017-04-01,2017-4,0.0,0.0,0.0,0.0,48.34681590938352,85.34255452574418,0.0,0.0,0.0,0.0,0.0,0.0,52.9122877995582,87.31832256591935,0.0,0.0,91.87592422016063,148.530686158046,391.48251505392824,569.2786585462014,0.0,0.0,76.26122137083692,135.69556376859262,0.0,0.0,0.0,0.0,32.32425298808781,56.025830344708766,52.27336107865177,94.66410047410798,0.0,0.0,30.204309691072183,54.86638331760303,0.0,0.0,0.0,0.0,0.0,0.0,,
2017-05-01,2017-5,159.4310976669639,190.1578338964777,0.0,0.0,135.5175900490296,165.6649587852681,0.0,0.0,126.0979776629811,164.98189878340978,0.0,0.0,0.0,0.0,0.0,0.0,171.687333138684,192.21618208688304,0.0,0.0,115.39036030595558,143.21282304733373,0.0,0.0,40.54116945749174,48.8146881247148,139.43675654052143,175.85678406463902,181.2117212968559,217.51204722063406,73.26190757235285,91.87986222486953,0.0,0.0,84.66359534618718,106.50533232240588,0.0,0.0,0.0,0.0,34.44896132771293,40.81538687337765,,
2017-06-01,2017-6,76.99355448307037,89.79675489555892,0.0,0.0,87.26010676327759,104.30756664257622,0.0,0.0,0.0,0.0,0.0,0.0,0.0,0.0,0.0,0.0,82.91241941819372,90.76875265213921,0.0,0.0,44.580080664544795,54.10262204010385,137.642204425413,165.85013349494656,39.156836841870074,46.10276100667509,101.00662607935332,124.56522204578599,0.0,0.0,23.586760486708723,28.925141811532995,0.0,0.0,54.51509553998394,67.05891294373703,0.0,0.0,0.0,0.0,0.0,0.0,,
2017-07-01,2017-7,283.1153124489583,269.39026468667674,0.0,0.0,120.32503511079759,117.34601247289824,0.0,0.0,111.96143308192939,116.86217830491525,0.0,0.0,87.79168827729389,80.04179568542605,0.0,0.0,0.0,0.0,0.0,0.0,122.94506550984326,121.73089959023368,42.177357110926245,41.46253337373664,143.98478121225764,138.30828302002527,30.951208290384802,31.141305511446497,26.81608431747195,25.678505574658185,108.41448205774188,108.46928179324874,23.71540992879185,25.22386529555227,75.17216089033661,75.44127706170416,0.0,0.0,0.0,0.0,0.0,0.0,,
2017-08-01,2017-8,0.0,0.0,0.0,0.0,0.0,0.0,0.0,0.0,0.0,0.0,0.0,0.0,261.03395314448716,288.15046446753377,0.0,0.0,0.0,0.0,321.8856234887854,313.10326220041077,0.0,0.0,104.5061181748506,124.38760012120993,71.35245824518547,82.98496981201517,0.0,0.0,26.577719123538863,30.814206689589824,42.98031910911368,52.06525526075939,0.0,0.0,99.3386185395263,120.70604329872666,2645.1298235547265,2843.9306358381505,0.0,0.0,60.63017193677475,69.38615768474202,,
2017-09-01,2017-9,0.0,0.0,0.0,0.0,35.492702155698225,44.703242846818384,0.0,0.0,99.07698244948513,133.5567752056174,0.0,0.0,116.53301479664603,137.2145068893018,0.0,0.0,0.0,0.0,0.0,0.0,72.53108362088636,92.74735206874945,18.661806816937606,23.692876213563796,31.853776002314937,39.51665229143579,54.778725783776274,71.18012688330629,23.730106360302557,29.34686351389507,19.187642459425746,24.79297869559971,62.95876683476884,86.48182387046491,133.04279268686557,172.43720471246667,0.0,0.0,0.0,0.0,0.0,0.0,,
2017-10-01,2017-10,76.61979936422051,89.79675489555892,0.0,0.0,86.83651401199953,104.30756664257622,0.0,0.0,0.0,0.0,0.0,0.0,285.10990027917285,320.1671827417042,0.0,0.0,0.0,0.0,0.0,0.0,22.18183625298952,27.051311020051926,68.48701919225645,82.92506674747328,77.93351021925596,92.20552201335018,33.50543421726121,41.52174068192866,29.029062149496333,34.23800743287757,0.0,0.0,0.0,0.0,54.25045915386752,67.05891294373703,0.0,0.0,0.0,0.0,33.111137586830864,38.54786538041222,,
2017-11-01,2017-11,112.74056192163874,115.45297058000432,0.0,0.0,63.886863880256804,67.05486427022757,0.0,0.0,0.0,0.0,0.0,0.0,0.0,0.0,0.0,0.0,0.0,0.0,0.0,0.0,130.55595051759545,139.1210281031242,0.0,0.0,57.33679680416689,59.274978437153685,0.0,0.0,85.4283828970892,88.04059054168519,34.53775642696635,37.189468043399565,113.32578030258392,129.7227358056974,199.56418903029834,215.54650589058332,0.0,0.0,0.0,0.0,0.0,0.0,,
2017-12-01,2017-12,154.7419477355826,92.36237646400346,1266.4396878368054,881.3713493509533,175.3757047693324,107.2877828323641,0.0,0.0,0.0,0.0,0.0,0.0,95.96836512664967,54.88580275572072,0.0,0.0,83.31885284671428,46.68107279252874,0.0,0.0,134.39583141517178,83.47261686187453,276.6338422275457,170.58870873765935,157.39512848202676,94.8399654994459,135.33567546580022,85.41615225996753,263.8229471821873,158.47306297503337,331.83334606301,208.26102104303757,25.92419810843423,17.296364774092982,164.3469792014222,103.46232282748,0.0,0.0,0.0,0.0,200.61453949668115,118.94769888812915,,
2018-01-01,2018-1,70.77882811223958,107.75610587467071,0.0,0.0,40.10834503693252,62.58453998554573,0.0,0.0,0.0,0.0,0.0,0.0,43.89584413864694,64.03343654834084,0.0,0.0,0.0,0.0,0.0,0.0,61.47253275492163,97.38471967218695,42.177357110926245,66.34005339797864,71.99239060612882,110.64662641602021,0.0,0.0,53.6321686349439,82.17121783890619,86.73158564619351,138.8406806953584,0.0,0.0,50.11477392689107,80.47069553248443,0.0,0.0,0.0,0.0,0.0,0.0,,
2018-02-01,2018-2,0.0,0.0,0.0,0.0,52.61271143079972,49.40884735700978,0.0,0.0,0.0,0.0,0.0,0.0,172.74305722796942,151.65813919343884,0.0,0.0,99.98262341605714,85.991449880974,0.0,0.0,134.39583141517178,128.13778904235122,110.65353689101829,104.74745273365046,94.43707708921605,87.35259980212123,121.80210791922019,118.00915772758673,70.35278591524994,64.872014083347,28.442858233972284,27.402765926715468,31.109037730121074,31.861724583855498,98.60818752085329,95.29424470952104,0.0,0.0,0.0,0.0,120.3687236980087,109.55709108117158,,
2018-03-01,2018-3,0.0,0.0,0.0,0.0,0.0,0.0,0.0,0.0,0.0,0.0,0.0,0.0,0.0,0.0,0.0,0.0,0.0,0.0,0.0,0.0,27.862550415340497,48.69235983609347,28.675459255294374,49.75504004848398,0.0,0.0,42.08609419973055,74.7391332274716,36.463334163391735,61.62841337917965,0.0,0.0,0.0,0.0,0.0,0.0,0.0,0.0,0.0,0.0,0.0,0.0,,
2018-04-01,2018-4,0.0,0.0,0.0,0.0,0.0,0.0,0.0,0.0,0.0,0.0,0.0,0.0,0.0,0.0,0.0,0.0,114.07413409885714,123.99283403074878,0.0,0.0,30.66750515513987,36.95290085650873,63.124500910983585,75.51874947988792,107.74700070581699,125.95550399965131,0.0,0.0,0.0,0.0,64.90316643993677,79.02521965236585,0.0,0.0,75.00399050803159,91.60448304033466,0.0,0.0,0.0,0.0,91.55562876358603,105.31507671303125,,
2018-05-01,2018-5,83.0719929948917,161.63415881200606,0.0,0.0,0.0,0.0,0.0,0.0,0.0,0.0,0.0,0.0,103.03971834650808,192.10030964502255,0.0,0.0,268.37441022204814,490.15126432155176,381.18034360514065,626.2065244008215,96.19912143401771,194.7694393443739,74.25434712423596,149.2651201454519,84.49633213245647,165.96993962403033,36.326944467135846,74.7391332274716,125.89445900623673,246.5136535167186,76.34661947013613,156.19576578227816,55.66880435916403,121.07455341865091,29.409459436043967,60.35302164936333,0.0,0.0,0.0,0.0,0.0,0.0,,
2018-06-01,2018-6,0.0,0.0,0.0,0.0,0.0,0.0,0.0,0.0,0.0,0.0,0.0,0.0,141.18422946516733,205.82176033395268,0.0,0.0,81.71656721504671,116.70268198132185,0.0,0.0,0.0,0.0,90.43798688208226,142.15725728138278,154.36829908814164,237.09991374861474,66.36653316111357,106.77019032495942,114.9997462076201,176.08118108337038,46.493133651685476,74.37893608679913,25.42565583711819,43.240911935232454,134.32205030885467,215.54650589058332,0.0,0.0,0.0,0.0,0.0,0.0,,
2018-07-01,2018-7,91.76557365714781,134.69513234333837,0.0,0.0,156.00280714946427,234.69202494579648,0.0,0.0,145.15929986785034,233.7243566098305,0.0,0.0,170.7344170276442,240.12538705627816,0.0,0.0,98.82003477168438,136.1531289782088,1263.213929389129,1565.516311002054,159.39970702729678,243.46179918046735,82.02515089305135,124.38760012120993,0.0,0.0,80.25720289250943,124.56522204578599,69.53473026507261,102.71402229863274,56.22425464854986,86.77542543459899,153.73652366629602,252.2386529555227,97.46158068921548,150.8825541234083,0.0,0.0,0.0,0.0,0.0,0.0,,
2018-08-01,2018-8,164.41331946905652,179.59350979111784,0.0,0.0,93.16834315870783,104.30756664257622,0.0,0.0,130.03853946494925,155.816237739887,0.0,0.0,101.96638794706529,106.72239424723475,0.0,0.0,177.05256229926786,181.53750530427843,0.0,0.0,95.19704725241336,108.2052440802077,97.97448578892244,110.5667556632977,125.42424300911509,138.30828302002527,71.89707759120637,83.04348136385732,218.02035218527976,239.66605203014308,277.0215880079592,318.176559926863,27.544460490211367,33.63182039406969,58.206221800503684,67.05891294373703,0.0,0.0,0.0,0.0,0.0,0.0,,
2018-09-01,2018-9,0.0,0.0,0.0,0.0,162.03190114557884,146.6825155911228,0.0,0.0,180.9231853425381,175.29326745737285,0.0,0.0,177.3328486035918,150.07836691017386,0.0,0.0,61.58349993018012,51.05742336682831,1049.6270331156047,782.758155501027,149.00407396029917,136.94726203901288,170.39041006769122,155.48450015151244,58.1677648737925,51.86560613250948,225.0691124594286,210.20381220226386,129.9997131042662,115.55327508596183,105.11491086468018,97.62235361392386,38.322727638554944,37.8357979433284,60.73692709617776,56.58095779627812,0.0,0.0,0.0,0.0,0.0,0.0,,
2018-10-01,2018-10,63.6438656009251,124.33396831692775,0.0,0.0,36.06516509369336,72.21293075255277,0.0,0.0,100.67499829544457,215.74555994753584,0.0,0.0,39.470859850476884,73.88473447885482,0.0,0.0,0.0,0.0,0.0,0.0,128.97664466456004,262.18962988665714,18.96280370108176,38.273107729603055,32.36754658299744,63.83459216308859,0.0,0.0,120.56425005637591,237.03235915069095,38.994241127220064,80.10039270886061,85.29897442129973,186.26854372100138,0.0,0.0,0.0,0.0,0.0,0.0,0.0,0.0,,
2018-11-01,2018-11,0.0,0.0,0.0,0.0,164.1130448300175,187.7536199566372,0.0,0.0,114.52935585903786,140.23461396589832,0.0,0.0,179.6105182186838,192.10030964502255,0.0,0.0,77.96810082903538,81.6918773869253,0.0,0.0,62.882453230951945,73.03853975414019,64.7170915302974,74.63256007272595,73.64359222553546,82.98496981201517,126.64439355515249,149.4782664549432,82.29339636875567,92.44262006876947,110.90105274713966,130.1631381518985,97.03736539670795,121.07455341865091,102.52839069446522,120.70604329872666,0.0,0.0,0.0,0.0,0.0,0.0,,
2018-12-01,2018-12,116.4847134245714,202.04269851500757,0.0,0.0,33.0042839233799,58.67300623644912,0.0,0.0,92.13062574638471,175.29326745737285,0.0,0.0,0.0,0.0,0.0,0.0,0.0,0.0,267.2482113836779,391.3790777505135,33.722939248087386,60.86544979511684,34.70682891415703,62.193800060604964,88.86145630166087,155.59681839752844,50.938150913327014,93.4239165343395,66.1991158981134,115.55327508596183,71.36953357601901,130.1631381518985,58.544683551150364,113.50739382998522,41.2383564047849,75.44127706170416,0.0,0.0,0.0,0.0,0.0,0.0,,
2019-01-01,2019-1,0.0,0.0,0.0,0.0,127.31901698556516,125.16907997109146,0.0,0.0,177.7039115819947,186.97948528786438,0.0,0.0,34.83549196768067,32.01671827417042,0.0,0.0,181.46312434942757,163.3837547738506,257.7375988789207,208.7355081336072,32.52283464851132,32.46157322406231,133.88684178984417,132.68010679595727,171.39825379181562,165.96993962403033,49.12540532922285,49.826088818314396,170.24873459918135,164.34243567781238,154.8668081778562,156.19576578227816,131.7428999958864,141.25364565509273,99.42699809338708,100.58836941560554,0.0,0.0,0.0,0.0,24.27364534835288,23.128719228247334,,
2019-02-01,2019-2,0.0,0.0,0.0,0.0,69.87625736903088,104.30756664257622,0.0,0.0,0.0,0.0,0.0,0.0,38.23739548014948,53.36119712361737,0.0,0.0,66.39471086222545,90.76875265213921,0.0,0.0,35.69889271965501,54.10262204010385,36.740432170845914,55.28337783164885,31.356060752278772,46.10276100667509,134.80702048351193,207.60870340964334,93.43729379369132,136.9520297315103,56.66350663799166,86.77542543459899,123.95007220595116,201.79092236441815,21.82733317518888,33.529456471868514,0.0,0.0,0.0,0.0,106.57647410761186,154.19146152164888,,
2019-03-01,2019-3,154.23790230321913,186.5009524753916,0.0,0.0,58.2681494673352,72.21293075255277,379.69183374136225,516.0830349408827,81.32703445364905,107.87277997376792,0.0,0.0,0.0,0.0,0.0,0.0,110.72994124253886,125.67981136450047,235.909658908719,240.84866323108525,119.07383109096654,149.82264564951836,153.18486377421098,191.36553864801527,104.5882938447344,127.66918432617717,44.96494754889779,57.491640944208925,136.35149061750394,165.92265140548366,78.75058468689396,100.12549088607575,17.226502977591476,23.283567965125172,91.00647056756276,116.06350317185256,0.0,0.0,1133.3561464361355,1382.5882464378315,0.0,0.0,,
2019-04-01,2019-4,74.80416430819633,73.47007218727548,0.0,0.0,42.3893883565685,42.67127726287209,0.0,0.0,0.0,0.0,0.0,0.0,92.78458050159496,87.31832256591935,0.0,0.0,161.1094405756371,148.530686158046,0.0,0.0,151.59340225976723,154.9302358421156,111.44017340920088,113.07963647382722,266.30360600987467,264.0430857655028,98.13439974534327,101.91699985564308,170.04701808899273,168.0774910341263,183.3283753469304,189.32820094821597,75.19246086427368,82.55083187635287,52.96490324974744,54.86638331760303,0.0,0.0,0.0,0.0,0.0,0.0,,
2019-05-01,2019-5,178.68315474372935,269.39026468667674,0.0,0.0,0.0,0.0,0.0,0.0,94.21660217837832,155.816237739887,0.0,0.0,73.87753390881711,106.72239424723475,0.0,0.0,192.4193884610911,272.3062579564176,0.0,0.0,51.72971624282084,81.15393306015578,70.98528781687965,110.5667556632977,151.45568967138425,230.51380503337546,26.04573376888985,41.52174068192866,45.13197587016034,68.47601486575515,91.23180942972242,144.62570905766498,99.78370592680345,168.15910197034847,84.34411008072988,134.11782588747405,0.0,0.0,0.0,0.0,0.0,0.0,,
2019-06-01,2019-6,68.32761328584168,101.02134925750379,0.0,0.0,38.71931144257988,58.67300623644912,504.6120907298623,838.6349317789343,0.0,0.0,0.0,0.0,0.0,0.0,0.0,0.0,73.58028563086457,102.11484673365662,313.52495794362216,391.3790777505135,39.5624092477562,60.86544979511684,81.43333883754592,124.38760012120993,34.749573820707205,51.86560613250948,59.75860994593776,93.4239165343395,103.5495550267748,154.0710334479491,62.79592077630245,97.62235361392386,0.0,0.0,48.379197340678395,75.44127706170416,0.0,0.0,0.0,0.0,0.0,0.0,,
2019-07-01,2019-7,69.8392861461479,95.07891694823886,0.0,0.0,158.3037335086009,220.8866117136908,0.0,0.0,0.0,0.0,0.0,0.0,86.62631188423245,113.0001821441309,0.0,0.0,225.62450416897852,288.3242731303246,320.46135081848104,368.35677905930686,80.87536757727153,114.57025843786698,124.85244206729938,175.6060237005317,71.0367394033926,97.6293762494296,152.70175771583652,219.8209800807988,105.84047438577423,145.0080314804227,42.79014070597601,61.25324148324634,46.80120720460693,71.22032554038287,49.449533565029675,71.00355488160392,0.0,0.0,0.0,0.0,30.180948419854687,40.81538687337765,,
2019-08-01,2019-8,0.0,0.0,993.6680627642629,1233.9198890913349,68.80123802489194,75.10144798265489,0.0,0.0,0.0,0.0,0.0,0.0,188.24563928688977,192.10030964502255,0.0,0.0,65.37325377203736,65.35350190954023,0.0,0.0,52.724518478259704,58.43083180331216,108.52558425849871,119.41209611636154,30.873659817628326,33.193987924806066,132.73306632222713,149.4782664549432,45.999898483048035,49.30273070334371,18.597253460674185,20.826102104303757,20.340524669694553,24.214910683730178,42.983056098833494,48.28241731949066,2289.054654999283,2275.1445086705203,0.0,0.0,78.70262703331339,83.2633892216904,,
2019-09-01,2019-9,67.4516182437155,50.51067462875189,0.0,0.0,76.44582002765773,58.67300623644912,0.0,0.0,0.0,0.0,0.0,0.0,209.1618214298775,150.07836691017386,0.0,0.0,0.0,0.0,0.0,0.0,136.69319605474738,106.51453714145445,160.77864334592402,124.38760012120993,102.91219939209442,77.79840919876422,29.496236960494922,23.355979133584874,178.88849410074238,134.81215426695547,41.32722991260931,32.54078453797462,135.60349779796366,113.50739382998522,23.879475610463057,18.86031926542604,0.0,0.0,0.0,0.0,262.34209011104457,195.14856848833688,,
2019-10-01,2019-10,211.38855360307264,220.41021656182645,1153.3647157085193,1402.181692149244,159.71715970064201,170.68510905148835,0.0,0.0,222.92321051134155,254.97202539254238,0.0,0.0,87.39976109748451,87.31832256591935,0.0,0.0,151.75933911365817,148.530686158046,0.0,0.0,81.59746907349715,88.53156333835177,83.97813067621924,90.46370917906177,179.17749001302155,188.60220411821626,154.06516626687076,169.8616664260718,106.7854786213615,112.05166068941753,86.34439106741587,94.66410047410798,70.82861268911495,82.55083187635287,74.83657088636188,82.29957497640453,0.0,0.0,0.0,0.0,30.450421173603385,31.53916258397364,,
2019-11-01,2019-11,78.81986850951023,99.46717465354219,0.0,0.0,111.66243374826408,144.42586150510553,0.0,0.0,93.5108598399635,129.44733596852151,0.0,0.0,73.32414414170987,88.6616813746258,0.0,0.0,63.65934824243339,75.40788681870028,0.0,0.0,68.45630364218489,89.89358738971103,111.5514744563012,145.4378093724916,60.1284760493136,76.60151059570632,86.1687821317829,114.98328188841785,97.05346870955204,123.2568267583593,126.76779512519482,168.2108246886073,13.204834991562004,18.62685437210014,34.88013291415951,46.42540126874103,0.0,0.0,0.0,0.0,8.515473586625667,10.67479348996031,,
2019-12-01,2019-12,26.79741709512636,25.656215684445403,0.0,0.0,60.74133068411513,59.604323795757836,197.9038929687575,212.9866493406817,127.16841889950895,133.5567752056174,0.0,0.0,99.71585646436266,91.4763379262012,745.7791306086629,943.448275862069,28.857463464736355,25.933929329182632,245.9228023258972,198.79572203200684,116.3699049605053,115.93419008593682,127.74941440728766,126.36200647234025,163.54128799830283,158.06660916574316,93.74695346357636,94.90683584440836,60.9166737126952,58.69372702779014,164.1862784304003,165.2865246373314,26.93651823830518,28.827274623488307,56.921534392343176,57.47906823748888,0.0,0.0,0.0,0.0,0.0,0.0,,
2020-01-01,2020-1,0.0,0.0,0.0,0.0,134.49866080054065,115.89729626952912,0.0,0.0,75.08992354066243,69.25166121772754,0.0,0.0,132.47963787408182,106.72239424723475,0.0,0.0,102.23787056078025,80.68333569079041,217.81733920293755,154.6188949137831,61.842292350439955,54.10262204010385,155.58053683173245,135.1371458106972,96.56723672280741,81.96046401186682,72.65388893427169,64.58937439411125,98.91707493347171,83.6929070581452,123.6088124754585,109.2727579546802,15.905372674046866,14.94747573069764,16.805405392025126,14.901980654163784,0.0,0.0,523.2185518133738,443.793758115847,225.6536474338609,188.456230748682,,
2020-02-01,2020-2,0.0,0.0,0.0,0.0,14.5670373668338,20.861513328515244,0.0,0.0,0.0,0.0,0.0,0.0,111.59839202024084,149.41135194612866,0.0,0.0,27.682485310634714,36.30750106085569,0.0,0.0,66.97902998866867,97.38471967218695,53.61470232097385,77.39672896430841,52.2941469223672,73.76441761068014,56.206184436122236,83.04348136385732,48.69696093482285,68.47601486575515,31.50023387475758,46.280226898452796,8.613251488795738,13.452728157627877,36.40258822702511,53.64713035498963,0.0,0.0,0.0,0.0,177.7431750589488,246.70633843463824,,
2020-03-01,2020-3,140.2103435066066,137.98037947366373,0.0,0.0,170.25687074687727,171.72587191155841,147.92562558197739,163.63608424954816,63.36903446007679,68.40712876385284,570.88577330224,682.6758101684072,198.75681711509168,187.4149362390464,0.0,0.0,323.54782958241844,298.8727221472877,183.81793219537238,152.73329863434674,57.98804908776448,59.38092662938228,131.29575760545953,133.48913183739603,61.120443293781975,60.72070961854768,70.07227866757168,72.91622753899668,22.766447218767432,22.546980504577917,61.36149619004173,63.494213732633405,0.0,0.0,28.364453263189613,29.440498365543085,2265.8155214459907,2080.9248554913293,441.5486509592557,438.3816391144343,605.9170101549507,592.3208582843829,,
2020-04-01,2020-4,104.52767330483063,74.83062907963243,0.0,0.0,165.85199100040177,121.69216108300559,0.0,0.0,99.20821024080895,77.9081188699435,0.0,0.0,168.54841345422182,115.61592710117097,0.0,0.0,225.12643683085713,151.28125442023202,95.92617918539963,57.98208559266867,54.47036346098354,40.57696653007789,224.23829330232846,165.85013349494656,106.31988811368696,76.83793501112515,100.56068071034957,76.12319125020255,47.52307392950659,34.23800743287757,140.89574807292232,106.05885330895431,0.0,0.0,29.60422406807075,22.352970981245676,0.0,0.0,0.0,0.0,957.6354971470715,681.0122883872826,,
2020-05-01,2020-5,142.67732130196092,106.5033034110767,0.0,0.0,90.9575689142639,69.589029052425,263.42461685558914,221.03592766987575,84.63525280430595,69.30210366601615,508.31411227363293,461.0715347118633,121.66836799107452,87.02232825213656,0.0,0.0,230.46842007769106,161.4842097890867,0.0,0.0,77.4484452223024,60.15781114362578,127.53288997608887,98.35314822302925,126.98318840244872,95.69019071193568,62.3920402147418,49.24679684858193,60.813425113182156,45.68392822560845,92.88119807477956,72.90156766865819,11.951494721176458,9.972242248237391,69.45284770771966,54.680395577543365,0.0,0.0,0.0,0.0,801.5514256048187,594.3552759122207,,
2020-06-01,2020-6,126.26942935223542,159.6842864199882,295.2613672213809,435.36946653653445,61.33138932504653,79.49513813674217,133.21759195268362,189.37555792805756,28.534170945451717,39.583684232369656,0.0,0.0,22.37433884095604,27.11184415488935,0.0,0.0,97.12597703274123,115.29484010345193,0.0,0.0,26.111190103519093,34.36068567118433,26.873001816390154,35.110586084100255,9.173887488666702,11.711983041042684,31.55254605145513,42.19286759254269,20.502811895301413,26.09355407292613,77.36457439640462,102.87433293427507,42.30829131296466,59.80698575219707,19.15816214690864,25.553551479295056,0.0,0.0,0.0,0.0,459.9231614061055,577.7711401442226,,
2020-07-01,2020-7,12.021080479078007,12.310293892765122,0.0,0.0,34.06001882420393,35.748975620075626,88.7779078130984,102.1946603843332,0.0,0.0,0.0,0.0,59.642182744361115,58.52256196344936,0.0,0.0,77.67119260044042,74.66127407792106,0.0,0.0,38.28182859807635,40.79329460754213,48.09504753094865,48.455208204001124,24.454384013963033,25.281026599243003,42.05404081496305,45.53793342115557,40.990008549250724,42.243390739727104,90.06310258989939,73.53294755737123,28.194786670863728,32.27425262492598,42.55748128597375,45.96574383043665,0.0,0.0,0.0,0.0,429.0108089632831,549.0630433149942,,
2020-08-01,2020-8,23.80645349778194,34.338375897290845,0.0,0.0,80.94263297046112,119.66197786780958,0.0,0.0,37.65821957355997,59.584297323850116,0.0,0.0,59.057455462553655,81.62151727159264,0.0,0.0,333.2754113868571,451.23089553729284,0.0,0.0,41.35256351236056,62.06670301625855,106.39763162597912,158.55317469960715,36.32195272662156,52.88923656065663,10.410436574292323,15.87795840845486,27.058763813557675,39.27795288054002,43.75824343688044,66.36603250721618,7.976676341056686,12.86084438290602,33.71220086183019,51.286801234721,0.0,0.0,0.0,0.0,432.0928543005441,619.1113020334927,,
2020-09-01,2020-9,304.59730764793625,394.4125536079321,0.0,0.0,203.98963554748664,270.72388437022323,204.5006894010494,297.65818397331066,87.60491079743949,124.43430073543257,0.0,0.0,103.03971834650808,127.84219437195068,0.0,0.0,268.37441022204814,326.1942332151614,127.06011453504686,138.91287032517252,32.06637381133923,43.2061641274654,82.50483013803996,110.37277889897612,98.57905415453254,128.86126111549956,108.98083340140754,149.21602388221524,62.947229503118365,82.02705780760986,110.27845034575219,150.14685893326984,9.278134059860673,13.429126880158355,29.40945943604397,40.16475943682776,0.0,0.0,0.0,0.0,430.79332691918904,554.1154206683257,,
2020-10-01,2020-10,76.7439805625418,83.60387524758934,0.0,0.0,159.4582988259246,178.04222582094906,0.0,0.0,40.46580158390641,48.35676343651665,0.0,0.0,31.730221208811237,33.120743042245266,0.0,0.0,165.2873190994786,169.01767735225923,117.38130516203682,107.96664213807269,44.435574730461994,50.37140672699325,38.110010679645676,42.892275903865496,91.06979071002198,100.15427391105278,67.11947600086688,77.31634471807406,125.99648044789494,138.13265067747162,141.06182527707486,161.58182667132226,8.571371821913424,10.437461501607835,27.169192671872064,31.21708016346379,0.0,0.0,563.9227503337011,619.7809380583382,464.3072324169541,502.4514866826145,,
2020-11-01,2020-11,55.23597084524734,31.341563816994054,0.0,0.0,117.37744019994688,68.26170097250389,101.98197109238686,65.0459789606244,0.0,0.0,0.0,0.0,152.79680255068905,94.14810136318523,0.0,0.0,148.70556413586803,79.20204513917982,0.0,0.0,75.95774898880225,44.8478829815002,133.42215962172602,73.67743729318292,77.25167723396063,44.25064944445931,102.65619477589571,61.59202767714664,230.42431617615065,130.71761390971116,183.8348957097711,85.2182923540115,4.626891000980388,2.934610071344985,24.44355771149761,14.62839053850603,0.0,0.0,0.0,0.0,462.23325475899685,340.94663794256394,,
2020-12-01,2020-12,111.15266668330582,98.53669551288996,0.0,0.0,80.98334858060721,73.58133098393692,234.5380140012036,233.71669320125264,75.35432467989011,73.27794477331543,0.0,0.0,49.23930202675185,41.82489699169385,0.0,0.0,68.39857537516988,56.91617031672624,0.0,0.0,45.970405111829386,42.406031269609024,140.57201408823303,100.74153067542177,24.226815551056436,21.681408972177298,20.83134642481633,19.527026609778158,60.160833026119164,53.672001801742084,58.37367283430932,54.41217102839205,15.961377507406187,15.816520236978029,33.7291587093462,31.53676016393651,0.0,0.0,700.0811608770495,626.1278343578634,563.831140722281,642.4662216082893,,
2021-01-01,2021-1,74.45131447655389,98.79760886504302,243.72990218746065,377.1119157895097,8.437887682298067,11.476292414802312,0.0,0.0,0.0,0.0,0.0,0.0,46.173458693010694,58.709902023979964,0.0,0.0,48.104847115272776,59.92022138522114,68.32477857073275,76.55276300654698,38.797287182115625,53.57307986683397,88.73160977109957,121.64950829464242,30.29113793427685,40.57912832002628,32.55716721111231,45.683707613489915,22.56598793508017,30.1359065423347,18.246361885944484,25.459582368075743,4.989185296340173,7.400586893317693,36.90054816031932,51.64643401362578,0.0,0.0,0.0,0.0,348.9529881221864,505.14615363282275,,
2021-02-01,2021-2,124.42089040901574,105.17079847879994,0.0,0.0,10.072253314454903,8.726142628538929,0.0,0.0,28.116440965394432,26.070490533437344,0.0,0.0,88.18714633259701,71.42529454659183,494.6665629825477,552.4877185777245,76.56327018346718,60.74812076260898,163.11771460580343,116.4157036888075,20.58314535187316,18.1044275768648,90.03060856279359,78.62306775106863,18.079170163476046,15.42742414813383,31.0906281475487,27.78894325987072,20.202658117554883,17.185660396049297,32.67085067415736,29.03776833713906,23.822236099642264,22.508515618752096,25.17025807589349,22.440007286028354,0.0,0.0,0.0,0.0,572.4065115915346,621.6990265646423,,
2021-03-01,2021-3,77.90562028148778,94.75903099360106,0.0,0.0,17.658758032055186,22.01434551136507,0.0,0.0,24.646988723860073,32.88536588760513,0.0,0.0,153.07916962448277,158.55338858097224,0.0,0.0,50.336760061391054,57.470845505397804,0.0,0.0,13.532452916433881,17.127719296859034,96.82225361210412,92.13651862989657,39.62068880840753,48.65045473194676,13.627086769508015,17.52651269753952,17.70973386810339,21.678024409220473,23.86616929800241,30.52357975075243,5.22066773358399,7.098071004457845,5.516088146938157,7.076466869458156,0.0,0.0,0.0,0.0,485.9222215686828,642.3964797992852,,
2021-04-01,2021-4,97.53045521542384,92.18149085224907,0.0,0.0,64.47901812837453,62.46197229905854,0.0,0.0,0.0,0.0,0.0,0.0,40.32450357535847,36.51887502495237,0.0,0.0,157.54213576371518,139.76895298730412,0.0,0.0,18.823720980909748,18.513142501541846,94.09418055133392,83.23320978505797,33.067565613113764,31.551409231088144,42.64955375132324,42.62443518468353,104.8714298232816,100.293821515238,111.82521308031647,63.959385825642315,5.446484463563938,5.754163662161744,40.28278171981306,40.15654949606471,0.0,0.0,0.0,0.0,479.2818622141482,532.9184976354956,,
2021-05-01,2021-5,55.33279112718466,81.49976046164514,226.42742885075225,388.8572197893516,70.54991103341241,106.50353588828209,102.16073002506413,169.143816027765,0.0,0.0,0.0,0.0,153.06463217829761,165.69746592056717,0.0,0.0,14.896622244285462,20.59548701719712,126.94875597717218,157.8740598933207,12.01435127462535,18.413878409681235,100.0893839951922,97.6080224651332,14.070379583844636,20.921490888143005,36.29510665428121,56.52785432163365,42.00270445031121,39.86070628127583,21.18880762390573,32.81566427011892,9.270002478738972,15.262162364295598,4.89728071239996,7.607854743873349,0.0,0.0,0.0,0.0,397.65979627535967,579.292808251626,,
2021-06-01,2021-6,97.94836053475709,124.48552789710129,0.0,0.0,55.50454486050679,72.30095626654635,0.0,0.0,0.0,0.0,0.0,0.0,26.033971390740074,31.703484803213016,0.0,0.0,90.40981904643465,107.85686699071634,64.2059089405822,68.89778597685078,28.356567266676322,37.50131880106933,80.99773875473869,112.06345378476604,0.0,0.0,18.356700661584604,24.6693092672363,15.90422022020278,20.341825274757717,25.719605849868557,34.37058549223763,14.065256420533464,19.981671406241066,14.861163012894556,19.92085393536641,0.0,0.0,0.0,0.0,267.82648857540505,480.43133266031214,,
2021-07-01,2021-7,80.94194189245859,98.53132758018896,0.0,0.0,45.867492016594625,57.22680641358213,0.0,0.0,0.0,0.0,0.0,0.0,25.099418571585296,29.275832962858065,375.43923754572853,603.877128433302,43.58216918135824,49.798936008406905,0.0,0.0,31.24415909822797,39.57680639558962,70.051195452657,76.54384710128826,20.58243987841888,25.293599152793703,29.49623696049492,37.96714997838886,61.333197977397376,75.13670911572439,101.07081512866485,71.5677382334439,36.16093274612364,49.20427122665878,14.327685366277828,18.395441255409747,0.0,0.0,0.0,0.0,359.01915467364137,474.47591912864874,,
2021-08-01,2021-8,95.82458862376929,73.37449100056178,0.0,0.0,240.47613984415833,188.72695438162728,101.09747871517624,87.01754870465015,86.61717112669648,72.75437671651903,0.0,0.0,42.449146760270025,31.14454480072361,380.9747683681721,385.4540016911044,176.8990041359554,127.14638962531778,62.81376000431633,40.60986094139208,15.852413766230153,12.630912549140387,57.10221548148819,45.17301002588449,48.73379086564056,37.6713682640288,41.90358728646199,33.928136841217984,31.118751792521657,23.979832849188014,16.774625844840553,13.505849547259988,36.69409480742816,31.40702363379023,67.84836261914741,54.795004674952196,0.0,0.0,0.0,0.0,618.3207394448374,646.0759437539593,,
2021-09-01,2021-9,92.14824911026354,82.73416705876679,0.0,0.0,171.5727286859274,157.88463629031955,0.0,0.0,0.0,0.0,375.1943197349167,409.33801415028296,16.328228928971253,14.046941586239212,0.0,0.0,70.88009166275945,59.7355117149385,0.0,0.0,19.055288857864227,17.802645284061562,85.72453563547103,82.04551079355669,20.08461606150967,18.20431771774718,34.539380060496136,32.79087599366541,9.974957135606745,9.012902940027823,48.3931866532973,45.68598149614513,48.51868269835396,48.69330770090825,23.30190697601482,22.065955313352188,0.0,0.0,0.0,0.0,445.38672791594684,475.07809475819835,,
2021-10-01,2021-10,106.03239029098462,82.86628507636433,0.0,0.0,145.92201154991477,116.8836936036748,0.0,0.0,119.805180313197,102.7074402720237,0.0,0.0,28.182648492087143,21.10405967663016,0.0,0.0,97.87166591591006,71.79708387374988,69.50505305659955,45.86319125069155,17.541106595454284,14.264859432737758,58.67186097148523,47.37258838841918,7.703600338371752,6.07779605149116,33.119575089999095,27.369366395553545,45.911606931257154,36.109182503206576,32.48272677392228,26.692713450687336,40.60296671109853,35.46986613941687,32.17541627359897,26.521430869252498,0.0,0.0,0.0,0.0,512.0840994614294,647.8993905722033,,
2021-11-01,2021-11,133.1956005825268,100.56965105249824,0.0,0.0,47.17384463732043,36.50666298986821,0.0,0.0,52.673838770612356,43.627369040338664,0.0,0.0,153.24939407877932,121.79933340375361,0.0,0.0,35.85874679478843,25.41456478943327,0.0,0.0,19.280414633400174,15.148325309547307,93.53944332629212,57.297342847591715,16.934918887306676,12.908424676344696,21.84215015429054,17.43866040731672,75.7858997774157,55.25407491904404,140.0408348099828,70.1594715002635,44.62899927527918,37.666622198383735,23.57720376729263,18.775988849918434,0.0,0.0,0.0,0.0,579.3484687242675,511.966877706228,,
2021-12-01,2021-12,202.119284469527,139.7924873113956,0.0,0.0,93.71065016195993,66.42917099029943,135.69894407287333,105.49962856300233,0.0,0.0,0.0,0.0,11.395545102349555,7.55189719120309,0.0,0.0,59.361045334329624,38.5379072333055,84.312299516853,49.2351865697073,79.79263564812297,57.42620032608141,98.54476801120956,70.41538935490648,28.03428947351583,19.5739599252125,48.21038031726992,35.25797025542405,48.730975110097454,33.91853036880435,95.69250325515705,69.59129578419403,30.78309903446207,23.798571214644824,26.020010676825866,18.980909110106925,0.0,0.0,0.0,0.0,388.5876224319674,431.00705380423585,,
2022-01-01,2022-1,207.8903978696885,138.1136866140584,0.0,0.0,81.5576985705406,55.534267908906564,118.10070208571246,88.1968651658089,0.0,0.0,0.0,0.0,29.753110160845797,18.939981137113737,0.0,0.0,68.8836716544264,42.95651911227379,73.37818164637966,41.16023127710567,13.888930906127179,9.60157095552147,97.33356092524167,59.71140163281562,32.53151591725781,21.818236743888487,34.96514411730401,24.562823040183485,30.293752800386244,20.254018834722796,48.989725428321066,34.2222232527028,10.716385844215973,7.9581678348885285,45.29116346786914,31.735783420485888,0.0,0.0,705.0462754931988,472.5594173615019,769.8236704308875,609.2017762619469,,
2022-02-01,2022-2,175.76479586892452,167.8714844259051,0.0,0.0,29.880270411701396,29.24983102592491,259.61112017505155,278.7190864582322,0.0,0.0,0.0,0.0,194.4841261864561,209.32921198998852,0.0,0.0,56.78300438996563,50.90657874527274,80.65062949329254,65.03713050569871,35.619385163486506,35.399949801296074,65.08465711611056,55.12192265661096,26.816764652282956,25.856186903384568,23.058305508092907,23.286975968106802,73.34637659932497,71.96917264507671,32.30703273791952,32.44464568087865,58.89238768508443,62.87335906586457,18.66747425227735,18.804598127648084,0.0,0.0,0.0,0.0,321.2321719680206,343.32149652734324,,
2022-03-01,2022-3,84.31452280464435,82.81882810226196,0.0,0.0,28.66718251037164,28.8606100796767,124.53567623781858,137.50511701939615,53.349144395876614,57.48322742366317,0.0,0.0,62.74854642896325,59.05752585894857,0.0,0.0,54.47771147669779,50.22917631064219,77.37635180018881,64.1716959856066,68.34659802737369,69.8577812056286,65.31632385928162,66.28364178794634,17.152033232015736,17.00808294594764,36.87029620061865,38.29516899628428,6.3888747893122275,6.315488027257637,36.16132617353314,37.34839739401238,28.250728707909097,31.018358683698498,11.939737805231529,12.369579703122605,0.0,0.0,0.0,0.0,257.17973293490644,372.24054378811815,,
2022-04-01,2022-4,0.0,0.0,0.0,0.0,0.0,0.0,0.0,0.0,30.900247001572097,43.17247552477376,0.0,0.0,0.0,0.0,0.0,0.0,42.07189599190524,50.29914480197442,0.0,0.0,62.20797147187408,82.4470727732121,60.69365279026081,61.51272206264335,19.869187011344966,25.547662426656895,25.626681121618113,34.51366223453012,44.40584259502162,56.91856866858021,146.35254170858647,105.73463771001116,39.27131000584591,55.91082022813629,0.0,0.0,0.0,0.0,0.0,0.0,297.3925431864624,438.7014810992576,,
2022-05-01,2022-5,127.58169824850576,194.04117859263582,298.32990337033294,529.0414373509807,51.64065209720527,80.49910358674569,0.0,0.0,0.0,0.0,0.0,0.0,0.0,0.0,0.0,0.0,39.25414776150049,56.040446210173705,250.8923739664321,322.1822123232351,42.2120856176983,66.80570111803432,27.152282435729084,42.66480852673439,0.0,0.0,23.910344510701425,38.453159384418925,34.526482695128436,52.84619315082336,16.7504130477204,26.78748698943356,73.28225977996189,124.58531157526046,25.80968726488847,41.40203863039038,0.0,0.0,401.778680087637,616.4941004773257,159.82311187501736,351.2183173650955,,
2022-06-01,2022-6,131.21823121520902,133.64883902539887,0.0,0.0,31.867556804878692,33.266995639745694,0.0,0.0,0.0,0.0,0.0,0.0,11.625621428644022,11.34572028461326,0.0,0.0,60.559546249630806,57.89807577528762,86.0145668467657,73.96931404619065,27.134550285723524,28.758407298713482,86.16905943452747,84.94225127352054,47.66717073980621,49.01211544395837,40.986457534179394,44.14200588641835,78.22452041115656,97.39069873370167,34.455719000774025,36.900585355253504,25.123688428126286,28.60334830716026,13.272677655221743,14.258144679312903,0.0,0.0,0.0,0.0,186.31896661093188,188.5101234652553,,
2022-07-01,2022-7,180.17898024006192,136.79477304590344,884.7729325983162,783.2214695165239,102.10229387255653,79.45014228207566,266.13103415205063,227.12204104231884,57.00319538189556,47.473534880598535,0.0,0.0,78.22079075391309,56.902646436734166,0.0,0.0,155.2241642075773,110.62039765825186,330.70440769395765,211.98929734872718,99.10925467374541,78.29801996947009,96.63236954523857,75.7959396109404,64.143905100552,49.162486052229106,94.54958148980562,75.90417403829188,102.39703429445625,78.23635378202425,71.75652590990725,57.28325793332645,30.185710126259035,25.61705733842106,38.27258419759147,30.646905183309197,679.3997834472757,481.3770167731083,397.19216547476435,304.23036913822534,249.16509015112908,187.91401545859904,,
2022-08-01,2022-8,36.32607288614368,33.56269964335735,297.29999576376105,320.27328664562197,51.46237596798592,48.732879236922834,0.0,0.0,0.0,0.0,0.0,0.0,45.05764438627511,39.888876468931926,0.0,0.0,39.11863286704192,33.92599638827942,83.34207742805145,65.01466536420754,42.06635920014584,40.44311079085324,61.84493299470543,64.64365982816739,64.66059938789822,60.310263190320185,55.59820039273956,54.31750840876468,48.17020439536676,44.78914482128336,50.077759606418404,48.650157965174486,12.171545256894323,12.570328266966442,25.720585927955597,25.06413685169826,0.0,0.0,0.0,0.0,141.28434772378466,129.66987350980554,,
2022-09-01,2022-9,55.64164043136107,48.08582638699443,303.58836230165485,305.9071692023744,84.08141897284091,74.47508240520074,273.94921964417904,266.12495957858357,58.67778984082315,55.62600834851488,0.0,0.0,46.010685043094085,38.09962863613986,0.0,0.0,19.97302700438274,16.20210918338606,255.31468373082274,186.29513981486707,53.695161787495195,48.286252911319075,60.787930078203345,54.27407710427617,18.865221040148917,16.458570723084605,64.88478917749293,59.292631559325145,49.18908063404667,42.78009148616351,39.773209516365476,36.141712258622356,12.428992747639441,12.00647602042166,32.83077140333933,29.924830888595498,0.0,0.0,0.0,0.0,173.49435062877185,183.2000242004109,,
2022-10-01,2022-10,148.70222164630687,90.14965735086852,347.71695332262226,245.7875418378433,72.22741003959047,44.87892719286509,313.7695638185685,213.82368973916735,67.20699751620526,44.6938850432365,605.4616276745156,446.02711344300343,261.40550713495844,277.7292186810658,0.0,0.0,183.00991634702254,104.14340008195913,487.37728993927817,249.47123986896798,67.6501224081753,42.67626477155326,78.66221008111347,50.57118371026689,32.411109902759215,19.835976633396896,74.316225558609,47.639910493311646,96.69587212515488,87.99103690501857,45.554510495864086,29.038818008154365,14.235629647700089,9.646855400247825,30.082354201067858,19.234987249756713,0.0,0.0,0.0,0.0,268.90291247610963,246.26855193694044,,
2022-11-01,2022-11,60.396729600877904,41.27285108989853,0.0,0.0,91.26694840036684,63.92318104881584,297.36069632295454,228.41940449551822,31.84617293019165,23.87235628246012,573.7984558190882,476.47315302521235,49.942720627134015,32.70153426551355,0.0,0.0,173.4392447013236,111.2522819986777,369.51155757641186,213.20021974792496,64.11229712917634,45.58936849842248,143.09855722278866,122.48791101836869,40.95485486011921,28.25332076606089,61.626066506748316,44.530355820626106,129.66808118308182,89.17435501466363,74.00947805778503,53.17889592469636,13.49116432173618,10.305354698850046,21.3818773961034,15.41098301044624,0.0,0.0,0.0,0.0,127.4201938582586,162.4024032650807,,
2022-12-01,2022-12,110.37537530789808,94.58899982005507,361.33384100518646,361.04759360604015,150.1117920543097,131.84906399604847,163.02852162041705,157.04727761837384,139.6777598728406,131.30543170012706,0.0,0.0,326.40473394817786,266.23952017367037,0.0,0.0,142.63255368444516,114.73544501601283,303.8780361607415,219.87523896885673,76.69020869565048,68.3879444735122,130.5988357918786,89.0821209285532,56.13392694114241,48.56315863124921,57.91988348606275,52.485191828493114,83.75532780894767,63.73509052829427,114.9648395750768,103.59395286700968,36.982772126717364,35.42667278904212,101.5963144154246,91.82899944735664,0.0,0.0,0.0,0.0,149.25640045840825,138.80614313912133,,
2023-01-01,2023-1,80.52897280117054,119.95113826493956,0.0,0.0,11.40836855004586,17.41684786239677,148.6803481614773,248.94543429430334,0.0,0.0,0.0,0.0,37.45704047035051,53.46019748933837,0.0,0.0,43.359811175330904,60.62476986042694,184.75577878820596,232.35863614130673,17.485171944320822,27.101498981128092,56.55318384778375,76.53252051847446,30.716141145089406,46.18829488609378,0.0,0.0,45.765205123440644,68.60305756494951,37.004739028892516,57.95761253516816,0.0,0.0,14.254584930735597,22.394442170450215,0.0,0.0,0.0,0.0,52.20072201189152,77.23876551177217,,
2023-02-01,2023-2,90.97221134887278,119.41533346865526,0.0,0.0,0.0,0.0,167.9616613236285,247.83343019298874,35.97608008252198,51.80267374689982,648.2103593114771,1033.939968190611,237.54751019094996,422.23125426280535,0.0,0.0,24.491420721512558,30.176983787153436,313.0731928745392,346.98108438767036,26.33693526291551,35.97392054958962,36.78183698154086,39.2066107492771,23.133001592459266,30.654652196736023,19.89083414627035,27.60863973034712,77.67301524582327,123.75152410834595,27.869082995822993,38.465816042793165,7.620369472796229,11.181236594203417,16.103162227228687,22.294409359602387,0.0,0.0,0.0,0.0,78.6270241255004,102.52500113752814,,
2023-03-01,2023-3,40.06009814474474,62.15120573608862,0.0,0.0,22.700916099583637,36.09730129876972,147.9256255819774,257.97602469950976,0.0,0.0,570.88577330224,1076.2540088479852,12.422301069693233,18.466495502043728,0.0,0.0,21.56985530549456,31.411978233805034,0.0,0.0,34.792829452658694,56.16923234899614,11.935977964132684,19.131696871434826,30.560221646890984,47.86379286746306,26.277104500339384,43.10778686787543,91.1738997322209,200.81330893132863,49.08919695203339,80.08006265994972,6.711340627056577,11.638829215054322,7.091113315797403,11.603404542993076,0.0,0.0,0.0,0.0,25.967871863783603,40.02031556816655,,
2023-04-01,2023-4,21.952265186410884,30.999304303305458,0.0,0.0,12.439723147755148,18.00433658906337,0.0,0.0,0.0,0.0,0.0,0.0,27.228854639550118,36.84231105116456,0.0,0.0,0.0,0.0,0.0,0.0,12.710593235370906,18.677107498801682,6.5407167146985765,9.542361827613497,22.32865522276318,31.830849997434996,0.0,0.0,8.317088738242344,11.819518560387282,13.450030319263666,19.970861398607656,0.0,0.0,0.0,0.0,0.0,0.0,0.0,0.0,119.96612419902699,190.59729819708062,,
2023-05-01,2023-5,20.004662444904216,15.313248886181817,0.0,0.0,22.672144342803428,17.787811269656057,147.73814063193686,127.12387559031755,63.28871882704754,53.14340884132268,0.0,0.0,221.35202194605523,342.0140793077782,0.0,0.0,64.62755125752741,46.437017754164756,275.3774345436377,177.9807517070776,40.540187423080965,32.29185967583764,62.15522364325823,53.14283777366014,10.173829597697546,7.862010764826531,52.487600370766614,42.48479246200381,106.21673839617561,124.50764180598736,30.64186248273313,24.6633576092634,6.702834491914553,5.735312337163596,21.246377539347353,17.153567940265816,0.0,0.0,0.0,0.0,95.09485142174748,72.31022580010027,,
2023-06-01,2023-6,45.6175684075995,44.13769136385256,0.0,0.0,25.85017613652009,25.635086639485046,168.44709965115342,183.20587706392504,72.16011438517414,76.58816867980093,650.0837996563079,764.3193194570347,28.29125214716262,26.228565299350297,0.0,0.0,73.68661552339472,66.9231843851431,418.6373715894608,341.9983808766695,46.22284375261689,46.53774475066139,40.77550853643015,40.76005872020512,23.19985997856464,22.66083488986661,59.844966318692,61.22739437211645,86.53910315519883,66.32356765902915,278.8845871432054,113.4428648965555,7.642393662023963,8.265504194914875,48.44910947556377,49.44208072132415,0.0,0.0,0.0,0.0,59.14070239497537,56.842158278710315,,
2023-07-01,2023-7,61.177049104765224,63.484217414534676,333.79030532132856,403.8669748963886,23.111526985105822,24.581007952979203,0.0,0.0,32.25762219285563,36.719485482888096,0.0,0.0,12.646993853899568,12.57504180277495,0.0,0.0,65.88002318112291,64.17139722383797,0.0,0.0,59.03692852862844,63.74882596973477,69.43571934418478,71.00036789433187,20.741993675926008,21.729053249657717,35.66986795222641,39.13987338699632,54.08256798394536,56.479441718731394,159.0286041347715,135.56049850966582,0.0,0.0,21.658129042047882,23.70454597080937,0.0,0.0,0.0,0.0,61.68767493567198,63.58903684458699,,
2023-08-01,2023-8,84.06752952878522,89.77967352692747,344.0129112099977,428.36290614260713,35.72900509947784,39.10789687131781,155.2135725147779,186.3278676655498,0.0,0.0,0.0,0.0,399.9329219923886,318.6669724697688,0.0,0.0,22.632551239320524,22.687871596901452,192.87420848196197,173.91316827567044,42.591488517724216,47.330789188213366,71.56224603515183,59.69720048665086,21.37723449423,23.04699561071755,55.14343101535934,62.2707634651561,95.66582288813593,80.91858978740878,64.38463248702115,72.29909899249449,7.041992562078006,8.406355715770891,37.20237878061487,41.903848016012205,0.0,0.0,0.0,0.0,63.576911318522114,67.4459322368331,,
2023-09-01,2023-9,43.18379936806956,72.9675409137647,353.42502916375963,696.2954230508558,73.41308571739496,127.13822418404297,0.0,0.0,0.0,0.0,0.0,0.0,198.74203226632392,313.75498013393076,0.0,0.0,46.50354577491029,73.75737219612954,99.07560230502972,141.34620591810608,31.25484451515623,54.95375768095365,67.08682825517201,91.14232387213463,21.962110950980474,37.46243507245555,18.884047739413983,33.7399643844947,49.08333901063949,83.4639250962898,13.229236387894083,23.504150801710807,7.234659937237459,13.664364783910669,15.288091088504387,27.245550128987546,0.0,0.0,0.0,0.0,27.99272644139737,46.985154656562635,,
2023-10-01,2023-10,59.26287360086142,78.34355632485445,0.0,0.0,33.58258176434025,45.50178751935797,291.77820515293666,433.58256115638613,0.0,0.0,0.0,0.0,181.8278167542964,336.03509614188187,0.0,0.0,21.272898599161095,26.39719328465899,0.0,0.0,17.15691464874534,23.60103002636912,11.771652860746627,16.077405135703092,0.0,0.0,17.27689474031492,24.150544813519097,22.453016781462747,29.87109352546425,18.15501589402486,25.235861578204005,19.856832593694303,29.34222309497399,48.95441933659384,68.25680227496547,0.0,0.0,435.469758392858,580.7845950447688,17.073577829504778,22.42083147396374,,
2023-11-01,2023-11,74.62732231219586,127.00736558682901,305.3826197620665,605.9862114331811,42.2891770365766,73.76563476850882,0.0,0.0,0.0,0.0,1595.241097028954,3299.0233595743794,11.570653951440033,18.86834629801668,0.0,0.0,0.0,0.0,0.0,0.0,16.20375272381504,28.69576761701557,16.676508219391053,29.32203474657363,28.465076427600586,48.905360459968406,16.31706725474187,29.363905771009325,28.274169280360496,48.4257936943233,17.14640389991237,30.683509094908857,6.251225075792651,11.892102652006406,26.419845356256992,47.42362840398019,0.0,0.0,0.0,0.0,8.062522863932811,13.630400220632083,,
2023-12-01,2023-12,78.91839334514712,76.19896058280285,322.94212039838544,363.56568160726823,67.08120707426964,66.3843156275253,145.70674119824773,158.14258713545618,31.209249471587817,33.055301863390305,0.0,0.0,61.17983276823917,56.60098409183699,0.0,0.0,63.738922427736426,57.76782758075431,271.5909948186627,221.4087354131476,45.69458268115841,45.90993927403098,41.14928403134743,41.04790803999928,10.033939440729206,9.780371442130358,60.393545176613344,61.659784912664065,44.84990102097183,43.58009231813418,18.13232212415733,18.408786681482784,19.832011552952185,21.40425140794007,20.954239848181324,21.339104083167747,0.0,0.0,0.0,0.0,119.36565100052528,114.48716017982433,,
2024-01-01,2024-1,77.75211167009569,66.0868728147611,0.0,0.0,55.0748826553938,47.97891150369731,0.0,0.0,30.74802903604711,28.66865260879202,0.0,0.0,60.27569730861001,49.0896727233278,540.9654038528355,607.548156956005,83.72929054546658,66.80222485827389,0.0,0.0,61.90152826265303,54.74892183541052,52.124356971446424,45.77218585741075,39.54261848563234,33.92981524333625,76.5013239394117,68.756320838573,29.4580630679618,25.1978241895168,47.63828472685013,42.575528932443646,26.051903517835385,24.751694418098584,61.93371383698914,55.5218068621606,732.948534851987,581.3946866368632,428.49795191612503,367.44155613458616,47.42534839764815,79.60283996606402,,
2024-02-01,2024-2,57.18724155445444,67.6137620853912,312.02137236558974,430.1378620844299,43.20850697215436,52.359924757340636,0.0,0.0,0.0,0.0,0.0,0.0,35.46656972071836,40.17908320968027,530.5119660972251,828.7801553768571,41.055666620120085,45.563761212733915,174.93783885260078,174.63379138977677,16.55600821781102,20.3686748984976,34.078082013538236,41.62641690485813,9.694627478965417,11.571246339620032,33.34357221621165,41.685858234031144,21.666618850711032,25.78000164412324,17.51915181078003,21.779602826470498,12.774242546184983,16.88237624524447,20.245642365392587,25.24648797585357,0.0,0.0,420.2177982559101,501.2413690972463,16.47559020021053,19.350114242341313,,
2024-03-01,2024-3,20.13224320029263,28.45091060721535,0.0,0.0,34.22510565013757,49.5727032283468,0.0,0.0,0.0,0.0,0.0,0.0,172.8209851323527,331.2367979129432,0.0,0.0,21.67990558766545,28.758875202540025,184.7557787882059,220.45025603906475,23.313562592427758,34.283396211127034,44.556308036895295,53.217937433728785,20.477427430059606,29.21409651545432,26.411171360034988,39.46683820940464,99.26660687727848,155.73587951144492,12.334913009630837,18.32909496424693,6.74558216086809,10.655796155468,21.381877396103395,31.870090513821957,0.0,0.0,0.0,0.0,78.30108301783729,109.92041816894077,,
2024-04-01,2024-4,37.94153526208997,41.5339764851806,0.0,0.0,43.00077376555747,48.245708045886545,0.0,0.0,0.0,0.0,0.0,0.0,186.38124859327047,168.89955204209863,0.0,0.0,81.7165672150467,83.96711535128263,0.0,0.0,38.4449613903977,43.79244895736191,28.261870900650703,31.962994062976698,67.53613085106197,74.63419450102491,16.591633290278395,19.205181780931856,57.49987310381004,63.34485460061568,29.058208532303414,33.447092860650315,19.069241877838643,23.333748068498288,26.864410061770933,31.016970675236458,0.0,0.0,0.0,0.0,16.396380631940286,17.829665850688016,,
2024-05-01,2024-5,37.40208215409816,42.87345444715342,0.0,0.0,21.194694178284248,24.900820258734562,276.2213103284317,355.91661376216507,0.0,0.0,0.0,0.0,172.13320567142506,213.40019834409892,0.0,0.0,20.138680071954635,21.668767354581163,85.81074085897716,83.05062833170963,37.89835056494181,45.20476304917865,33.43205202276026,39.59256741360022,38.04337228712495,44.02352014182734,40.889333227226366,49.56138058005779,28.341169681498787,32.69386858672273,28.64505864795787,34.52576741989663,12.532076810712281,16.05751033338628,39.72367743731058,48.02591005732092,0.0,0.0,0.0,0.0,56.571398578448004,64.4163648586754,,
2024-06-01,2024-6,82.96283137466189,118.49519907374398,0.0,0.0,23.506336250291596,34.410892377418115,306.3479447006523,491.8475843063395,0.0,0.0,0.0,0.0,420.40364113287836,617.3784684544165,0.0,0.0,67.00543750616181,89.83338062467058,0.0,0.0,24.018177493381557,35.696729667514404,37.07838621183924,54.71368260397642,0.0,0.0,18.139604333129594,27.395906086561965,7.858064129824237,11.29506158481403,25.415431799081674,38.16942428688357,27.797826092618045,44.38032596437165,14.685406814318933,22.12262360755416,0.0,0.0,0.0,0.0,35.85226987062896,50.86750615244935,,
2024-07-01,2024-7,18.970767631044982,20.231065965362163,0.0,0.0,21.500386882778734,23.50032875783506,0.0,0.0,30.008893722680597,35.1051503793943,0.0,0.0,23.53070491086122,24.044385573937667,0.0,0.0,0.0,0.0,87.04839577521241,78.3796296290816,54.92137341485385,60.946173203333174,45.21899344104113,49.82102816525915,0.0,0.0,33.183266580556776,37.41912837317046,129.47710793962446,151.7353945652369,142.13083377468493,109.0325395600985,25.425655837118185,30.30878243736121,26.864410061770933,30.21653272232713,0.0,0.0,0.0,0.0,16.396380631940286,17.369545441638003,,
2024-08-01,2024-8,19.510109603250218,26.972325636119677,0.0,0.0,44.22329267360174,62.66190035635605,0.0,0.0,0.0,0.0,0.0,0.0,203.77994075713144,198.1812152487624,0.0,0.0,21.009945588046616,27.26428540725566,89.52319565510102,104.49676241546466,56.48279688647517,81.25424694527341,92.17189903550073,82.53833719398826,19.844626829625128,27.695849010190475,17.06333609086727,24.94383927245653,29.567301867966602,41.13639459178864,35.86120568436556,52.129612807435244,0.0,0.0,6.907042389182143,10.071270608979049,0.0,0.0,0.0,0.0,42.15633092019258,57.893271244994864,,
2024-09-01,2024-9,0.0,0.0,310.1484949804422,306.54605754736707,53.68644023550992,46.64413994520965,139.9344453284492,133.3403813099226,59.94573728036076,55.74218348917926,0.0,0.0,174.40627321330464,266.3158379219937,0.0,0.0,40.80923404737027,32.4718947062875,0.0,0.0,27.42772069697384,24.193549471715112,62.10147478577557,54.38742873113595,19.272872875350217,16.49294451379253,58.00100377105724,51.989406400061945,71.89082759111355,88.64249050678691,147.7648734697637,108.01642340736832,6.348783210228792,6.015775796778372,6.708039967404987,5.997465803491488,0.0,0.0,0.0,0.0,49.13009130530967,41.37069825941,,
2024-10-01,2024-10,159.83472069903215,119.72034620144245,0.0,0.0,56.608613564784505,43.45834241310951,0.0,0.0,31.604303262367413,25.96749452099093,0.0,0.0,37.172556618676964,26.67866868126172,0.0,0.0,21.515248076873053,15.12703118340172,91.67628517085662,57.97789159009415,40.48887073014036,31.557580045670708,85.88806674177702,55.483733445827134,60.96570799430405,46.0994262680851,43.68430030858108,34.598947750872924,318.3546976445353,206.61757736741444,79.56799581908702,62.666607416928485,0.0,0.0,21.219483390563372,16.763515597363845,0.0,0.0,0.0,0.0,8.634043472009061,6.424179518008662,,
2024-11-01,2024-11,0.0,0.0,0.0,0.0,35.35241479539902,31.37097854108383,0.0,0.0,0.0,0.0,0.0,0.0,38.69080333169276,32.097249006444656,0.0,0.0,44.787999949221906,36.39882427588479,190.84127874829173,139.50702304294265,66.22403287124408,59.662575293237055,74.3521789386289,66.50691662966597,42.30382899912182,36.974977566259,18.187403027024533,16.650471649670276,70.90893442050881,61.783425557998996,82.81780856005105,75.39453061475399,13.93553732311089,13.486565418534594,22.086155307701002,20.1682752906604,0.0,0.0,0.0,0.0,8.986685563751196,7.728964743898678,,
2024-12-01,2024-12,43.78274249384029,70.49232076405873,0.0,0.0,37.21564886228552,61.41270740606603,0.0,0.0,69.257696469543,122.31898829511239,623.9361849683288,1220.6946255792923,13.576661918055851,20.944824945885877,0.0,0.0,70.72279881024846,106.8830388372624,0.0,0.0,25.350670003416596,42.47168387614255,26.09029302562151,43.398601737466365,33.40007580825256,54.28743979842878,9.572981204931777,16.297715135902653,24.88205327099686,40.316322205982054,13.412720942511202,22.706838093380966,14.670003922664586,26.401678700476346,15.500131186819289,26.321320891924522,0.0,0.0,0.0,0.0,0.0,0.0,,
2025-01-01,2025-1,96.53626097265705,81.39375581358918,0.0,0.0,68.38043534584061,59.09167192824845,0.0,0.0,0.0,0.0,0.0,0.0,44.90262955467095,36.27582299871603,0.0,0.0,129.94683471505897,102.84349497742377,221.480933593201,157.6687171529082,41.92163548730129,36.77985590065775,50.33551563467574,43.84631205088114,49.09572815035697,41.78855768311466,52.76849731464687,47.04527499282742,27.431132122918555,23.27556285115806,36.96701758237988,32.772981777287384,24.25934134917698,22.863466891748295,42.7201627893605,37.98979701170423,0.0,0.0,532.0188638469319,452.5474882071229,52.1475102667214,43.675792426430355,,
2025-02-01,2025-2,50.18657764397273,49.159487023766275,0.0,0.0,85.31791042832386,85.65520783257107,0.0,0.0,0.0,0.0,0.0,0.0,246.5329075192386,408.9077367191494,0.0,0.0,27.022330652988416,24.845804970102392,460.56766476932734,380.9094777581551,43.5878372157314,44.42794980551834,22.429770991422625,22.698780971866608,0.0,0.0,43.892651502421685,45.46238835983618,28.5213996953716,28.115540768824612,38.43629491077336,39.587876399277896,33.63139214067144,36.82367007963392,44.41810248687086,45.889489053915575,0.0,0.0,0.0,0.0,10.844029161982764,10.551568874433704,,
2025-03-01,2025-3,0.0,0.0,412.7055851736554,453.3571477492124,42.86339110176974,41.38977564539286,0.0,0.0,79.7680497676366,82.4382395198891,0.0,0.0,62.54807183973333,56.46398877745071,0.0,0.0,81.45549192042994,72.03501009198523,0.0,0.0,43.79672461452883,42.93639397687475,30.04968254228931,29.248969229779718,25.645851605697647,24.3917483153527,55.128749590701354,54.92012984766283,19.10538914631388,18.114421823912227,15.448197762860346,15.303525507954838,8.44814123661435,8.896852168143676,26.778581275631087,26.60931944924006,0.0,0.0,555.8152347538236,528.2988954439764,43.583989411419545,40.78930675396975,,
2025-04-01,2025-4,0.0,0.0,0.0,0.0,30.73594825854279,35.48607937324758,0.0,0.0,0.0,0.0,0.0,0.0,0.0,0.0,754.7489826950214,1123.3842872378245,58.409092717284246,61.76018221691946,0.0,0.0,0.0,0.0,16.160739923945968,18.807747097365073,0.0,0.0,23.71862353524334,28.251906031003006,10.274891413739251,11.647981910154227,24.924154122553034,29.52153648805945,0.0,0.0,19.202052552743485,22.81385698085899,0.0,0.0,0.0,0.0,11.719749730046665,13.11422224282065,,
2025-05-01,2025-5,0.0,0.0,0.0,0.0,26.540536923548817,45.96342328315302,0.0,0.0,0.0,0.0,0.0,0.0,14.523402437564195,23.513761937261663,0.0,0.0,0.0,0.0,0.0,0.0,6.779611673762376,11.920236458390834,37.87328615013257,55.93716041800033,0.0,0.0,0.0,0.0,62.233084532654075,147.21132381425684,125.23123501796861,139.57624387631833,0.0,0.0,8.290500434493106,14.774849513568174,0.0,0.0,0.0,0.0,20.24004256049602,33.972451091935994,,
2025-06-01,2025-6,22.451889998619382,28.867804561018943,0.0,0.0,50.89138516777213,67.06546247858385,0.0,0.0,0.0,0.0,0.0,0.0,13.924286263041632,17.154524253111703,0.0,0.0,24.177874794779108,29.180281791441626,0.0,0.0,38.999643824601776,52.17863121364213,26.75832328801296,35.544931408115616,11.418423261142767,14.82108675321276,19.636186198451806,26.69676641284745,0.0,0.0,120.06522390058443,60.359920889065286,22.56843419966109,32.43580971149253,31.794010201128614,43.11611472342694,0.0,0.0,0.0,0.0,38.810209632359374,49.56937454323278,,
2025-07-01,2025-7,99.64443604185244,65.45606024814855,0.0,0.0,22.586265008171598,15.2067017888013,147.17852646287648,108.6775003980585,31.52449441574527,22.716003617289513,568.0025118209156,453.39327796538157,61.79781087700927,38.896881495319754,0.0,0.0,21.460916642335498,13.23291682234624,91.44477940022314,50.718254470748974,86.54277022946668,59.155998876998254,83.12986672999479,56.41723868518047,30.40587709311881,20.163568976866213,61.00358098647812,42.37335066265558,166.32587420756022,118.0815007352361,286.4079994968752,124.69955444627028,0.0,0.0,70.55299612182264,48.88163554379944,0.0,0.0,0.0,0.0,17.224480663856465,11.239566069898466,,
2025-08-01,2025-8,19.582727877207724,21.898821516465336,0.0,0.0,55.484869374912854,63.593968049828725,0.0,0.0,92.93076765733346,113.99717006260119,558.1364632284926,758.4308032967722,24.289759907985772,26.026493564809503,0.0,0.0,21.088146378076566,22.135863550005563,0.0,0.0,22.677212248713854,26.38811758859259,5.8347088311020805,6.7410054259236345,39.836980409843,44.97249976909209,25.69027090107622,30.377841247294903,96.55709651586393,101.73947924326806,239.43937258448904,133.19634558018228,13.122919141738418,16.403649172849473,55.46200786946257,65.41488798124541,0.0,0.0,0.0,0.0,16.925296136196426,18.80141046941396,,
2025-09-01,2025-9,56.103123231147244,66.64536405992668,0.0,0.0,63.58408253485274,77.41499969776035,0.0,0.0,88.7466809618611,115.64371009510096,0.0,0.0,34.79421768809811,39.603618339139715,0.0,0.0,0.0,0.0,0.0,0.0,21.656200322823892,26.7692594359566,58.104823998259164,48.6369065502783,47.55421535890619,57.02758588977345,24.533599936335822,30.816609435023828,99.19409388524576,118.58358214192862,185.94211006959733,131.602277932436,12.532076810712281,16.64057843194728,72.82674196840271,91.24461566894266,0.0,0.0,0.0,0.0,16.163256736699427,19.07297225457363,,
2025-10-01,2025-10,53.203411243919405,48.539778029346046,0.0,0.0,80.39695229875014,75.17816039121735,0.0,0.0,56.1065159039781,56.15114267071719,0.0,0.0,21.99724324251296,19.229653059460887,0.0,0.0,76.39121789092006,65.42025727410565,0.0,0.0,35.93955941214706,34.119467668600734,89.06723779504311,62.87121113565491,45.0963570369852,41.534867423786956,38.77595195930231,37.40773777473042,195.140664435277,165.5556066260446,271.1696553942146,151.62812272536658,11.884351492405802,12.11982250768926,87.89793494368196,84.5805369794959,0.0,0.0,0.0,0.0,15.3278524559262,13.891406441480525,,
2025-11-01,2025-11,18.56903372826991,12.312719744796931,0.0,0.0,84.18033828927955,57.209632433845925,0.0,0.0,58.74682253475355,42.73031178490313,0.0,0.0,46.06481526079184,29.267047175329903,516.7810681511793,452.7719269776877,39.99304936642285,24.891995580251354,85.20501798232556,47.70220288818023,48.38249930946184,33.382909052333495,87.72596037614129,40.81363715307638,47.21853854460802,31.607510560752836,40.60070263974006,28.466816920463444,373.3708909710314,204.63025308273498,207.3838641151074,98.13609512278522,12.44361509204843,9.223032157479583,59.16491251251199,41.37732160725468,0.0,0.0,0.0,0.0,37.2805747717684,28.887475076477255,,
2025-12-01,2025-12,73.20815709197322,71.82558077557871,239.66020066670526,274.1592906967251,124.4549296368639,125.148479398351,216.26232459851235,238.50578704970349,92.64341216055753,99.70597964658995,1251.9239036052834,1492.5387528435022,27.241483978436737,25.609159119892734,0.0,0.0,31.53440812751338,29.041220400881933,67.18391955934761,55.65364107578072,38.14946606033633,38.947476761588916,21.812501474342653,22.10971167394778,37.23168623647201,36.876138659058746,6.402708208493331,6.642385112382267,133.29319664005578,149.73495666681075,150.06533098192526,119.0551356102568,14.71763380553038,16.140616897483085,62.201825152300785,64.36596120603593,0.0,0.0,0.0,0.0,37.96416146319383,36.99986025321989,,
2026-01-01,2026-1,37.18181076332019,34.85451644220118,0.0,0.0,94.81442696009844,91.09546388219555,0.0,0.0,176.44805354961312,181.43972886047186,0.0,0.0,0.0,0.0,0.0,0.0,60.06023314745482,52.847694531362386,0.0,0.0,10.764330431368293,10.49993806377661,49.85274188552943,48.28091681790915,47.27415519778189,44.7368460978065,24.389114659914522,24.17493029102778,119.74060735869982,112.9602974232857,85.4290795013302,84.20447643422625,6.229135941249214,6.527077945465006,72.39784478366538,71.57932892907185,0.0,0.0,0.0,0.0,24.102100151544732,22.443470411754006,,
