TIME_PERIOD,INDEX_TYPE,COICOP_1999,TYPE_OF_TRANSFORMATION,COUNTRY,FREQUENCY,IFS_FLAG,COMMON_REFERENCE_PERIOD,OVERLAP,SCALE,ACCESS_SHARING_LEVEL,SECURITY_CLASSIFICATION,value
2012-M01,CPI,_T,IX,IDN,M,true,2022A,OL,0,PUBLIC_OPEN,PUB,66.46202
2012-M02,CPI,_T,IX,IDN,M,true,2022A,OL,0,PUBLIC_OPEN,PUB,66.49249
2012-M03,CPI,_T,IX,IDN,M,true,2022A,OL,0,PUBLIC_OPEN,PUB,66.53819
2012-M04,CPI,_T,IX,IDN,M,true,2022A,OL,0,PUBLIC_OPEN,PUB,66.67527
2012-M05,CPI,_T,IX,IDN,M,true,2022A,OL,0,PUBLIC_OPEN,PUB,66.72097
2012-M06,CPI,_T,IX,IDN,M,true,2022A,OL,0,PUBLIC_OPEN,PUB,67.13731
2012-M07,CPI,_T,IX,IDN,M,true,2022A,OL,0,PUBLIC_OPEN,PUB,67.6095
2012-M08,CPI,_T,IX,IDN,M,true,2022A,OL,0,PUBLIC_OPEN,PUB,68.25432
2012-M09,CPI,_T,IX,IDN,M,true,2022A,OL,0,PUBLIC_OPEN,PUB,68.26447
2012-M10,CPI,_T,IX,IDN,M,true,2022A,OL,0,PUBLIC_OPEN,PUB,68.37617
2012-M11,CPI,_T,IX,IDN,M,true,2022A,OL,0,PUBLIC_OPEN,PUB,68.42187
2012-M12,CPI,_T,IX,IDN,M,true,2022A,OL,0,PUBLIC_OPEN,PUB,68.79251
2013-M01,CPI,_T,IX,IDN,M,true,2022A,OL,0,PUBLIC_OPEN,PUB,69.20621
2013-M02,CPI,_T,IX,IDN,M,true,2022A,OL,0,PUBLIC_OPEN,PUB,69.69206
2013-M03,CPI,_T,IX,IDN,M,true,2022A,OL,0,PUBLIC_OPEN,PUB,70.02271
2013-M04,CPI,_T,IX,IDN,M,true,2022A,OL,0,PUBLIC_OPEN,PUB,70.05644
2013-M05,CPI,_T,IX,IDN,M,true,2022A,OL,0,PUBLIC_OPEN,PUB,70.12392
2013-M06,CPI,_T,IX,IDN,M,true,2022A,OL,0,PUBLIC_OPEN,PUB,70.8392
2013-M07,CPI,_T,IX,IDN,M,true,2022A,OL,0,PUBLIC_OPEN,PUB,72.97827
2013-M08,CPI,_T,IX,IDN,M,true,2022A,OL,0,PUBLIC_OPEN,PUB,73.70029
2013-M09,CPI,_T,IX,IDN,M,true,2022A,OL,0,PUBLIC_OPEN,PUB,73.5181
2013-M10,CPI,_T,IX,IDN,M,true,2022A,OL,0,PUBLIC_OPEN,PUB,73.65306
2013-M11,CPI,_T,IX,IDN,M,true,2022A,OL,0,PUBLIC_OPEN,PUB,73.77452
2013-M12,CPI,_T,IX,IDN,M,true,2022A,OL,0,PUBLIC_OPEN,PUB,74.10517
2014-M01,CPI,_T,IX,IDN,M,true,2022A,OL,0,PUBLIC_OPEN,PUB,74.89467
2014-M02,CPI,_T,IX,IDN,M,true,2022A,OL,0,PUBLIC_OPEN,PUB,75.09036
2014-M03,CPI,_T,IX,IDN,M,true,2022A,OL,0,PUBLIC_OPEN,PUB,75.15109
2014-M04,CPI,_T,IX,IDN,M,true,2022A,OL,0,PUBLIC_OPEN,PUB,75.1376
2014-M05,CPI,_T,IX,IDN,M,true,2022A,OL,0,PUBLIC_OPEN,PUB,75.25906
2014-M06,CPI,_T,IX,IDN,M,true,2022A,OL,0,PUBLIC_OPEN,PUB,75.58295
2014-M07,CPI,_T,IX,IDN,M,true,2022A,OL,0,PUBLIC_OPEN,PUB,76.28474
2014-M08,CPI,_T,IX,IDN,M,true,2022A,OL,0,PUBLIC_OPEN,PUB,76.64237
2014-M09,CPI,_T,IX,IDN,M,true,2022A,OL,0,PUBLIC_OPEN,PUB,76.85155
2014-M10,CPI,_T,IX,IDN,M,true,2022A,OL,0,PUBLIC_OPEN,PUB,77.20919
2014-M11,CPI,_T,IX,IDN,M,true,2022A,OL,0,PUBLIC_OPEN,PUB,78.36983
2014-M12,CPI,_T,IX,IDN,M,true,2022A,OL,0,PUBLIC_OPEN,PUB,80.29972
2015-M01,CPI,_T,IX,IDN,M,true,2022A,OL,0,PUBLIC_OPEN,PUB,80.10403
2015-M02,CPI,_T,IX,IDN,M,true,2022A,OL,0,PUBLIC_OPEN,PUB,79.81387
2015-M03,CPI,_T,IX,IDN,M,true,2022A,OL,0,PUBLIC_OPEN,PUB,79.94883
2015-M04,CPI,_T,IX,IDN,M,true,2022A,OL,0,PUBLIC_OPEN,PUB,80.23899
2015-M05,CPI,_T,IX,IDN,M,true,2022A,OL,0,PUBLIC_OPEN,PUB,80.63712
2015-M06,CPI,_T,IX,IDN,M,true,2022A,OL,0,PUBLIC_OPEN,PUB,81.06898
2015-M07,CPI,_T,IX,IDN,M,true,2022A,OL,0,PUBLIC_OPEN,PUB,81.82474
2015-M08,CPI,_T,IX,IDN,M,true,2022A,OL,0,PUBLIC_OPEN,PUB,82.14189
2015-M09,CPI,_T,IX,IDN,M,true,2022A,OL,0,PUBLIC_OPEN,PUB,82.1014
2015-M10,CPI,_T,IX,IDN,M,true,2022A,OL,0,PUBLIC_OPEN,PUB,82.03392
2015-M11,CPI,_T,IX,IDN,M,true,2022A,OL,0,PUBLIC_OPEN,PUB,82.20262
2015-M12,CPI,_T,IX,IDN,M,true,2022A,OL,0,PUBLIC_OPEN,PUB,82.99212
2016-M01,CPI,_T,IX,IDN,M,true,2022A,OL,0,PUBLIC_OPEN,PUB,83.41724
2016-M02,CPI,_T,IX,IDN,M,true,2022A,OL,0,PUBLIC_OPEN,PUB,83.34301
2016-M03,CPI,_T,IX,IDN,M,true,2022A,OL,0,PUBLIC_OPEN,PUB,83.50496
2016-M04,CPI,_T,IX,IDN,M,true,2022A,OL,0,PUBLIC_OPEN,PUB,83.12708
2016-M05,CPI,_T,IX,IDN,M,true,2022A,OL,0,PUBLIC_OPEN,PUB,83.32277
2016-M06,CPI,_T,IX,IDN,M,true,2022A,OL,0,PUBLIC_OPEN,PUB,83.86935
2016-M07,CPI,_T,IX,IDN,M,true,2022A,OL,0,PUBLIC_OPEN,PUB,84.44966
2016-M08,CPI,_T,IX,IDN,M,true,2022A,OL,0,PUBLIC_OPEN,PUB,84.43616
2016-M09,CPI,_T,IX,IDN,M,true,2022A,OL,0,PUBLIC_OPEN,PUB,84.62511
2016-M10,CPI,_T,IX,IDN,M,true,2022A,OL,0,PUBLIC_OPEN,PUB,84.74657
2016-M11,CPI,_T,IX,IDN,M,true,2022A,OL,0,PUBLIC_OPEN,PUB,85.14469
2016-M12,CPI,_T,IX,IDN,M,true,2022A,OL,0,PUBLIC_OPEN,PUB,85.50233
2017-M01,CPI,_T,IX,IDN,M,true,2022A,OL,0,PUBLIC_OPEN,PUB,86.33232
2017-M02,CPI,_T,IX,IDN,M,true,2022A,OL,0,PUBLIC_OPEN,PUB,86.53476
2017-M03,CPI,_T,IX,IDN,M,true,2022A,OL,0,PUBLIC_OPEN,PUB,86.52126
2017-M04,CPI,_T,IX,IDN,M,true,2022A,OL,0,PUBLIC_OPEN,PUB,86.59549
2017-M05,CPI,_T,IX,IDN,M,true,2022A,OL,0,PUBLIC_OPEN,PUB,86.93288
2017-M06,CPI,_T,IX,IDN,M,true,2022A,OL,0,PUBLIC_OPEN,PUB,87.53344
2017-M07,CPI,_T,IX,IDN,M,true,2022A,OL,0,PUBLIC_OPEN,PUB,87.72238
2017-M08,CPI,_T,IX,IDN,M,true,2022A,OL,0,PUBLIC_OPEN,PUB,87.66165
2017-M09,CPI,_T,IX,IDN,M,true,2022A,OL,0,PUBLIC_OPEN,PUB,87.77637
2017-M10,CPI,_T,IX,IDN,M,true,2022A,OL,0,PUBLIC_OPEN,PUB,87.78311
2017-M11,CPI,_T,IX,IDN,M,true,2022A,OL,0,PUBLIC_OPEN,PUB,87.95856
2017-M12,CPI,_T,IX,IDN,M,true,2022A,OL,0,PUBLIC_OPEN,PUB,88.58611
2018-M01,CPI,_T,IX,IDN,M,true,2022A,OL,0,PUBLIC_OPEN,PUB,89.13943
2018-M02,CPI,_T,IX,IDN,M,true,2022A,OL,0,PUBLIC_OPEN,PUB,89.28789
2018-M03,CPI,_T,IX,IDN,M,true,2022A,OL,0,PUBLIC_OPEN,PUB,89.46333
2018-M04,CPI,_T,IX,IDN,M,true,2022A,OL,0,PUBLIC_OPEN,PUB,89.55106
2018-M05,CPI,_T,IX,IDN,M,true,2022A,OL,0,PUBLIC_OPEN,PUB,89.74
2018-M06,CPI,_T,IX,IDN,M,true,2022A,OL,0,PUBLIC_OPEN,PUB,90.26633
2018-M07,CPI,_T,IX,IDN,M,true,2022A,OL,0,PUBLIC_OPEN,PUB,90.51601
2018-M08,CPI,_T,IX,IDN,M,true,2022A,OL,0,PUBLIC_OPEN,PUB,90.46877
2018-M09,CPI,_T,IX,IDN,M,true,2022A,OL,0,PUBLIC_OPEN,PUB,90.30682
2018-M10,CPI,_T,IX,IDN,M,true,2022A,OL,0,PUBLIC_OPEN,PUB,90.55649
2018-M11,CPI,_T,IX,IDN,M,true,2022A,OL,0,PUBLIC_OPEN,PUB,90.79942
2018-M12,CPI,_T,IX,IDN,M,true,2022A,OL,0,PUBLIC_OPEN,PUB,91.35949
2019-M01,CPI,_T,IX,IDN,M,true,2022A,OL,0,PUBLIC_OPEN,PUB,91.65639
2019-M02,CPI,_T,IX,IDN,M,true,2022A,OL,0,PUBLIC_OPEN,PUB,91.58217
2019-M03,CPI,_T,IX,IDN,M,true,2022A,OL,0,PUBLIC_OPEN,PUB,91.68339
2019-M04,CPI,_T,IX,IDN,M,true,2022A,OL,0,PUBLIC_OPEN,PUB,92.08826
2019-M05,CPI,_T,IX,IDN,M,true,2022A,OL,0,PUBLIC_OPEN,PUB,92.71581
2019-M06,CPI,_T,IX,IDN,M,true,2022A,OL,0,PUBLIC_OPEN,PUB,93.22865
2019-M07,CPI,_T,IX,IDN,M,true,2022A,OL,0,PUBLIC_OPEN,PUB,93.51881
2019-M08,CPI,_T,IX,IDN,M,true,2022A,OL,0,PUBLIC_OPEN,PUB,93.62677
2019-M09,CPI,_T,IX,IDN,M,true,2022A,OL,0,PUBLIC_OPEN,PUB,93.37035
2019-M10,CPI,_T,IX,IDN,M,true,2022A,OL,0,PUBLIC_OPEN,PUB,93.39059
2019-M11,CPI,_T,IX,IDN,M,true,2022A,OL,0,PUBLIC_OPEN,PUB,93.52556
2019-M12,CPI,_T,IX,IDN,M,true,2022A,OL,0,PUBLIC_OPEN,PUB,93.8427
2020-M01,CPI,_T,IX,IDN,M,true,2022A,OL,0,PUBLIC_OPEN,PUB,94.11262
2020-M02,CPI,_T,IX,IDN,M,true,2022A,OL,0,PUBLIC_OPEN,PUB,94.37422
2020-M03,CPI,_T,IX,IDN,M,true,2022A,OL,0,PUBLIC_OPEN,PUB,94.46442
2020-M04,CPI,_T,IX,IDN,M,true,2022A,OL,0,PUBLIC_OPEN,PUB,94.53659
2020-M05,CPI,_T,IX,IDN,M,true,2022A,OL,0,PUBLIC_OPEN,PUB,94.59974
2020-M06,CPI,_T,IX,IDN,M,true,2022A,OL,0,PUBLIC_OPEN,PUB,94.77113
2020-M07,CPI,_T,IX,IDN,M,true,2022A,OL,0,PUBLIC_OPEN,PUB,94.67191
2020-M08,CPI,_T,IX,IDN,M,true,2022A,OL,0,PUBLIC_OPEN,PUB,94.6268
2020-M09,CPI,_T,IX,IDN,M,true,2022A,OL,0,PUBLIC_OPEN,PUB,94.5817
2020-M10,CPI,_T,IX,IDN,M,true,2022A,OL,0,PUBLIC_OPEN,PUB,94.64484
2020-M11,CPI,_T,IX,IDN,M,true,2022A,OL,0,PUBLIC_OPEN,PUB,94.90644
2020-M12,CPI,_T,IX,IDN,M,true,2022A,OL,0,PUBLIC_OPEN,PUB,95.33041
2021-M01,CPI,_T,IX,IDN,M,true,2022A,OL,0,PUBLIC_OPEN,PUB,95.57397
2021-M02,CPI,_T,IX,IDN,M,true,2022A,OL,0,PUBLIC_OPEN,PUB,95.67319
2021-M03,CPI,_T,IX,IDN,M,true,2022A,OL,0,PUBLIC_OPEN,PUB,95.75438
2021-M04,CPI,_T,IX,IDN,M,true,2022A,OL,0,PUBLIC_OPEN,PUB,95.88067
2021-M05,CPI,_T,IX,IDN,M,true,2022A,OL,0,PUBLIC_OPEN,PUB,96.18738
2021-M06,CPI,_T,IX,IDN,M,true,2022A,OL,0,PUBLIC_OPEN,PUB,96.03402
2021-M07,CPI,_T,IX,IDN,M,true,2022A,OL,0,PUBLIC_OPEN,PUB,96.10619
2021-M08,CPI,_T,IX,IDN,M,true,2022A,OL,0,PUBLIC_OPEN,PUB,96.13325
2021-M09,CPI,_T,IX,IDN,M,true,2022A,OL,0,PUBLIC_OPEN,PUB,96.09717
2021-M10,CPI,_T,IX,IDN,M,true,2022A,OL,0,PUBLIC_OPEN,PUB,96.21444
2021-M11,CPI,_T,IX,IDN,M,true,2022A,OL,0,PUBLIC_OPEN,PUB,96.56624
2021-M12,CPI,_T,IX,IDN,M,true,2022A,OL,0,PUBLIC_OPEN,PUB,97.1165
2022-M01,CPI,_T,IX,IDN,M,true,2022A,OL,0,PUBLIC_OPEN,PUB,97.65775
2022-M02,CPI,_T,IX,IDN,M,true,2022A,OL,0,PUBLIC_OPEN,PUB,97.6397
2022-M03,CPI,_T,IX,IDN,M,true,2022A,OL,0,PUBLIC_OPEN,PUB,98.28017
2022-M04,CPI,_T,IX,IDN,M,true,2022A,OL,0,PUBLIC_OPEN,PUB,99.2093
2022-M05,CPI,_T,IX,IDN,M,true,2022A,OL,0,PUBLIC_OPEN,PUB,99.60621
2022-M06,CPI,_T,IX,IDN,M,true,2022A,OL,0,PUBLIC_OPEN,PUB,100.2106
2022-M07,CPI,_T,IX,IDN,M,true,2022A,OL,0,PUBLIC_OPEN,PUB,100.8511
2022-M08,CPI,_T,IX,IDN,M,true,2022A,OL,0,PUBLIC_OPEN,PUB,100.6436
2022-M09,CPI,_T,IX,IDN,M,true,2022A,OL,0,PUBLIC_OPEN,PUB,101.8163
2022-M10,CPI,_T,IX,IDN,M,true,2022A,OL,0,PUBLIC_OPEN,PUB,101.708
2022-M11,CPI,_T,IX,IDN,M,true,2022A,OL,0,PUBLIC_OPEN,PUB,101.7982
2022-M12,CPI,_T,IX,IDN,M,true,2022A,OL,0,PUBLIC_OPEN,PUB,102.4658
2023-M01,CPI,_T,IX,IDN,M,true,2022A,OL,0,PUBLIC_OPEN,PUB,102.8176
2023-M02,CPI,_T,IX,IDN,M,true,2022A,OL,0,PUBLIC_OPEN,PUB,102.9799
2023-M03,CPI,_T,IX,IDN,M,true,2022A,OL,0,PUBLIC_OPEN,PUB,103.1603
2023-M04,CPI,_T,IX,IDN,M,true,2022A,OL,0,PUBLIC_OPEN,PUB,103.5031
2023-M05,CPI,_T,IX,IDN,M,true,2022A,OL,0,PUBLIC_OPEN,PUB,103.5933
2023-M06,CPI,_T,IX,IDN,M,true,2022A,OL,0,PUBLIC_OPEN,PUB,103.7377
2023-M07,CPI,_T,IX,IDN,M,true,2022A,OL,0,PUBLIC_OPEN,PUB,103.9542
2023-M08,CPI,_T,IX,IDN,M,true,2022A,OL,0,PUBLIC_OPEN,PUB,103.9361
2023-M09,CPI,_T,IX,IDN,M,true,2022A,OL,0,PUBLIC_OPEN,PUB,104.1346
2023-M10,CPI,_T,IX,IDN,M,true,2022A,OL,0,PUBLIC_OPEN,PUB,104.315
2023-M11,CPI,_T,IX,IDN,M,true,2022A,OL,0,PUBLIC_OPEN,PUB,104.7119
2023-M12,CPI,_T,IX,IDN,M,true,2022A,OL,0,PUBLIC_OPEN,PUB,105.1449
2024-M01,CPI,_T,IX,IDN,M,true,2022A,OL,0,PUBLIC_OPEN,PUB,105.19
2024-M02,CPI,_T,IX,IDN,M,true,2022A,OL,0,PUBLIC_OPEN,PUB,105.58
2024-M03,CPI,_T,IX,IDN,M,true,2022A,OL,0,PUBLIC_OPEN,PUB,106.13
2024-M04,CPI,_T,IX,IDN,M,true,2022A,OL,0,PUBLIC_OPEN,PUB,106.4
2024-M05,CPI,_T,IX,IDN,M,true,2022A,OL,0,PUBLIC_OPEN,PUB,106.37
2024-M06,CPI,_T,IX,IDN,M,true,2022A,OL,0,PUBLIC_OPEN,PUB,106.28
2024-M07,CPI,_T,IX,IDN,M,true,2022A,OL,0,PUBLIC_OPEN,PUB,106.09
2024-M08,CPI,_T,IX,IDN,M,true,2022A,OL,0,PUBLIC_OPEN,PUB,106.06
2024-M09,CPI,_T,IX,IDN,M,true,2022A,OL,0,PUBLIC_OPEN,PUB,105.93
2024-M10,CPI,_T,IX,IDN,M,true,2022A,OL,0,PUBLIC_OPEN,PUB,106.01
2024-M11,CPI,_T,IX,IDN,M,true,2022A,OL,0,PUBLIC_OPEN,PUB,106.33
2024-M12,CPI,_T,IX,IDN,M,true,2022A,OL,0,PUBLIC_OPEN,PUB,106.8
2025-M01,CPI,_T,IX,IDN,M,true,2022A,OL,0,PUBLIC_OPEN,PUB,105.99
2025-M02,CPI,_T,IX,IDN,M,true,2022A,OL,0,PUBLIC_OPEN,PUB,105.48
2025-M03,CPI,_T,IX,IDN,M,true,2022A,OL,0,PUBLIC_OPEN,PUB,107.22
2025-M04,CPI,_T,IX,IDN,M,true,2022A,OL,0,PUBLIC_OPEN,PUB,108.47
2025-M05,CPI,_T,IX,IDN,M,true,2022A,OL,0,PUBLIC_OPEN,PUB,108.07
2025-M06,CPI,_T,IX,IDN,M,true,2022A,OL,0,PUBLIC_OPEN,PUB,108.27
2025-M07,CPI,_T,IX,IDN,M,true,2022A,OL,0,PUBLIC_OPEN,PUB,108.6
2025-M08,CPI,_T,IX,IDN,M,true,2022A,OL,0,PUBLIC_OPEN,PUB,108.51
2025-M09,CPI,_T,IX,IDN,M,true,2022A,OL,0,PUBLIC_OPEN,PUB,108.74
2025-M10,CPI,_T,IX,IDN,M,true,2022A,OL,0,PUBLIC_OPEN,PUB,109.04
2025-M11,CPI,_T,IX,IDN,M,true,2022A,OL,0,PUBLIC_OPEN,PUB,109.22
