date,ym,news_total,EPU_index,E_breadth,E_intensity,P_breadth,P_intensity,U_breadth,U_intensity,EU_index,PU_index,EP_index,EPU_inflation_index,EPU_job_index
2015-01-01,2015-1,60.0,0.0,71.98762607845332,120.19928481010358,104.21495365759624,127.7020412880862,144.0676669403743,53.425262714711764,0.0,0.0,126.83460999732584,0.0,0.0
2015-02-01,2015-2,46.0,191.52251294590835,125.19587144078835,90.14946360757769,101.94941118677893,133.54461834048232,140.9357611373227,53.425262714711764,207.24276395648948,73.47849333539594,110.29096521506597,279.8962396362065,654.2768712510579
2015-03-01,2015-3,47.0,187.44756586195285,183.7981942428595,90.14946360757769,133.04036637139944,95.15054056759364,183.91617056217996,66.7815783933897,405.6666868935539,71.9151211367705,215.8886978677887,0.0,0.0
2015-04-01,2015-4,42.0,0.0,102.83946582636186,90.14946360757769,74.43925261256875,70.11092462875321,154.35821457897245,53.425262714711764,0.0,160.95289016324824,120.79486666411985,0.0,0.0
2015-05-01,2015-5,53.0,166.2270867077695,108.6605676655899,90.14946360757769,125.35289237116528,134.33017491895572,244.64320801195635,53.425262714711764,179.8710781509154,318.86893334228427,143.5863509403689,0.0,0.0
2015-06-01,2015-6,42.0,0.0,102.83946582636186,120.19928481010358,139.5735986485664,122.86104887324373,102.90547638598164,53.425262714711764,0.0,80.47644508162412,120.79486666411985,0.0,0.0
2015-07-01,2015-7,60.0,0.0,47.99175071896887,135.22419541136654,91.1880844503967,100.15846375536174,72.03383347018715,53.425262714711764,0.0,0.0,42.27820333244195,0.0,0.0
2015-08-01,2015-8,48.0,0.0,59.98968839871109,135.22419541136654,97.70151905399648,86.80400192131349,180.08458367546788,66.7815783933897,0.0,211.25066833926334,52.84775416555244,0.0,0.0
2015-09-01,2015-9,21.0,0.0,0.0,0.0,204.70794468456404,65.55826718532768,205.8109527719633,53.425262714711764,0.0,321.9057803264965,0.0,0.0,0.0
2015-10-01,2015-10,18.0,0.0,0.0,0.0,130.26869207199528,120.19015650643408,0.0,0.0,0.0,0.0,0.0,0.0,0.0
2015-11-01,2015-11,24.0,0.0,59.98968839871109,90.14946360757769,113.9851055629959,97.2967933623514,0.0,0.0,0.0,0.0,0.0,0.0,0.0
2015-12-01,2015-12,22.0,0.0,0.0,0.0,71.05565022108836,80.12677100428938,0.0,0.0,0.0,0.0,0.0,0.0,0.0
2016-01-01,2016-1,19.0,0.0,227.32934551090517,120.19928481010358,82.27496341389175,110.1743101308979,0.0,0.0,0.0,0.0,400.53034735997636,0.0,0.0
2016-02-01,2016-2,17.0,0.0,84.69132479818036,90.14946360757769,91.95437087434962,70.11092462875321,127.11852965327144,53.425262714711764,0.0,0.0,149.21718823214806,0.0,0.0
2016-03-01,2016-3,19.0,0.0,0.0,0.0,102.8437042673647,104.1648023055762,113.73763179503233,53.425262714711764,0.0,177.89529965411649,0.0,0.0,0.0
2016-04-01,2016-4,22.0,0.0,65.44329643495756,90.14946360757769,106.58347533163251,100.15846375536174,0.0,0.0,0.0,0.0,115.30419090665987,0.0,0.0
2016-05-01,2016-5,17.0,0.0,338.76529919272144,112.6868295094721,91.95437087434962,130.20600288197025,0.0,0.0,0.0,0.0,447.6515646964442,0.0,0.0
2016-06-01,2016-6,17.0,518.2373879712815,84.69132479818036,90.14946360757769,114.94296359293703,120.19015650643408,127.11852965327144,53.425262714711764,560.7745377646187,198.82415843695372,149.21718823214806,757.3662954862058,1770.3962398558037
2016-07-01,2016-7,20.0,0.0,143.97525215690663,90.14946360757769,58.62091143239788,120.19015650643408,108.05075020528074,53.425262714711764,0.0,169.00053467141066,0.0,0.0,0.0
2016-08-01,2016-8,21.0,0.0,0.0,0.0,55.82943945942655,133.54461834048232,102.90547638598164,53.425262714711764,0.0,160.95289016324824,0.0,0.0,0.0
2016-09-01,2016-9,21.0,0.0,68.55964388424125,90.14946360757769,111.6588789188531,100.15846375536174,0.0,0.0,0.0,0.0,120.79486666411985,0.0,0.0
2016-10-01,2016-10,24.0,0.0,59.98968839871109,90.14946360757769,32.56717301799882,100.15846375536174,90.04229183773394,53.425262714711764,397.21529758327154,0.0,0.0,0.0,0.0
2016-11-01,2016-11,30.0,0.0,191.9670028758755,157.76156131326093,26.05373841439906,80.12677100428938,72.03383347018715,53.425262714711764,317.7722380666172,0.0,0.0,0.0,0.0
2016-12-01,2016-12,14.0,0.0,102.83946582636186,180.29892721515537,111.6588789188531,100.15846375536174,308.7164291579449,53.425262714711764,0.0,0.0,181.1922999961798,0.0,0.0
2017-01-01,2017-1,27.0,326.29761464858456,106.64833493104194,90.14946360757769,43.42289735733176,120.19015650643408,80.03759274465239,53.425262714711764,353.0802645184636,125.18558123808197,93.9515629609821,476.86026012094436,0.0
2017-02-01,2017-2,20.0,0.0,215.9628782353599,90.14946360757769,58.62091143239788,53.41784733619292,108.05075020528074,53.425262714711764,0.0,0.0,253.66921999465168,0.0,0.0
2017-03-01,2017-3,18.0,0.0,0.0,0.0,86.84579471466353,80.12677100428938,0.0,0.0,0.0,0.0,0.0,0.0,0.0
2017-04-01,2017-4,18.0,0.0,79.98625119828145,90.14946360757769,108.55724339332941,72.11409390386045,0.0,0.0,0.0,0.0,0.0,0.0,0.0
2017-05-01,2017-5,25.0,352.4014238204714,115.18020172552531,90.14946360757769,78.16121524319718,104.1648023055762,86.44060016422458,53.425262714711764,381.3266856799407,135.20042773712854,101.4676879978607,515.0090809306199,0.0
2017-06-01,2017-6,21.0,0.0,137.1192877684825,90.14946360757769,74.43925261256875,40.06338550214469,0.0,0.0,0.0,0.0,0.0,0.0,0.0
2017-07-01,2017-7,15.0,0.0,0.0,0.0,104.21495365759624,70.11092462875321,144.0676669403743,53.425262714711764,0.0,225.33404622854755,0.0,0.0,0.0
2017-08-01,2017-8,25.0,352.4014238204714,57.590100862762654,90.14946360757769,31.264486097278873,140.22184925750642,86.44060016422458,53.425262714711764,381.3266856799407,135.20042773712854,101.4676879978607,515.0090809306199,0.0
2017-09-01,2017-9,20.0,0.0,143.97525215690663,90.14946360757769,117.24182286479576,86.80400192131349,0.0,0.0,0.0,0.0,253.66921999465168,0.0,0.0
2017-10-01,2017-10,19.0,463.68608397430444,75.77644850363507,631.0462452530437,102.8437042673647,48.07606260257363,227.47526359006466,80.13789407206765,501.7456390525535,177.89529965411649,133.5101157866588,0.0,0.0
2017-11-01,2017-11,17.0,0.0,84.69132479818036,180.29892721515537,68.96577815576222,93.48123283833763,127.11852965327144,53.425262714711764,0.0,0.0,149.21718823214806,0.0,0.0
2017-12-01,2017-12,20.0,0.0,71.98762607845332,270.4483908227331,58.62091143239788,120.19015650643408,0.0,0.0,0.0,0.0,126.83460999732584,0.0,0.0
2018-01-01,2018-1,27.0,0.0,53.32416746552097,90.14946360757769,101.32009383377412,85.85011179031005,80.03759274465239,53.425262714711764,0.0,0.0,93.9515629609821,0.0,0.0
2018-02-01,2018-2,7.0,0.0,0.0,0.0,55.82943945942655,80.12677100428938,0.0,0.0,0.0,0.0,0.0,0.0,0.0
2018-03-01,2018-3,13.0,0.0,110.75019396685126,90.14946360757769,60.1240117255363,40.06338550214469,166.2319233927396,53.425262714711764,0.0,260.00082257140105,0.0,0.0,0.0
2018-04-01,2018-4,5.0,0.0,0.0,0.0,156.32243048639435,40.06338550214469,0.0,0.0,0.0,0.0,0.0,0.0,0.0
2018-05-01,2018-5,22.0,0.0,65.44329643495756,90.14946360757769,35.52782511054418,100.15846375536174,0.0,0.0,0.0,0.0,0.0,0.0,0.0
2018-06-01,2018-6,12.0,0.0,239.95875359484435,135.22419541136654,0.0,0.0,180.08458367546788,53.425262714711764,0.0,0.0,0.0,0.0,0.0
2018-07-01,2018-7,19.0,0.0,151.55289700727013,180.29892721515537,164.5499268277835,65.10300144098512,0.0,0.0,0.0,0.0,133.5101157866588,0.0,0.0
2018-08-01,2018-8,20.0,0.0,143.97525215690663,135.22419541136654,78.16121524319718,100.15846375536174,0.0,0.0,0.0,0.0,253.66921999465168,0.0,0.0
2018-09-01,2018-9,19.0,0.0,0.0,0.0,82.27496341389175,110.1743101308979,0.0,0.0,0.0,0.0,0.0,0.0,0.0
2018-10-01,2018-10,17.0,0.0,84.69132479818036,90.14946360757769,114.94296359293703,104.1648023055762,0.0,0.0,0.0,0.0,0.0,0.0,0.0
2018-11-01,2018-11,19.0,0.0,151.55289700727013,90.14946360757769,41.13748170694588,120.19015650643408,0.0,0.0,0.0,0.0,267.0202315733176,0.0,0.0
2018-12-01,2018-12,20.0,0.0,143.97525215690663,135.22419541136654,117.24182286479576,93.48123283833763,0.0,0.0,0.0,0.0,126.83460999732584,0.0,0.0
2019-01-01,2019-1,26.0,0.0,55.37509698342563,270.4483908227331,60.1240117255363,90.14261737982555,83.1159616963698,53.425262714711764,0.0,130.00041128570052,0.0,0.0,0.0
2019-02-01,2019-2,13.0,0.0,0.0,0.0,150.31002931384074,104.1648023055762,166.2319233927396,53.425262714711764,0.0,260.00082257140105,0.0,0.0,0.0
2019-03-01,2019-3,16.0,0.0,0.0,0.0,146.5522785809947,146.89908017453052,135.0634377566009,53.425262714711764,0.0,211.25066833926334,0.0,0.0,0.0
2019-04-01,2019-4,18.0,0.0,159.9725023965629,135.22419541136654,108.55724339332941,40.06338550214469,0.0,0.0,0.0,0.0,140.92734444147317,0.0,0.0
2019-05-01,2019-5,16.0,0.0,0.0,0.0,97.70151905399648,40.06338550214469,135.0634377566009,53.425262714711764,0.0,0.0,0.0,0.0,0.0
2019-06-01,2019-6,4.0,0.0,0.0,0.0,0.0,0.0,0.0,0.0,0.0,0.0,0.0,0.0,0.0
2019-07-01,2019-7,11.0,0.0,0.0,0.0,35.52782511054418,40.06338550214469,0.0,0.0,0.0,0.0,0.0,0.0,0.0
2019-08-01,2019-8,18.0,0.0,0.0,0.0,65.13434603599764,53.41784733619292,0.0,0.0,0.0,0.0,0.0,0.0,0.0
2019-09-01,2019-9,13.0,0.0,110.75019396685126,90.14946360757769,90.18601758830445,40.06338550214469,0.0,0.0,0.0,0.0,195.13016922665517,0.0,0.0
2019-10-01,2019-10,17.0,0.0,0.0,0.0,91.95437087434962,210.33277388625962,127.11852965327144,53.425262714711764,0.0,198.82415843695372,0.0,0.0,0.0
2019-11-01,2019-11,15.0,0.0,95.98350143793775,90.14946360757769,130.26869207199528,120.19015650643408,0.0,0.0,0.0,0.0,169.1128133297678,0.0,0.0
2019-12-01,2019-12,11.0,0.0,130.88659286991512,180.29892721515537,142.1113004421767,60.09507825321704,0.0,0.0,0.0,0.0,230.60838181331974,0.0,0.0
2020-01-01,2020-1,18.0,0.0,79.98625119828145,90.14946360757769,21.71144867866588,320.5070840171575,0.0,0.0,0.0,0.0,0.0,0.0,0.0
2020-02-01,2020-2,18.0,489.44642197287686,159.9725023965629,405.6725862340995,130.26869207199528,46.740616419168816,240.11277823395716,53.425262714711764,529.6203967776954,375.5567437142459,140.92734444147317,715.2903901814166,0.0
2020-03-01,2020-3,16.0,0.0,179.96906519613327,90.14946360757769,97.70151905399648,70.11092462875321,405.19031326980274,53.425262714711764,0.0,422.5013366785267,158.54326249665732,0.0,0.0
2020-04-01,2020-4,9.0,978.892843945754,668.387486674742,172.86800270395344,217.1144867866588,78.34617609308296,720.3383347018715,47.489122413077126,1059.2407935553908,1126.6702311427377,563.7093777658927,0.0,0.0
2020-05-01,2020-5,10.0,0.0,287.95050431381327,135.22419541136654,117.24182286479576,133.54461834048232,432.20300082112294,53.425262714711764,0.0,338.0010693428213,253.66921999465168,0.0,0.0
2020-06-01,2020-6,11.0,0.0,0.0,0.0,35.52782511054418,40.06338550214469,0.0,0.0,0.0,0.0,0.0,0.0,0.0
2020-07-01,2020-7,13.0,1355.3900916171976,443.000775867405,202.83629311704976,60.1240117255363,100.15846375536174,332.4638467854792,133.5631567867794,1466.6410987690026,520.0016451428021,390.26033845331034,1980.8041574254614,2315.1335444268207
2020-08-01,2020-8,18.0,0.0,79.98625119828145,90.14946360757769,238.82593546532473,40.06338550214469,120.05638911697858,106.85052542942353,0.0,0.0,0.0,0.0,0.0
2020-09-01,2020-9,44.0,0.0,65.44329643495756,90.14946360757769,266.45868832908127,42.73427786895434,98.22795473207339,53.425262714711764,0.0,76.81842485064121,0.0,0.0,0.0
2020-10-01,2020-10,40.0,0.0,107.98143911767995,90.14946360757769,302.87470906738906,40.06338550214469,54.02537510264037,53.425262714711764,0.0,0.0,0.0,0.0,0.0
2020-11-01,2020-11,221.0,1675.7174480578126,62.22019286785963,137.36528174567312,137.46061081458197,408.393119966998,214.80013856713032,2427.585486382879,428.0313917363253,313.58030317960777,206.38001074875376,1959.7644952885255,2460.1933444663196
2020-12-01,2020-12,254.0,142.33209465561606,46.44864375840583,106.01957908015275,141.2111309368888,462.1078960292565,171.524135445299,2454.351725828793,30.444441815221676,222.45636549808248,164.73474307851,0.0,0.0
2021-01-01,2021-1,237.0,610.1662791987591,69.50549204366293,112.8737460340387,139.78646398126807,440.47432361793636,200.29886338960256,2423.7200172973803,195.76932205231157,265.919974771555,218.41058879074748,0.0,2294.104342308256
2021-02-01,2021-2,230.0,1100.2889752073277,74.7885959387196,109.63201361452039,146.56269668834855,394.05984530410586,213.9718079976524,2153.420003980969,276.79732473679417,286.61407090984835,204.31030641133944,1255.385372344244,4727.849818496145
2021-03-01,2021-3,262.0,827.916458989156,49.16839504274165,144.32908411852657,139.71135912337277,436.10998082011787,176.1315847144769,2881.9985686003,177.08904323052613,215.6638047195151,164.97714824837797,826.5418959136722,3112.801884315211
2021-04-01,2021-4,247.0,878.1947864581331,43.61152364149564,82.44758844336653,146.7952766566224,395.88473068960525,181.46607193137683,2721.6523869388866,281.7651578526184,230.71143822483643,159.4384367399535,292.245582630745,0.0
2021-05-01,2021-5,274.0,527.7715626646201,44.781217782467365,141.49257566139673,143.53159468871118,391.50390864801375,192.33170172156395,2426.7528633554793,169.33331870948115,275.8374451990077,85.6131553683113,526.8953205094455,2976.474794491187
2021-06-01,2021-6,272.0,995.1710863555475,67.01208176871754,129.27062986670978,143.26014613434893,428.5267135249841,275.2430081953805,3625.768531908849,297.5347060754687,405.7004984820961,186.33590726238094,578.1049442751969,999.4535461894422
2021-07-01,2021-7,268.0,809.3810158774585,33.49516896594969,78.45881278925143,129.3481348853349,416.02541762033655,217.7062377166515,2577.722246004577,201.9784236845677,246.8736586260296,105.61680959884278,538.691484401448,2028.7415265934947
2021-08-01,2021-8,278.0,390.13329542294764,27.677405805368508,95.15245041972722,127.45308583336586,414.5009943910904,206.86551126654624,2743.919413069303,83.44843404028389,293.5854991505469,75.25651932003875,519.314092876216,1955.7652126872542
2021-09-01,2021-9,206.0,175.49685457537123,48.075258334226966,126.74316333270643,148.0980554779717,397.8963754443644,171.22346655566085,2326.4033284703314,75.07658467054667,260.22191528206986,155.3267052099486,0.0,0.0
2021-10-01,2021-10,240.0,903.8088010631619,63.29339643902519,117.89131306141581,130.1980875904725,343.77897693642115,167.00733321190617,3233.4550176208627,193.32220552665768,235.43298681880395,184.5998150379774,1203.0776484965672,1132.7140190147015
2021-11-01,2021-11,221.0,490.75591007954495,55.969072007264614,128.28791452712585,131.62594571069596,471.29580089553144,199.0292316338793,3022.320804058484,139.96177775685624,270.96799787303695,144.78416865723716,653.254831762842,2460.19334446632
2021-12-01,2021-12,274.0,527.7715626646201,40.82441491179865,96.30759428709494,136.6635255578822,499.5749186132672,179.61137167686144,2832.837964397862,169.33331870948115,241.46766610137203,134.74439053866962,526.8953205094455,1984.3165296607908
2022-01-01,2022-1,255.0,1134.1914366282815,69.46796726862094,110.68741579689365,135.94235352654803,433.813841628611,302.3391344997955,2864.6415811670763,340.6354876574964,443.16797518833687,145.37523793389198,566.1541875277964,1066.0837826020718
2022-02-01,2022-2,228.0,475.68884266482206,37.121713575796875,102.0288906986661,139.27802568965015,401.2113087191823,192.91868504862867,2825.4273007932347,101.74852922455668,247.8241966513726,140.33904067214658,0.0,1192.3305463312647
2022-03-01,2022-3,268.0,539.5873439183057,62.422682493076614,103.34185041942708,141.72004088634807,396.49937374782485,144.61718112953213,2708.4285940805976,173.12436315820088,211.73440686202903,193.4278764036591,538.691484401448,1014.3707632967476
2022-04-01,2022-4,316.0,343.218532049302,40.2682071158586,86.3302139384011,103.60311989665998,318.34124263472563,115.81135929939558,2251.4720553152238,146.82699153923366,158.94210080594362,109.0463042418432,685.2973947132344,860.2891283655961
2022-05-01,2022-5,1726.0,146.62019947722212,6.092450200262461,17.27053924574685,19.72363923251992,56.02759809813292,33.561380023222036,487.8055665456752,35.84189210227721,49.244947541877316,23.529524512372554,125.46580343533147,315.0073749287698
2022-06-01,2022-6,1505.0,216.1934673639457,10.302423422285733,16.333247646438092,21.763149719183104,63.73161929927888,32.42205053254396,314.2227016407092,46.24318537514735,45.88727096357641,27.084838520865116,239.8161425574553,361.26427184522043
2022-07-01,2022-7,1323.0,136.63020424235253,14.314787083222107,23.073060510009377,28.173946338049443,73.39618805597972,38.51564705637512,508.50271606027485,29.22482320886737,52.19980559348638,47.497580079883456,218.24537841207572,0.0
2022-08-01,2022-8,1293.0,55.92011143468905,7.857680209317222,23.19500068677008,26.821542605797195,78.28661385920874,31.322575219519607,536.6771667650027,19.334063096775814,43.69985834223739,25.698350121296155,0.0,0.0
2022-09-01,2022-9,1334.0,81.30214102517198,11.07689040403496,19.912874784252566,22.935032464558457,81.99338481551705,24.14167426251802,560.0125495384327,30.33337333303129,23.53153291542268,34.13389883260951,54.11143846311397,203.78663010759246
2022-10-01,2022-10,1350.0,107.11808012600439,13.95507560732846,18.64157364880438,15.072030701367806,80.52560051930962,23.545676798679747,408.5992317291197,28.640326744690025,32.55369694284697,40.22222351359531,160.41035313287566,201.37138115816916
2022-11-01,2022-11,1317.0,164.70319837141903,12.043079563816148,15.648558447902875,13.283641726669543,81.9261746342364,25.458882987351483,311.9107772280612,35.22955909369616,30.985865134340184,32.82005530833336,219.23966259618538,206.4171333056404
2022-12-01,2022-12,1452.0,99.59325631549993,7.703780775366962,17.01040515163787,13.305221829658514,65.90252764774702,25.20412502659022,316.9065062352876,26.628402965104357,25.94302885055691,19.54591343337696,99.42790483442704,374.45091537676075
2023-01-01,2023-1,1437.0,50.316425946453,6.89179068674374,12.606184371161126,11.580211943186516,69.52245716346013,13.631083622371603,356.3100969735596,10.76254449696076,15.291402530564861,17.984672307109836,50.23288720236189,0.0
2023-02-01,2023-2,1370.0,52.777156266462015,8.050017250544407,10.176227610694209,11.966655010663224,67.14979309841661,23.20194429066982,478.57999571235985,11.288887913965413,34.36977909763562,26.948878107733925,0.0,0.0
2023-03-01,2023-3,1522.0,190.02550350868052,8.594180015517185,11.90589190231014,14.891433498677877,76.51280871871323,27.479924564376947,468.1464387269812,45.726671478053056,39.18726894049299,32.343375389921576,189.71001027541135,535.8436883643791
2023-04-01,2023-4,1393.0,103.81149186655126,10.05537682526446,12.422462027457824,15.251899754909807,66.2976620154465,18.765454588559635,399.88039724020126,27.756239128019768,29.29532260009047,34.50919830771544,155.45870547694338,195.15532273045827
2023-05-01,2023-5,1488.0,121.47967756225295,8.65733837446123,13.086190882253508,12.93481361386517,59.62510397234806,26.046642837845845,402.4195260068196,25.984167409496997,37.97306239012967,24.862449153473765,97.02239100778768,365.3916190370004
2023-06-01,2023-6,1497.0,96.59947105551497,4.625842974284035,12.230138683169727,13.611990866331718,56.68514553469228,27.93884114026835,319.4119357470743,30.99353996419362,35.64783590220145,18.08593155571366,96.43909005984506,181.5974379181886
2023-07-01,2023-7,1523.0,47.47518324691593,8.45838443939482,13.303052284426151,11.439511959810243,60.50425379423462,18.582595696631113,374.2584999791045,16.41427681164224,22.6724697308544,22.67497929953771,47.39636172671965,0.0
2023-08-01,2023-8,1536.0,70.61006258305953,8.65622581222768,13.669488642143461,10.418952661713954,55.57413318531683,18.152971001294148,369.08671589920516,20.137729742360175,20.436891216910062,21.632790824762974,140.9856619331915,176.98656547104713
2023-09-01,2023-9,1486.0,72.98590587320285,6.146750562221745,9.65148082376406,10.008993014081714,53.18208900566882,12.900092447756808,309.73125357672194,15.611483622610312,16.89963117586749,22.411391682105933,97.15297296069184,0.0
2023-10-01,2023-10,1505.0,48.04299274754349,8.114152067121918,13.386281527379893,10.73941834344467,49.33533548114391,17.368955642434265,310.5259639743478,15.414395125049115,16.68628035039142,27.80240846640634,47.96322851149105,0.0
2023-11-01,2023-11,1434.0,75.63253565382108,7.91022018020908,18.74767331927848,10.765995434908666,50.22617637859656,22.458154439469347,393.0465127216729,33.61060547233616,28.625724256929463,22.313320274232506,151.01393077362766,189.57556803593332
2023-12-01,2023-12,1478.0,97.84127751698641,8.128265479431423,11.234844000539976,11.562108009324616,49.5588031285452,16.7902048807312,320.0214572535473,27.3780243750093,21.23888018212034,22.532698267665367,195.3576695799568,183.9319110713994
2024-01-01,2024-1,1557.0,69.65771106459823,6.9558774250655055,14.160458264347822,12.975518669480389,59.66196260453168,31.339233173717833,364.20341365316557,24.832653246841062,38.30637336379598,14.324149306425342,92.72274747565066,349.1989268638771
2024-02-01,2024-2,1429.0,50.59811342550942,8.545695494064722,14.762791372906227,8.969380628803826,47.62881136732334,22.24399137733916,303.5734610521658,28.316808975691913,24.163870818818232,16.362941384285378,101.02821400950879,190.23888352941103
2024-03-01,2024-3,1479.0,146.6626857708985,7.042905885357394,16.21586723628441,11.359079026944304,65.81086984051,23.565723003708428,366.255153433694,36.59920050538482,33.95923181519823,21.634416006253833,195.22558190613665,551.4226461734854
2024-04-01,2024-4,1416.0,280.8445427032424,11.271078408725486,17.76890692070829,14.830119463869318,76.7302620626086,29.537037561427763,451.0316490476162,76.45510953031658,39.90389607098372,35.7401168379902,458.80079815547055,575.9562808549329
2024-05-01,2024-5,1518.0,119.07889342070646,9.16207422686691,16.161274034016387,13.651576471038544,62.58067965274751,25.53188705053664,404.90284045819715,35.65890484022671,29.1096146741464,28.474316759601468,142.6574286754823,537.2556611927439
2024-06-01,2024-6,1366.0,79.3975520699703,8.564307667222298,15.115361500857597,11.185303173621836,54.36702959621164,17.1973406922239,399.96807244130343,16.982917030160262,13.964526462675801,28.88481347550659,52.843820578180114,597.0381359374707
2024-07-01,2024-7,1373.0,210.64735348886515,9.15323189805122,16.937650362603893,14.777870682913163,64.46941632183204,29.192833190719213,328.2715052024217,50.68899780742663,32.00836917177234,34.95699337936935,315.4464336917438,791.9923221078758
2024-08-01,2024-8,1430.0,202.25092051763065,7.1048814759770424,17.378341277240022,11.525490380326872,55.42733666083616,45.67553326752417,483.1470372642813,64.8913696872697,48.462410491393925,19.793919561181724,353.3514771808099,380.2116986902494
2024-09-01,2024-9,1226.0,206.4163656587972,8.833850857118264,11.999790645611458,13.11230891323444,48.68304795017382,45.486074156586966,322.3528313102357,50.45930323697427,69.13203528121487,25.095135268893067,117.75637668808162,665.2154108406078
2024-10-01,2024-10,1276.0,113.33025718660336,7.638038529987275,15.30869505638293,12.90477805943684,60.1449254250778,24.583333769777653,382.90311495340734,24.24102890616397,31.981492462324468,30.86308297395651,226.28419720938567,426.09931749769333
2024-11-01,2024-11,1293.0,55.92011143468906,4.958957730015754,11.955952439685916,10.954316245727952,65.00627375872656,22.912334628083563,328.5815761663457,11.961157341169848,26.70546898692285,18.08402415943063,111.65453814353292,0.0
2024-12-01,2024-12,1267.0,57.06764331890526,11.055359050981366,22.284247274635373,16.664482367207963,70.6385840011227,27.839016661772803,393.38560706911716,18.309916861246187,29.73107962984107,37.94105228306836,113.94579149138758,0.0
2025-01-01,2025-1,1276.0,120.23467379750602,10.497706966137256,18.160742522522252,12.5184971852199,62.21206520439797,23.545437666217413,508.74769594566527,37.77242025652825,24.789944444893955,30.016732842264084,113.14209860469283,213.04965874884664
2025-02-01,2025-2,1039.0,243.56733811134296,10.614555951150951,17.934661868228794,16.461742134559962,79.13529607917945,44.41431683849177,426.39868495853005,52.09838070015798,57.404257293003205,29.611776554054764,416.85077330006186,784.9413798754429
2025-03-01,2025-3,1202.0,180.46099189281105,10.717237521795601,24.18161390714846,15.037091870868062,79.69320372328406,48.192131381099195,420.61547492695837,45.033458858123254,52.23138919995651,30.715443433939672,240.21517108084538,452.33172140354134
2025-04-01,2025-4,1237.0,94.79958910516672,11.036015669027936,24.40235208168331,13.299549202761026,65.70588882655314,27.443555927504672,383.1728929788468,51.46595366973538,28.10919612174784,33.947734363369854,116.7092302502733,439.53332993294805
2025-05-01,2025-5,1223.0,147.8019298549733,9.437022257431453,17.752860131378696,14.89692829701471,69.41491697678036,32.37454138894306,392.92475193094435,37.93730934292546,41.461579934341636,33.20683508450942,236.09046250137047,444.56478260593343
2025-06-01,2025-6,1219.0,118.62953910591135,9.46798869634017,17.742576744096418,13.88800846537341,52.26586622229937,34.653630004071445,397.2083586585908,25.374530667978036,31.09941106933508,36.344508292956995,177.6488734449402,446.0235677826552
2025-07-01,2025-7,1262.0,429.7030749904098,11.50562163643916,17.794569773168107,14.00065286255262,73.1145854358843,48.662688076330994,545.956756718064,98.03978727183906,64.672558449962,39.00682832286897,571.9862037226151,646.2393769339025
2025-08-01,2025-8,1250.0,202.4531714381483,9.769439088814789,19.31733024239843,12.617614824534598,72.72740486712888,33.459556149585374,419.5059397418166,49.49048461482436,45.203133469210364,31.505035099814812,346.48636276701137,1304.886549904936
2025-09-01,2025-9,1504.0,432.6744260408754,22.7192386212106,32.23694069529759,27.886750879302618,118.77139433524407,95.01342268762468,959.3165243362837,123.39715246382404,114.79445279285655,67.1475577705238,719.9267843397012,2169.0268449217683
2025-10-01,2025-10,1744.0,507.61268360760266,30.19122615893826,44.960134985485254,34.09606972227618,171.39867125295007,78.66080058579972,988.6510721602535,130.65041069540555,108.41118237533009,105.35891987858847,1000.7494500334417,969.7830616607038
2025-11-01,2025-11,1511.0,119.63054944581891,21.25606653602212,28.175739541638087,27.057382589170565,125.85711990634314,54.20662154721324,851.5027040416487,102.35457605646998,60.2475765960319,63.62847550317353,238.8638613825084,359.82973469692706
2025-12-01,2025-12,2363.0,137.69410426692272,10.636806936965153,15.580552020354169,17.192084729309183,77.89600794407703,41.29935340793793,475.17293952524483,29.45238848480608,61.108293940837825,40.622896241958635,152.73943908124002,345.13503753304497
2026-01-01,2026-1,2618.0,248.56468172860068,9.306853670992899,14.102222256301497,12.535730943189183,50.50795335699975,27.291861673450633,276.0784108546851,62.0285151422431,33.573331453661886,33.37557134631117,165.43466518669376,726.8753063195945
