date,ym,EPU_economic_growth_index,EPU_public_debt_index,EPU_fiscal_policy_index,EPU_monetary_policy_index,EPU_exchange_rate_index,EPU_financial_stability_index,EPU_trade_index,EPU_capital_flows_index,EPU_labor_market_index,EPU_inflation_prices_index,EPU_energy_index,EPU_food_security_index,EPU_housing_real_estate_index,EPU_inequality_index,EPU_poverty_index,EPU_health_index,EPU_education_index,EPU_climate_environment_index,EPU_infrastructure_index,EPU_political_stability_index,EPU_corruption_governance_index,EPU_external_shocks_index,EPU_gender_equality_index,EPU_covid_pandemic_index,EPU_us_china_trade_war_index
2015-01-01,2015-1,0.0,0.0,0.0,0.0,0.0,0.0,55.03675614804826,0.0,0.0,0.0,0.0,0.0,0.0,,0.0,0.0,33.46691860720699,0.0,0.0,0.0,0.0,0.0,0.0,0.0,0.0
2015-02-01,2015-2,0.0,0.0,0.0,0.0,0.0,0.0,0.0,0.0,1493.1213314541487,0.0,67.08995981740988,0.0,0.0,,0.0,45.78167955310728,1083.364168982111,0.0,0.0,0.0,0.0,0.0,0.0,0.0,0.0
2015-03-01,2015-3,0.0,0.0,0.0,0.0,0.0,0.0,78.73313726734682,0.0,0.0,0.0,727.7525066448126,0.0,144.4848574787376,,0.0,52.776102818165334,95.75257268173112,195.7835075590917,84.1956758180178,0.0,0.0,0.0,0.0,0.0,0.0
2015-04-01,2015-4,127.11903821545292,0.0,150.2100616991806,0.0,0.0,0.0,70.85982354061214,0.0,167.16044158017462,0.0,208.8174999316882,0.0,130.03637173086386,,0.0,0.0,0.0,0.0,75.77610823621603,0.0,0.0,0.0,0.0,0.0,0.0
2015-05-01,2015-5,0.0,0.0,0.0,0.0,0.0,0.0,0.0,0.0,0.0,0.0,468.8778085083689,0.0,0.0,,0.0,0.0,0.0,0.0,68.88737112383274,0.0,0.0,0.0,0.0,0.0,0.0
2015-06-01,2015-6,0.0,0.0,0.0,0.0,0.0,0.0,0.0,0.0,0.0,0.0,0.0,0.0,0.0,,0.0,0.0,0.0,0.0,0.0,0.0,0.0,0.0,0.0,0.0,0.0
2015-07-01,2015-7,0.0,0.0,0.0,0.0,0.0,0.0,0.0,0.0,0.0,0.0,53.542948700432866,0.0,0.0,,0.0,36.537301951037534,0.0,0.0,58.28931402785848,0.0,475.8709809920823,0.0,0.0,0.0,0.0
2015-08-01,2015-8,53.52380556440123,0.0,0.0,0.0,138.871336684409,0.0,119.34286069997836,0.0,140.76668764646283,0.0,58.615438577315985,0.0,0.0,,0.0,39.99873055692531,0.0,148.38328993952211,0.0,0.0,0.0,0.0,0.0,0.0,0.0
2015-09-01,2015-9,0.0,0.0,0.0,0.0,0.0,0.0,0.0,0.0,0.0,0.0,75.24954952493268,0.0,140.5798613306636,,0.0,51.349721660917616,0.0,0.0,0.0,0.0,0.0,0.0,0.0,0.0,0.0
2015-10-01,2015-10,0.0,0.0,0.0,0.0,0.0,0.0,0.0,0.0,0.0,0.0,0.0,0.0,0.0,,0.0,0.0,0.0,0.0,0.0,0.0,0.0,0.0,0.0,0.0,0.0
2015-11-01,2015-11,0.0,0.0,0.0,0.0,0.0,0.0,0.0,0.0,0.0,0.0,0.0,0.0,0.0,,0.0,0.0,0.0,0.0,0.0,0.0,0.0,0.0,0.0,0.0,0.0
2015-12-01,2015-12,0.0,0.0,0.0,0.0,0.0,0.0,0.0,0.0,0.0,0.0,0.0,0.0,0.0,,0.0,0.0,0.0,0.0,0.0,0.0,0.0,0.0,0.0,0.0,0.0
2016-01-01,2016-1,0.0,0.0,0.0,0.0,0.0,0.0,0.0,0.0,0.0,0.0,0.0,0.0,0.0,,0.0,0.0,0.0,0.0,0.0,0.0,0.0,0.0,0.0,0.0,0.0
2016-02-01,2016-2,89.20634260733542,7200.000000000001,210.82113922692017,376.5751406209528,231.45222780734832,458.0291163388255,198.90476783329729,0.0,0.0,0.0,195.38479525771996,134.42655844013134,182.5071883941949,,511.9059739805033,66.66455092820885,60.47530906214598,123.65274161626844,106.35243261223305,101.26200809242025,0.0,0.0,0.0,0.0,0.0
2016-03-01,2016-3,86.18239879013758,0.0,203.67465993109232,363.8098816168527,223.60638957659071,0.0,96.08111666523682,0.0,226.6582258714232,615.131496310461,94.38079092957658,0.0,0.0,,0.0,0.0,0.0,119.46112325639494,0.0,0.0,0.0,0.0,0.0,0.0,0.0
2016-04-01,2016-4,71.61635955800166,0.0,0.0,302.32088754076494,0.0,0.0,0.0,0.0,0.0,0.0,78.42910795556364,0.0,0.0,,0.0,0.0,48.55060023299043,0.0,85.38153040700398,0.0,0.0,0.0,0.0,0.0,0.0
2016-05-01,2016-5,184.900419222477,0.0,218.4873624715354,0.0,0.0,474.6847205693281,0.0,0.0,0.0,0.0,101.2448484517276,0.0,0.0,,0.0,69.08871641650734,0.0,0.0,0.0,0.0,899.8287640577557,0.0,0.0,77.58567217350071,0.0
2016-06-01,2016-6,0.0,0.0,0.0,0.0,0.0,0.0,0.0,0.0,318.40084110509446,0.0,0.0,182.4360435973211,0.0,,694.7295361163971,90.47331911685484,164.1472674543962,0.0,0.0,0.0,0.0,0.0,0.0,0.0,0.0
2016-07-01,2016-7,110.53829410039386,0.0,261.2348899116184,466.6257177259633,286.7994996743229,567.5578180720228,0.0,0.0,0.0,788.9730061373303,0.0,0.0,0.0,,0.0,0.0,0.0,0.0,0.0,0.0,0.0,0.0,0.0,0.0,0.0
2016-08-01,2016-8,103.77064344118604,0.0,245.24091705988664,438.05679623253695,269.24034663303775,1065.618760461757,115.6895078214076,0.0,272.9150066615095,740.6685363738202,227.28435366714356,156.37375165484664,212.30428037692053,,0.0,0.0,70.34882890902695,0.0,0.0,0.0,0.0,0.0,0.0,0.0,0.0
2016-09-01,2016-9,0.0,0.0,0.0,0.0,338.27633294920133,0.0,145.35348418587105,0.0,0.0,0.0,0.0,0.0,0.0,,0.0,0.0,88.3869901677518,0.0,0.0,0.0,0.0,0.0,0.0,0.0,0.0
2016-10-01,2016-10,78.22710044027873,0.0,0.0,0.0,0.0,0.0,87.21209051152265,0.0,0.0,558.3501274202645,85.66871792069259,0.0,0.0,,448.9021617982874,0.0,0.0,108.43394264811234,93.26290244457356,0.0,0.0,0.0,0.0,0.0,0.0
2016-11-01,2016-11,0.0,0.0,0.0,0.0,191.19966644954857,0.0,82.15631714853582,0.0,0.0,0.0,0.0,111.0480265374998,0.0,,0.0,0.0,0.0,0.0,0.0,0.0,0.0,0.0,0.0,0.0,0.0
2016-12-01,2016-12,0.0,0.0,0.0,0.0,0.0,0.0,0.0,0.0,0.0,0.0,0.0,0.0,0.0,,0.0,0.0,0.0,0.0,0.0,0.0,0.0,0.0,0.0,0.0,0.0
2017-01-01,2017-1,446.394832464532,0.0,0.0,0.0,0.0,0.0,94.4797647208162,0.0,0.0,0.0,0.0,0.0,0.0,,0.0,0.0,0.0,0.0,1133.9141204992725,0.0,824.8430337196094,0.0,0.0,0.0,0.0
2017-02-01,2017-2,0.0,0.0,0.0,0.0,0.0,0.0,131.83222984299934,0.0,0.0,0.0,129.49922476383765,0.0,0.0,,0.0,0.0,0.0,0.0,0.0,0.0,0.0,0.0,0.0,0.0,0.0
2017-03-01,2017-3,0.0,0.0,0.0,0.0,0.0,0.0,0.0,0.0,0.0,0.0,0.0,0.0,0.0,,0.0,0.0,0.0,0.0,0.0,0.0,0.0,0.0,0.0,0.0,0.0
2017-04-01,2017-4,0.0,0.0,0.0,0.0,0.0,0.0,0.0,0.0,0.0,0.0,0.0,0.0,0.0,,0.0,0.0,0.0,0.0,0.0,0.0,0.0,0.0,0.0,0.0,0.0
2017-05-01,2017-5,505.3526405258853,0.0,0.0,1751.0948449652326,0.0,0.0,165.1541737432403,0.0,0.0,2272.9801560331557,0.0,0.0,0.0,,0.0,0.0,0.0,0.0,0.0,0.0,0.0,0.0,0.0,0.0,0.0
2017-06-01,2017-6,108.18641550251316,0.0,0.0,456.6975109658364,280.69738265997563,0.0,120.61246560104196,0.0,0.0,772.1863464322807,118.4780141456387,0.0,0.0,,0.0,80.84849793421073,73.34239609664512,0.0,0.0,0.0,0.0,0.0,0.0,0.0,0.0
2017-07-01,2017-7,214.25354959915393,0.0,0.0,0.0,0.0,0.0,236.5721948213983,0.0,0.0,0.0,0.0,0.0,0.0,,0.0,102.69944332183526,93.1646653119546,190.492061408846,163.8402340242509,0.0,0.0,0.0,0.0,0.0,0.0
2017-08-01,2017-8,155.4388497091901,0.0,272.75473289093736,0.0,0.0,0.0,282.78347238511196,0.0,0.0,0.0,318.12057547265476,0.0,517.7872613823891,,0.0,0.0,240.44515708236625,0.0,0.0,255.32049496842205,0.0,0.0,0.0,0.0,0.0
2017-09-01,2017-9,0.0,0.0,0.0,0.0,0.0,0.0,0.0,0.0,0.0,0.0,0.0,0.0,0.0,,0.0,0.0,0.0,0.0,0.0,0.0,0.0,0.0,0.0,0.0,0.0
2017-10-01,2017-10,704.8339459966296,0.0,0.0,0.0,0.0,0.0,0.0,0.0,0.0,0.0,1085.822293387802,0.0,0.0,,0.0,0.0,0.0,699.5395435087723,0.0,0.0,0.0,0.0,0.0,0.0,0.0
2017-11-01,2017-11,0.0,0.0,0.0,0.0,0.0,0.0,125.97301962775497,0.0,0.0,0.0,0.0,0.0,0.0,,0.0,0.0,0.0,0.0,0.0,128.26521025039898,0.0,0.0,0.0,0.0,0.0
2017-12-01,2017-12,0.0,0.0,0.0,0.0,0.0,0.0,0.0,0.0,0.0,0.0,0.0,0.0,0.0,,0.0,0.0,0.0,0.0,0.0,0.0,0.0,0.0,0.0,0.0,0.0
2018-01-01,2018-1,94.16225052996516,0.0,0.0,397.4959817665613,244.31068490775652,0.0,0.0,0.0,0.0,0.0,0.0,0.0,0.0,,0.0,0.0,0.0,0.0,0.0,0.0,916.4922596884552,0.0,0.0,0.0,0.0
2018-02-01,2018-2,203.3904611447247,0.0,961.3443948747556,858.5913206157724,527.7110794007541,1044.3063852525215,0.0,0.0,534.9134130565587,1451.7103312926877,222.73866659380073,306.49255324349946,416.11638953876434,,0.0,0.0,137.88370466169283,0.0,242.4835463558913,0.0,0.0,0.0,0.0,0.0,0.0
2018-03-01,2018-3,0.0,0.0,0.0,0.0,0.0,0.0,0.0,0.0,0.0,0.0,0.0,0.0,0.0,,0.0,0.0,0.0,0.0,0.0,0.0,0.0,0.0,0.0,0.0,0.0
2018-04-01,2018-4,0.0,0.0,0.0,0.0,0.0,0.0,236.1994118020405,0.0,0.0,0.0,0.0,0.0,0.0,,0.0,0.0,143.6288590225967,0.0,0.0,480.9945384389962,0.0,0.0,0.0,0.0,0.0
2018-05-01,2018-5,137.42598725994912,0.0,0.0,0.0,0.0,0.0,153.21042927699924,0.0,0.0,0.0,150.49909904986535,207.08956300236449,0.0,,0.0,102.69944332183525,0.0,190.492061408846,163.8402340242509,0.0,0.0,0.0,0.0,0.0,0.0
2018-06-01,2018-6,0.0,0.0,0.0,0.0,0.0,0.0,0.0,0.0,0.0,0.0,0.0,0.0,0.0,,0.0,0.0,111.1965360174942,0.0,0.0,0.0,0.0,0.0,0.0,0.0,0.0
2018-07-01,2018-7,0.0,0.0,0.0,0.0,0.0,0.0,141.7196470812243,0.0,0.0,0.0,0.0,191.5578457771871,0.0,,0.0,94.9969850726976,86.17731541355802,176.20515680318252,151.55221647243204,0.0,0.0,2057.1428571428573,0.0,0.0,0.0
2018-08-01,2018-8,0.0,0.0,0.0,0.0,0.0,0.0,0.0,0.0,0.0,0.0,0.0,0.0,0.0,,0.0,0.0,0.0,0.0,0.0,0.0,0.0,0.0,0.0,0.0,0.0
2018-09-01,2018-9,0.0,0.0,0.0,0.0,0.0,0.0,0.0,0.0,0.0,0.0,0.0,0.0,0.0,,0.0,0.0,0.0,0.0,0.0,0.0,0.0,0.0,0.0,0.0,0.0
2018-10-01,2018-10,0.0,0.0,0.0,0.0,0.0,0.0,128.836042801113,0.0,0.0,0.0,126.55606056465952,0.0,0.0,,0.0,0.0,78.34301401232547,160.18650618471136,137.77474224766547,0.0,0.0,0.0,0.0,0.0,940.20618556701
2018-11-01,2018-11,207.54128688237216,0.0,0.0,0.0,0.0,0.0,115.6895078214076,0.0,0.0,0.0,113.6421768335718,0.0,0.0,,0.0,77.54855924301845,70.34882890902695,143.8409443291286,0.0,0.0,0.0,0.0,0.0,0.0,0.0
2018-12-01,2018-12,127.11903821545292,0.0,0.0,0.0,0.0,0.0,0.0,0.0,0.0,0.0,0.0,0.0,0.0,,0.0,0.0,0.0,0.0,0.0,0.0,0.0,0.0,0.0,0.0,0.0
2019-01-01,2019-1,0.0,0.0,0.0,0.0,258.6819016670363,0.0,0.0,0.0,0.0,0.0,0.0,0.0,0.0,,0.0,0.0,0.0,0.0,0.0,0.0,970.4035690818934,0.0,0.0,0.0,0.0
2019-02-01,2019-2,0.0,0.0,0.0,0.0,0.0,0.0,0.0,0.0,0.0,0.0,0.0,0.0,0.0,,0.0,0.0,0.0,0.0,0.0,0.0,0.0,0.0,0.0,0.0,0.0
2019-03-01,2019-3,0.0,0.0,0.0,0.0,0.0,0.0,0.0,0.0,0.0,0.0,179.62795693048446,0.0,335.5777334990035,,0.0,0.0,111.1965360174942,0.0,0.0,0.0,0.0,0.0,0.0,0.0,0.0
2019-04-01,2019-4,110.53829410039388,0.0,261.2348899116184,0.0,0.0,0.0,123.23447572280374,7200.0,0.0,0.0,0.0,0.0,0.0,,634.3182721062757,0.0,74.93679601178958,0.0,131.78453606298442,0.0,0.0,0.0,0.0,0.0,0.0
2019-05-01,2019-5,0.0,0.0,0.0,0.0,0.0,0.0,138.26307032314563,0.0,0.0,0.0,0.0,0.0,0.0,,0.0,0.0,84.07542967176391,0.0,0.0,0.0,0.0,0.0,0.0,0.0,0.0
2019-06-01,2019-6,635.5951910772648,0.0,500.7002056639353,894.3659589747629,1099.3980820849044,2175.638302609421,944.797647208162,0.0,0.0,0.0,928.0777774741698,0.0,866.9091448724257,,0.0,158.328308454496,0.0,587.3505226772751,252.5870274540534,1202.4863460974907,0.0,3428.571428571429,0.0,0.0,5171.134020618556
2019-07-01,2019-7,0.0,0.0,0.0,0.0,347.1783417110224,0.0,149.17857587497298,0.0,0.0,0.0,0.0,201.639837660197,0.0,,0.0,99.99682639231328,181.42592718643792,0.0,0.0,151.89301213863038,0.0,0.0,7200.0,0.0,1088.6597938144328
2019-08-01,2019-8,0.0,0.0,0.0,0.0,0.0,0.0,0.0,0.0,0.0,0.0,0.0,0.0,0.0,,0.0,0.0,0.0,0.0,0.0,0.0,0.0,0.0,0.0,0.0,0.0
2019-09-01,2019-9,0.0,0.0,0.0,0.0,0.0,0.0,0.0,0.0,0.0,0.0,0.0,0.0,0.0,,0.0,0.0,0.0,0.0,0.0,0.0,0.0,0.0,0.0,0.0,0.0
2019-10-01,2019-10,0.0,0.0,0.0,0.0,0.0,0.0,0.0,0.0,0.0,0.0,61.87185183161131,0.0,0.0,,0.0,0.0,38.30102907269245,78.31340302363668,0.0,0.0,0.0,0.0,0.0,0.0,0.0
2019-11-01,2019-11,0.0,0.0,0.0,0.0,0.0,0.0,0.0,0.0,351.916719116157,0.0,0.0,0.0,0.0,,0.0,0.0,90.71296359321896,185.47911242440267,0.0,151.89301213863038,0.0,0.0,0.0,0.0,0.0
2019-12-01,2019-12,0.0,0.0,0.0,0.0,0.0,0.0,0.0,0.0,0.0,0.0,0.0,0.0,0.0,,0.0,0.0,0.0,0.0,0.0,0.0,0.0,0.0,0.0,0.0,0.0
2020-01-01,2020-1,0.0,0.0,0.0,0.0,0.0,0.0,0.0,0.0,0.0,0.0,0.0,0.0,247.6883271064073,,0.0,90.47331911685484,82.0736337271981,167.81443505065002,144.3354442594591,0.0,0.0,0.0,0.0,101.60028498910808,0.0
2020-02-01,2020-2,0.0,0.0,196.99680222843352,0.0,0.0,0.0,0.0,0.0,0.0,0.0,91.28633876795112,376.8351064469255,0.0,,478.3383691293227,784.7785312078689,226.03886010113575,0.0,596.271015629241,94.62187641422877,0.0,0.0,0.0,709.8642221303747,0.0
2020-03-01,2020-3,105.93253184621076,0.0,500.70020566393526,894.3659589747629,274.84952052122605,543.9095756523551,118.09970590102024,0.0,278.60073596695764,0.0,464.0388887370849,478.8946144429679,216.72728621810643,,1215.776688203695,474.984925363488,215.44328853389504,146.83763066931877,126.29351372702672,240.4972692194981,1031.0537921495118,1714.2857142857144,0.0,533.4014961928175,0.0
2020-04-01,2020-4,299.1036193304775,0.0,0.0,0.0,0.0,0.0,0.0,0.0,0.0,0.0,0.0,0.0,2777.23351808471,,0.0,447.044635636224,405.5403078285083,0.0,0.0,679.0511130903476,0.0,0.0,0.0,502.02493759324,0.0
2020-05-01,2020-5,195.56775110069685,0.0,462.184805228248,0.0,0.0,0.0,218.03022627880665,0.0,514.3398202466911,0.0,214.1717948017315,589.408756237499,400.1119130180427,,0.0,584.5968312166007,397.7414557548832,542.1697132405617,466.3145122228679,443.99495855907344,1903.4839239683297,0.0,0.0,656.4941491603907,0.0
2020-06-01,2020-6,338.9841019078745,0.0,0.0,0.0,439.7592328339618,870.2553210437682,188.9595294416324,0.0,445.7611775471323,0.0,0.0,766.2313831087487,0.0,,972.621350562956,253.3252935271936,229.80617443615472,0.0,202.06962196324272,0.0,0.0,0.0,0.0,426.721196954254,0.0
2020-07-01,2020-7,0.0,0.0,0.0,0.0,0.0,0.0,166.72899656614624,0.0,0.0,0.0,163.77843131897112,1304.048117728072,611.935866968771,,1754.5190290672274,960.9403762367172,101.38507695712708,989.1384978076662,178.2967252616848,1072.3460788673724,0.0,0.0,0.0,1292.0975118964802,0.0
2020-08-01,2020-8,231.1255240280963,0.0,546.2184061788386,0.0,0.0,0.0,386.50812840333896,0.0,607.8561512006349,0.0,253.11212112931904,174.14349616107924,0.0,,0.0,431.80447760317094,391.7150700616274,320.3730123694228,551.0989689906621,0.0,0.0,0.0,0.0,581.8925413012554,0.0
2020-09-01,2020-9,133.80951391100308,0.0,0.0,0.0,0.0,0.0,149.17857587497295,0.0,0.0,0.0,73.26929822164499,0.0,0.0,,383.9294804853774,149.9952395884699,181.42592718643792,0.0,239.29297337752428,151.89301213863035,0.0,0.0,0.0,224.59010366013365,0.0
2020-10-01,2020-10,0.0,0.0,0.0,0.0,0.0,0.0,0.0,0.0,0.0,0.0,0.0,0.0,0.0,,0.0,0.0,0.0,0.0,0.0,0.0,0.0,0.0,0.0,0.0,0.0
2020-11-01,2020-11,1340.1598129279505,0.0,2164.9706100233293,0.0,2047.967974438903,0.0,1593.8062148044048,0.0,1847.5894485470556,0.0,23.010192829938095,1991.812065993719,0.0,,0.0,1659.7101722890234,1321.5529792501177,1926.05279407419,1724.299158445174,2003.956361231415,0.0,0.0,0.0,2063.0285172610897,0.0
2020-12-01,2020-12,0.0,0.0,43.22591703573542,0.0,0.0,0.0,40.782632253589725,0.0,0.0,0.0,40.06091125787783,27.562279967940597,0.0,,104.95913854995928,192.55801147225677,387.60541198449727,0.0,21.80607431258015,41.524708354445714,178.02367634236177,0.0,0.0,30.6993666873564,0.0
2021-01-01,2021-1,0.0,0.0,46.2184805228248,0.0,50.74144994238021,0.0,21.80302262788066,0.0,1719.6794098014902,0.0,0.0,0.0,0.0,,112.22554044957184,661.5116145253302,480.72987544000705,0.0,0.0,1909.620416694378,0.0,0.0,0.0,937.3091261998684,0.0
2021-02-01,2021-2,2543.6758802240315,0.0,501.8687085193249,0.0,1943.561763977312,0.0,0.0,0.0,5260.195841745735,0.0,0.0,0.0,0.0,,0.0,390.0490022461136,1649.709569714251,27.640024596577657,3272.787422303782,939.5794214837932,0.0,0.0,0.0,1299.6582880847388,0.0
2021-03-01,2021-3,1106.8896748415152,0.0,436.77993403558986,0.0,0.0,0.0,19.347392092999904,0.0,0.0,0.0,19.005005682064912,1645.1144026296247,35.50481139409252,,99.58580381190676,509.19366334176937,1079.7567520886896,24.055311508966895,20.689722385314955,1655.1448444300424,0.0,0.0,0.0,758.9225698438671,0.0
2021-04-01,2021-4,0.0,0.0,0.0,0.0,0.0,0.0,20.84112457076828,0.0,0.0,0.0,0.0,28.170271437821643,0.0,,0.0,548.5064094085972,1533.9295869874693,25.91252305929155,0.0,2642.5671229231684,0.0,0.0,0.0,1017.9727507828334,0.0
2021-05-01,2021-5,0.0,0.0,0.0,0.0,1630.772521792415,0.0,0.0,0.0,0.0,0.0,0.0,0.0,0.0,,0.0,208.11142755772784,679.6843475860198,454.5148087268868,0.0,60.234870848261146,0.0,0.0,0.0,417.89939213162813,0.0
2021-06-01,2021-6,1066.8377458176446,0.0,0.0,0.0,0.0,0.0,0.0,0.0,43.989589889519635,0.0,271.4555733469505,0.0,86.86562608717713,,0.0,691.8573334021106,1372.463314672999,110.62733199164688,223.7988395722249,3209.4960963726085,0.0,0.0,0.0,1118.2476559233337,0.0
2021-07-01,2021-7,0.0,0.0,0.0,0.0,0.0,0.0,815.4357378069047,0.0,945.2783225124472,0.0,11.772656796712512,1019.0666384153913,21.99346667752454,,0.0,113.17363042132638,1323.1358805304174,29.802140685527704,882.1995694370659,1531.818587518752,0.0,0.0,0.0,363.86310715669765,0.0
2021-08-01,2021-8,10.549297777216012,0.0,0.0,0.0,27.37090660792293,0.0,11.760966562757202,0.0,27.74447163156425,0.0,23.105670808485552,1015.9353398372768,21.582800287280303,,60.53659858275659,214.23729248063657,230.70829283865672,14.62283458947573,25.153894850196192,1006.1357664273908,102.67755606468164,0.0,0.0,261.6543534761938,0.0
2021-09-01,2021-9,0.0,0.0,0.0,0.0,0.0,0.0,0.0,0.0,0.0,0.0,0.0,0.0,0.0,,0.0,205.501023910659,0.0,0.0,0.0,0.0,0.0,0.0,0.0,225.30692251519685,0.0
2021-10-01,2021-10,1219.2431380773082,0.0,0.0,0.0,0.0,0.0,1428.6929251857784,0.0,1680.889648678149,0.0,20.934085206184275,1812.0996991371433,0.0,,0.0,388.20441720175506,823.1417356388076,0.0,0.0,1823.1482684887312,0.0,0.0,1028.5714285714284,630.9775853969002,0.0
2021-11-01,2021-11,2647.4993855392977,0.0,49.048183411977334,0.0,0.0,0.0,1574.2902203374122,0.0,0.0,0.0,22.72843536671436,31.274750330969336,0.0,,0.0,218.4943966909689,439.8134878844499,28.76818886582572,24.74321901590728,1955.8592039050388,0.0,0.0,0.0,685.0613784309202,0.0
2021-12-01,2021-12,0.0,0.0,0.0,0.0,0.0,0.0,19.281584636901265,0.0,1520.8049202326104,0.0,18.940362805595303,26.062291942474445,0.0,,0.0,169.15390403530435,1076.0841100747823,506.31573671740136,1439.9404251790118,814.9413349604328,0.0,0.0,0.0,199.97104495993256,0.0
2022-01-01,2022-1,1183.6447982794307,0.0,0.0,0.0,0.0,0.0,20.688999573901356,0.0,0.0,0.0,20.32287103958036,1759.1916787243797,0.0,,0.0,1089.0054259791125,1154.630395481701,517.549709207258,1522.9211545391686,1748.8522078712938,0.0,0.0,0.0,1408.5297033222116,0.0
2022-02-01,2022-2,1292.1062738189803,0.0,0.0,0.0,0.0,0.0,0.0,0.0,0.0,0.0,0.0,0.0,0.0,,0.0,396.26492260063327,831.1331626705013,0.0,0.0,0.0,0.0,0.0,0.0,651.6845647252308,0.0
2022-03-01,2022-3,1150.0662224417165,0.0,42.61278346076044,0.0,0.0,0.0,0.0,0.0,0.0,0.0,19.74633569093978,27.171325642154205,36.88975084563513,,103.47035644286764,0.0,369.88373019556,0.0,0.0,849.6196896396002,0.0,0.0,0.0,580.0454813689109,0.0
2022-04-01,2022-4,23.523386751242416,0.0,0.0,0.0,0.0,0.0,2281.358478953192,0.0,0.0,0.0,31.6192364518112,1430.322017716558,0.0,,0.0,147.57046820884116,309.5169493031096,0.0,0.0,0.0,0.0,0.0,0.0,161.79310162812354,0.0
2022-05-01,2022-5,372.1384678468893,0.0,0.0,0.0,568.6841650191791,0.0,436.0669169241733,0.0,256.5213118464644,0.0,0.0,0.0,5.968393424250779,,0.0,0.0,121.66466807047512,81.358933059546,0.0,137.4599842101935,0.0,0.0,0.0,93.84556841424724,0.0
2022-06-01,2022-6,642.6023559226743,0.0,0.0,0.0,8.668053209605027,0.0,9.475661689645667,0.0,293.76915016319816,0.0,3.658650896744427,316.70073585445476,6.835026109375234,,0.0,103.01806975358362,207.86381626937327,102.43431857230176,0.0,0.0,0.0,0.0,0.0,217.74826771459155,0.0
2022-07-01,2022-7,237.77028939044283,0.0,93.82442864547497,0.0,0.0,0.0,278.6160689878424,242.81524926686217,9.804131470977984,0.0,20.4122678330096,359.0035438427915,0.0,,21.39196518833481,39.24569442029866,10.108776001590384,10.334613302239443,0.0,179.88613411996715,36.28341790555467,0.0,0.0,126.17833554627416,0.0
2022-08-01,2022-8,3.866738805032789,0.0,0.0,0.0,0.0,0.0,293.308824321419,0.0,0.0,0.0,0.0,0.0,0.0,,0.0,40.70808151276607,2.6213632064960612,107.8392549983184,0.0,0.0,0.0,0.0,0.0,44.70835529902675,0.0
2022-09-01,2022-9,238.11943812669895,0.0,0.0,0.0,0.0,0.0,283.18730101517326,0.0,328.2794761735591,0.0,4.088448358917049,0.0,0.0,,0.0,73.02679557471288,79.11476103648329,0.0,0.0,0.0,0.0,0.0,0.0,83.19806348524067,0.0
2022-10-01,2022-10,0.0,0.0,0.0,0.0,0.0,0.0,275.5854373454801,0.0,0.0,0.0,0.0,0.0,0.0,,0.0,72.12653776124652,0.0,0.0,0.0,0.0,0.0,0.0,0.0,79.07799165870577,0.0
2022-11-01,2022-11,0.0,0.0,95.71916280660272,0.0,0.0,0.0,284.24257150292976,0.0,0.0,0.0,0.0,0.0,0.0,,0.0,111.58843931124788,156.03173061353465,106.06478707762804,312.1020167118416,179.2017595200952,0.0,0.0,0.0,122.34317557668878,0.0
2022-12-01,2022-12,219.72809940959615,0.0,86.7049598051679,0.0,335.77794702860064,0.0,3.8406408423096017,0.0,311.9847438176162,0.0,3.772673892171422,5.191269533257104,7.048041828231103,,19.768726637458457,0.0,4.670857203986884,100.8515085331409,286.81740176329913,0.0,33.53020462274835,0.0,0.0,0.0,0.0
2023-01-01,2023-1,221.83219885674697,0.0,0.0,0.0,0.0,0.0,15.509674099176392,0.0,314.9722858240777,0.0,7.617601456696332,5.240980732617979,0.0,,39.91606089861653,47.01138495274897,73.70335467283874,101.81725485288372,4.146435471201971,0.0,67.70257458710883,0.0,0.0,40.213055552818176,0.0
2023-02-01,2023-2,10.942815341358932,0.0,17.24075313620437,30.795958415199863,0.0,18.728593709693715,0.0,0.0,19.18627736931703,78.10493174099825,3.994595885828564,5.496638329331051,14.925265048018804,,20.93159291025013,35.67521362007136,82.24425377673953,10.11220412069914,0.0,0.0,35.502569600557074,0.0,0.0,45.23579568706077,0.0
2023-03-01,2023-3,216.4972153953399,0.0,0.0,0.0,0.0,0.0,249.64472749687116,0.0,289.3958877335841,23.490458435156757,7.208371087178017,311.9860970682719,6.73327491163049,,37.77170293448373,66.83648865738954,272.28216199167247,192.69492115846728,0.0,3.7358799102057954,0.0,0.0,0.0,38.052742536064834,0.0
2023-04-01,2023-4,228.71556750956557,0.0,90.25142501581652,0.0,0.0,0.0,0.0,0.0,315.31498346148624,0.0,0.0,339.9284343938505,0.0,,0.0,70.14280364792592,73.55938781040051,100.0060792121218,882.8217129980229,0.0,0.0,0.0,0.0,0.0,0.0
2023-05-01,2023-5,0.0,0.0,84.75266269697207,0.0,0.0,0.0,255.43119469050723,0.0,296.1037394360182,0.0,0.0,0.0,0.0,,0.0,65.86920236606554,207.23287135459853,93.9129935912508,276.34463334021996,0.0,0.0,0.0,0.0,36.10879155541565,0.0
2023-06-01,2023-6,432.6420324194216,0.0,0.0,0.0,328.0001653303869,0.0,0.0,0.0,295.90777402275813,0.0,0.0,319.0063004437327,0.0,,0.0,32.912804623679335,138.06381457994428,0.0,0.0,0.0,0.0,0.0,0.0,108.2546828233176,0.0
2023-07-01,2023-7,0.0,0.0,0.0,0.0,0.0,0.0,246.9277234204008,0.0,0.0,0.0,7.129918905051239,318.40150296584835,0.0,,0.0,66.10907488839106,71.19167551103237,99.81116060630173,3.880978654863817,3.69522052577974,0.0,0.0,0.0,34.90670630517134,0.0
2023-08-01,2023-8,210.0787221027947,0.0,89.28145765839432,13.68927488226678,8.413760832282433,16.650293132214955,491.9656938554414,211.22448979591843,293.6795165017867,23.145891761681888,7.102636052098239,312.29645012855076,6.634508761778769,,18.60882686026064,4.846784952688654,4.396801806814184,94.93420063451276,0.0,152.80150030508116,31.56287118825037,0.0,0.0,34.77313472492196,0.0
2023-09-01,2023-9,429.56115858087946,0.0,169.50532539394413,0.0,328.21738398292354,0.0,0.0,0.0,0.0,0.0,0.0,0.0,6.889344197661662,,0.0,32.93460118303277,2.2828427924121333,0.0,0.0,0.0,32.77521988289839,0.0,0.0,0.0,0.0
2023-10-01,2023-10,0.0,0.0,0.0,0.0,0.0,0.0,0.0,0.0,0.0,0.0,0.0,0.0,0.0,,0.0,0.0,137.88131118988488,0.0,0.0,0.0,0.0,0.0,0.0,36.03719448028925,0.0
2023-11-01,2023-11,447.3361030738814,0.0,0.0,0.0,341.79879297532045,0.0,0.0,0.0,308.35630796440523,0.0,3.840321837824151,332.42656549688286,0.0,,0.0,34.297412266468605,71.9360082173434,102.6598804102869,0.0,0.0,0.0,0.0,0.0,0.0,0.0
2023-12-01,2023-12,221.3732770545579,0.0,266.0929885438293,0.0,666.1401207180304,0.0,259.2077311711465,0.0,0.0,0.0,3.742249102718427,5.149404456375999,6.991202781229238,,0.0,0.0,2.3165945003644626,4.736697763526412,284.50435820069185,0.0,33.259799746758446,0.0,0.0,39.51040807676087,0.0
2024-01-01,2024-1,205.0054833935297,0.0,80.89539865513768,0.0,0.0,0.0,240.22270423477687,0.0,282.62746305207804,0.0,0.0,304.68932994341344,0.0,,0.0,31.435681280897263,65.93376227253344,0.0,527.5352671855021,0.0,0.0,0.0,0.0,0.0,0.0
2024-02-01,2024-2,225.22130189483613,0.0,0.0,0.0,0.0,0.0,0.0,0.0,310.497671214158,0.0,0.0,0.0,0.0,,0.0,0.0,144.87112765992768,98.47820855749217,0.0,0.0,0.0,0.0,0.0,37.86408003380392,0.0
2024-03-01,2024-3,436.255635077938,0.0,272.3301384256849,0.0,0.0,0.0,258.32922877595263,0.0,594.1749455792525,0.0,3.6999778503953618,960.8342590773688,0.0,,19.38780100789946,33.04401846271061,207.9213526547799,4.68319353629721,0.0,0.0,0.0,0.0,0.0,2.835356790393714,0.0
2024-04-01,2024-4,453.02987594299793,284.4074844074844,97.01547166206672,14.87510950477776,1030.3705817343337,18.09262621712616,530.6537921566756,0.0,628.971675968946,25.150906640552456,7.717902515377711,1012.737482725998,7.20922365798275,,20.220818099021955,2.6333190595342373,219.2437479986043,201.4313561453255,0.0,0.0,0.0,0.0,189.60498960498964,40.74254138476797,0.0
2024-05-01,2024-5,212.11162506773312,0.0,0.0,0.0,324.13881609824364,0.0,248.5495867229673,0.0,292.4242292664405,0.0,0.0,315.250830588934,0.0,,0.0,32.525341913917245,68.21923604653232,92.74599105479966,0.0,0.0,0.0,0.0,0.0,35.66008845564266,0.0
2024-06-01,2024-6,0.0,0.0,0.0,0.0,0.0,0.0,0.0,0.0,646.1223216017161,0.0,0.0,0.0,0.0,,0.0,0.0,150.7329651953005,102.46287595577218,0.0,0.0,0.0,0.0,0.0,0.0,0.0
2024-07-01,2024-7,231.49084563066663,0.0,274.0396588274686,0.0,1061.2596355764765,0.0,271.25790014233905,0.0,0.0,0.0,0.0,0.0,0.0,,0.0,35.496964872504975,148.9039427767993,202.4391439297483,1191.3787190399207,0.0,0.0,0.0,0.0,38.91811224031237,0.0
2024-08-01,2024-8,452.4028449728347,0.0,177.13013241858525,14.854521117919935,1038.0744127527075,0.0,266.9211792267585,0.0,618.8465696171453,25.11609569710533,0.0,672.4563001882683,0.0,,20.192830807535422,74.09152552150503,74.57045296310743,107.89275630937254,581.7459386480012,0.0,0.0,0.0,0.0,81.37230064805561,0.0
2024-09-01,2024-9,781.4907824784675,329.6385542168674,0.0,0.0,0.0,0.0,305.2468418469213,0.0,1077.3895097551506,0.0,8.94532797565465,0.0,0.0,,0.0,39.944777338457406,335.1235724181459,227.8050125667288,0.0,0.0,0.0,0.0,0.0,43.79459859331538,0.0
2024-10-01,2024-10,501.26533961138176,0.0,207.08643452920413,16.587931232916777,383.00482984096953,0.0,293.6880356255155,0.0,1046.9264103335213,28.046953850322403,4.303297268040973,372.5027202244823,0.0,,0.0,0.0,163.88061549214694,0.0,322.47325838000944,189.6172232918356,0.0,0.0,0.0,42.13622507625783,0.0
2024-11-01,2024-11,0.0,0.0,203.62450325288003,0.0,376.6020135366372,0.0,0.0,0.0,0.0,0.0,4.231357648058524,5.822426923318758,0.0,,0.0,5.774892709586481,0.0,5.355779842042022,0.0,0.0,75.2136504911498,0.0,0.0,41.43182009777935,0.0
2024-12-01,2024-12,503.9917245199129,0.0,0.0,0.0,0.0,0.0,0.0,0.0,0.0,0.0,0.0,0.0,0.0,,0.0,2.95250924856869,2.6783936414470246,220.37081635243,0.0,0.0,0.0,0.0,0.0,0.0,0.0
2025-01-01,2025-1,0.0,0.0,0.0,0.0,0.0,0.0,0.0,0.0,0.0,0.0,0.0,5.930583460594029,0.0,,22.584087087375146,99.33017721509243,314.4643609810382,224.9732561282544,698.6034364685919,0.0,0.0,0.0,0.0,42.20145143086504,0.0
2025-02-01,2025-2,313.71755834017347,0.0,121.88240064040748,0.0,12.564549509541768,0.0,729.2699257924601,0.0,0.0,0.0,5.303301585566685,918.130514229486,0.0,,0.0,94.72618625977044,198.6804036479008,276.82423515971874,0.0,0.0,47.133887641120545,0.0,0.0,0.0,0.0
2025-03-01,2025-3,0.0,0.0,0.0,0.0,0.0,0.0,0.0,0.0,739.0357794188222,0.0,0.0,398.36241319874387,0.0,,0.0,123.3006143463954,258.61292210367253,351.59162063501327,689.7196633780698,0.0,0.0,0.0,0.0,90.12276900607873,0.0
2025-04-01,2025-4,8.077460728543475,0.0,9.5447219507025,17.04907308609556,404.1310776800902,0.0,315.3603461073582,0.0,10.621791363315303,57.653309423855745,41.61888838635942,6.086031637082991,20.974702407070573,,0.0,39.50059395264454,159.7463249990054,21.113981456182167,331.437963736086,190.30401308845697,0.0,0.0,0.0,46.69697157920586,65.7173505400293
2025-05-01,2025-5,264.53399243765415,0.0,0.0,0.0,404.2481646119205,0.0,619.9548419240082,0.0,0.0,0.0,0.0,393.163556256509,0.0,,0.0,40.563823643050135,170.15858387462953,115.6677164133676,340.3592139834683,0.0,0.0,0.0,0.0,44.473307706914866,0.0
2025-06-01,2025-6,263.0321773954291,0.0,0.0,0.0,10.699738025157222,0.0,4.597555460866968,0.0,362.6250174763889,0.0,9.032387128702382,0.0,8.437071969561321,,0.0,40.33353429552268,343.9765068075234,115.01104649050178,681.7703822760436,0.0,0.0,0.0,0.0,47.68166035540971,33.55155893345373
2025-07-01,2025-7,761.311443024798,0.0,200.2762451837681,0.0,775.5997649674719,0.0,2986.9558205351464,0.0,349.8565309455301,28.398089422783404,8.714345328395959,1532.6473671410563,0.0,,45.66297420483362,116.7400182778861,168.6295845566357,221.92272350984143,326.5104822720909,0.0,0.0,64.38631790744466,0.0,46.002728652754435,0.0
2025-08-01,2025-8,511.947394993787,0.0,101.00751434287912,0.0,0.0,0.0,899.8397429346891,0.0,1058.6818781729776,0.0,0.0,1141.3224624399686,0.0,,0.0,39.25118215183857,246.97840232473857,223.8494401306846,0.0,189.10240921733805,0.0,0.0,0.0,0.0,0.0
2025-09-01,2025-9,629.3376611809133,0.0,256.1101985467128,13.884076982790626,0.0,0.0,2953.464814408961,0.0,876.2760510812268,23.475264089467785,7.20370849268437,1875.6619881332265,6.728919623848065,,18.87363552192023,0.0,209.0963218596835,4.558995001376003,1619.4582005578222,472.3946483555225,64.02403883981445,0.0,0.0,0.0,0.0
2025-10-01,2025-10,2759.37613212051,0.0,1095.669095304794,0.0,2530.0477869131773,0.0,2589.935679566791,0.0,776.0043166749804,41.171591925487455,3.1585176771667713,1655.1963101190022,0.0,,67.67288370764123,28.442670432481652,358.89816036527066,15.077993564000764,710.063068083492,818.6775095470625,0.0,0.0,155.19001701644925,0.0,0.0
2025-11-01,2025-11,633.8475727594085,0.0,257.9455159304352,13.98357199699955,8.594642986982965,17.00824731681632,502.54215502627494,0.0,582.5624059262378,23.64349073766592,3.6276655797035953,0.0,0.0,,0.0,0.0,203.85774315664096,466.5089953655184,0.0,0.0,0.0,0.0,0.0,2.7799426511677785,26.950535612344265
2025-12-01,2025-12,406.0751353028765,0.0,160.23771369669598,0.0,0.0,0.0,0.0,0.0,0.0,0.0,0.0,1408.2344072593326,0.0,,0.0,0.0,174.13557915717516,118.37113549481528,348.3141872652189,0.0,0.0,0.0,0.0,0.0,0.0
2026-01-01,2026-1,247.24739447267257,0.0,0.0,0.0,0.0,0.0,1439.482589590552,0.0,0.0,0.0,2.1060766508490993,185.20455136216623,0.0,,0.0,122.337254426819,349.61305648513564,375.4388586458097,25.7317879084555,271.852593583624,0.0,0.0,0.0,0.0,15.646396431523618
2026-02-01,2026-2,576.9833283192817,362.2241835834069,123.55986373200552,0.0,874.8601055855509,0.0,670.8425738736399,0.0,394.630756000342,0.0,4.914798468530466,432.1984411311276,0.0,,0.0,3.3538211852673467,92.06285252881544,0.0,368.2969076290663,216.5619478725818,0.0,0.0,0.0,0.0,0.0
2026-03-01,2026-03-01,0.0,0.0,0.0,0.0,0.0,0.0,203.25947197015878,0.0,0.0,0.0,413.6943405143316,0.0,770.9453495508435,,0.0,0.0,406.16501578605283,0.0,763.1716252716708,1174.3263601849408,0.0,870.445303929343,0.0,0.0,0.0
2026-03-02,2026-03-02,0.0,0.0,4712.017050264003,0.0,0.0,0.0,13038.127863348414,0.0,0.0,688.8234568595008,755.677490699768,0.0,1053.6253110528196,,0.0,0.0,0.0,0.0,695.3341474697445,8387.65325567543,2041.7306292846763,0.0,0.0,0.0,0.0
2026-03-03,2026-03-03,207.29309014826197,0.0,326.4388008656643,829.2528705055998,12404.298212026666,586.0765142669122,135.50631464677252,0.0,0.0,1075.1946368606195,346.0875790353474,173.78557687291405,0.0,,0.0,0.0,203.08250789302642,0.0,254.3905417572236,0.0,0.0,0.0,0.0,0.0,0.0
2026-03-04,2026-03-04,0.0,0.0,0.0,0.0,0.0,0.0,132.27997382184935,0.0,0.0,0.0,134.61482508799676,0.0,376.29475394743554,,0.0,0.0,0.0,265.1395504381238,248.33362409633733,0.0,0.0,0.0,0.0,0.0,0.0
2026-03-05,2026-03-05,169.9803339215748,0.0,267.6798167098447,0.0,0.0,0.0,55.55758900517674,0.0,0.0,0.0,169.61467961087598,0.0,948.2627799475375,,817.625615107654,0.0,499.58296941684495,0.0,417.2004884818467,240.7369038379128,1225.0383775708058,713.7651492220614,0.0,0.0,0.0
2026-03-06,2026-03-06,0.0,0.0,0.0,0.0,0.0,0.0,2777.8794502588366,0.0,0.0,0.0,2826.9113268479327,3562.604325894739,0.0,,0.0,0.0,0.0,0.0,0.0,0.0,0.0,0.0,0.0,0.0,0.0
