date,ym,singapore_zaobao_body_count,singapore_zaobao_epu_count,singapore_zaobao_ratio,singapore_today_body_count,singapore_today_epu_count,singapore_today_ratio,singapore_the_independent_body_count,singapore_the_independent_epu_count,singapore_the_independent_ratio,singapore_the_straits_times_body_count,singapore_the_straits_times_epu_count,singapore_the_straits_times_ratio,news_total,singapore_zaobao_weights,singapore_today_weights,singapore_the_independent_weights,singapore_the_straits_times_weights,singapore_zaobao_z_score,singapore_today_z_score,singapore_the_independent_z_score,singapore_the_straits_times_z_score,z_score_unweighted,z_score_weighted,epu_weighted,epu_unweighted
2022-10-01,2022-10,0.0,0.0,0.0,0.0,0.0,0.0,2,0.0,0.0,0.0,0.0,0.0,2.0,0.0,0.0,1.0,0.0,,,,,,0,,
2022-11-01,2022-11,0.0,0.0,0.0,0.0,0.0,0.0,10,1.0,0.1,0.0,0.0,0.0,10.0,0.0,0.0,1.0,0.0,,,,,,0,,
2022-12-01,2022-12,0.0,0.0,0.0,0.0,0.0,0.0,4,0.0,0.0,0.0,0.0,0.0,4.0,0.0,0.0,1.0,0.0,,,,,,0,,
2023-01-01,2023-1,0.0,0.0,0.0,0.0,0.0,0.0,3,1.0,0.3333333333333333,0.0,0.0,0.0,3.0,0.0,0.0,1.0,0.0,,,,,,0,,
2023-02-01,2023-2,0.0,0.0,0.0,0.0,0.0,0.0,10,3.0,0.3,0.0,0.0,0.0,10.0,0.0,0.0,1.0,0.0,,,,,,0,,
2023-03-01,2023-3,0.0,0.0,0.0,0.0,0.0,0.0,17,1.0,0.058823529411764705,0.0,0.0,0.0,17.0,0.0,0.0,1.0,0.0,,,,,,0,,
2023-04-01,2023-4,0.0,0.0,0.0,0.0,0.0,0.0,11,0.0,0.0,0.0,0.0,0.0,11.0,0.0,0.0,1.0,0.0,,,,,,0,,
2023-05-01,2023-5,0.0,0.0,0.0,0.0,0.0,0.0,20,3.0,0.15,0.0,0.0,0.0,20.0,0.0,0.0,1.0,0.0,,,,,,0,,
2023-06-01,2023-6,0.0,0.0,0.0,0.0,0.0,0.0,14,1.0,0.07142857142857142,0.0,0.0,0.0,14.0,0.0,0.0,1.0,0.0,,,,,,0,,
2023-07-01,2023-7,0.0,0.0,0.0,0.0,0.0,0.0,23,5.0,0.21739130434782608,0.0,0.0,0.0,23.0,0.0,0.0,1.0,0.0,,,,,,0,,
2023-08-01,2023-8,0.0,0.0,0.0,0.0,0.0,0.0,33,2.0,0.06060606060606061,0.0,0.0,0.0,33.0,0.0,0.0,1.0,0.0,,,,,,0,,
2023-09-01,2023-9,0.0,0.0,0.0,0.0,0.0,0.0,65,2.0,0.03076923076923077,0.0,0.0,0.0,65.0,0.0,0.0,1.0,0.0,,,,,,0,,
2023-10-01,2023-10,0.0,0.0,0.0,0.0,0.0,0.0,22,1.0,0.045454545454545456,0.0,0.0,0.0,22.0,0.0,0.0,1.0,0.0,,,,,,0,,
2023-11-01,2023-11,0.0,0.0,0.0,0.0,0.0,0.0,21,2.0,0.09523809523809523,0.0,0.0,0.0,21.0,0.0,0.0,1.0,0.0,,,,,,0,,
2023-12-01,2023-12,0.0,0.0,0.0,0.0,0.0,0.0,11,0.0,0.0,0.0,0.0,0.0,11.0,0.0,0.0,1.0,0.0,,,,,,0,,
2024-01-01,2024-1,0.0,0.0,0.0,0.0,0.0,0.0,43,10.0,0.23255813953488372,0.0,0.0,0.0,43.0,0.0,0.0,1.0,0.0,,,,,,0,,
2024-02-01,2024-2,0.0,0.0,0.0,0.0,0.0,0.0,54,2.0,0.037037037037037035,0.0,0.0,0.0,54.0,0.0,0.0,1.0,0.0,,,,,,0,,
2024-03-01,2024-3,0.0,0.0,0.0,0.0,0.0,0.0,48,3.0,0.0625,0.0,0.0,0.0,48.0,0.0,0.0,1.0,0.0,,,,,,0,,
2024-04-01,2024-4,0.0,0.0,0.0,61.0,5.0,0.08196721311475409,42,0.0,0.0,0.0,0.0,0.0,103.0,0.0,0.5922330097087378,0.4077669902912621,0.0,,,,,,0,,
2024-05-01,2024-5,0.0,0.0,0.0,159.0,7.0,0.0440251572327044,64,6.0,0.09375,0.0,0.0,0.0,223.0,0.0,0.7130044843049327,0.28699551569506726,0.0,,,,,,0,,
2024-06-01,2024-6,0.0,0.0,0.0,103.0,6.0,0.05825242718446602,60,4.0,0.06666666666666667,0.0,0.0,0.0,163.0,0.0,0.6319018404907976,0.36809815950920244,0.0,,,,,,0,,
2024-07-01,2024-7,0.0,0.0,0.0,125.0,8.0,0.064,70,2.0,0.02857142857142857,0.0,0.0,0.0,195.0,0.0,0.6410256410256411,0.358974358974359,0.0,,,,,,0,,
2024-08-01,2024-8,0.0,0.0,0.0,107.0,5.0,0.04672897196261682,41,1.0,0.024390243902439025,0.0,0.0,0.0,148.0,0.0,0.722972972972973,0.27702702702702703,0.0,,,,,,0,,
2024-09-01,2024-9,0.0,0.0,0.0,60.0,4.0,0.06666666666666667,35,1.0,0.02857142857142857,342.0,18.0,0.05263157894736842,437.0,0.0,0.13729977116704806,0.08009153318077804,0.782608695652174,,,,,,0,,
2024-10-01,2024-10,0.0,0.0,0.0,0.0,0.0,0.0,37,2.0,0.05405405405405406,673.0,40.0,0.05943536404160475,710.0,0.0,0.0,0.05211267605633803,0.9478873239436619,,,,,,0,,
2024-11-01,2024-11,26.0,0.0,0.0,0.0,0.0,0.0,26,1.0,0.038461538461538464,658.0,38.0,0.057750759878419454,710.0,0.036619718309859155,0.0,0.036619718309859155,0.9267605633802817,,,,,,0,,
2024-12-01,2024-12,654.0,0.0,0.0,0.0,0.0,0.0,37,2.0,0.05405405405405406,562.0,37.0,0.06583629893238434,1253.0,0.5219473264166001,0.0,0.029529130087789304,0.4485235434956105,,,,,,0,,
2025-01-01,2025-1,692.0,0.0,0.0,0.0,0.0,0.0,34,1.0,0.029411764705882353,644.0,42.0,0.06521739130434782,1370.0,0.5051094890510949,0.0,0.024817518248175182,0.47007299270072994,,,,,,0,,
2025-02-01,2025-2,708.0,0.0,0.0,0.0,0.0,0.0,80,5.0,0.0625,671.0,42.0,0.06259314456035768,1459.0,0.4852638793694311,0.0,0.05483207676490747,0.4599040438656614,,,,,,0,,
2025-03-01,2025-3,796.0,0.0,0.0,0.0,0.0,0.0,152,4.0,0.02631578947368421,784.0,61.0,0.0778061224489796,1732.0,0.45958429561200925,0.0,0.08775981524249422,0.45265588914549654,,,,,,0,,
2025-04-01,2025-4,962.0,0.0,0.0,0.0,0.0,0.0,304,32.0,0.10526315789473684,942.0,107.0,0.11358811040339703,2208.0,0.43568840579710144,0.0,0.13768115942028986,0.4266304347826087,,,,,,0,,
2025-05-01,2025-5,873.0,0.0,0.0,0.0,0.0,0.0,104,2.0,0.019230769230769232,731.0,66.0,0.09028727770177838,1708.0,0.5111241217798594,0.0,0.06088992974238876,0.42798594847775173,,,,,,0,,
2025-06-01,2025-6,693.0,0.0,0.0,0.0,0.0,0.0,56,6.0,0.10714285714285714,616.0,48.0,0.07792207792207792,1365.0,0.5076923076923077,0.0,0.041025641025641026,0.4512820512820513,,,,,,0,,
2025-07-01,2025-7,739.0,0.0,0.0,0.0,0.0,0.0,80,8.0,0.1,763.0,50.0,0.0655307994757536,1582.0,0.4671302149178255,0.0,0.05056890012642225,0.4823008849557522,,,,,,0,,
2025-08-01,2025-8,781.0,0.0,0.0,0.0,0.0,0.0,94,2.0,0.02127659574468085,728.0,79.0,0.10851648351648352,1603.0,0.487211478477854,0.0,0.058640049906425455,0.45414847161572053,,,,,,0,,
2025-09-01,2025-9,731.0,0.0,0.0,0.0,0.0,0.0,109,3.0,0.027522935779816515,745.0,57.0,0.07651006711409396,1585.0,0.461198738170347,0.0,0.06876971608832808,0.47003154574132494,,,,,,0,,
2025-10-01,2025-10,737.0,0.0,0.0,0.0,0.0,0.0,79,0.0,0.0,707.0,50.0,0.07072135785007072,1523.0,0.48391332895600786,0.0,0.051871306631648066,0.46421536441234407,,,,,,0,,
2025-11-01,2025-11,727.0,0.0,0.0,0.0,0.0,0.0,40,1.0,0.025,662.0,52.0,0.07854984894259819,1429.0,0.5087473757872638,0.0,0.02799160251924423,0.4632610216934919,,,,,,0,,
2025-12-01,2025-12,589.0,0.0,0.0,0.0,0.0,0.0,26,0.0,0.0,562.0,38.0,0.06761565836298933,1177.0,0.5004248088360238,0.0,0.022090059473237042,0.47748513169073914,,,,,,0,,
