date,ym,french_polynesia_tahiti_infos_body_count,french_polynesia_tahiti_infos_epu_count,french_polynesia_tahiti_infos_ratio,news_total,french_polynesia_tahiti_infos_weights,french_polynesia_tahiti_infos_z_score,z_score_unweighted,z_score_weighted,epu_weighted,epu_unweighted,epu_job
2015-01-01,2015-1,310,0.0,0.0,310,1.0,0.0,0.0,0.0,0.0,0.0,0.0
2015-02-01,2015-2,355,0.0,0.0,355,1.0,0.0,0.0,0.0,0.0,0.0,0.0
2015-03-01,2015-3,373,0.0,0.0,373,1.0,0.0,0.0,0.0,0.0,0.0,0.0
2015-04-01,2015-4,346,1.0,0.002890173410404624,346,1.0,1.8028208920728739,1.8028208920728739,1.8028208920728739,281.01198263790224,281.01198263790224,281.01198263790224
2015-05-01,2015-5,294,1.0,0.003401360544217687,294,1.0,2.1216871723034503,2.1216871723034503,2.1216871723034503,330.7147822881435,330.7147822881435,330.7147822881435
2015-06-01,2015-6,333,0.0,0.0,333,1.0,0.0,0.0,0.0,0.0,0.0,0.0
2015-07-01,2015-7,382,0.0,0.0,382,1.0,0.0,0.0,0.0,0.0,0.0,0.0
2015-08-01,2015-8,377,0.0,0.0,377,1.0,0.0,0.0,0.0,0.0,0.0,0.0
2015-09-01,2015-9,395,0.0,0.0,395,1.0,0.0,0.0,0.0,0.0,0.0,0.0
2015-10-01,2015-10,399,0.0,0.0,399,1.0,0.0,0.0,0.0,0.0,0.0,0.0
2015-11-01,2015-11,380,2.0,0.005263157894736842,380,1.0,3.283031729774813,3.283031729774813,3.283031729774813,511.73761048796945,511.73761048796945,511.73761048796945
2015-12-01,2015-12,413,0.0,0.0,413,1.0,0.0,0.0,0.0,0.0,0.0,0.0
2016-01-01,2016-1,387,0.0,0.0,387,1.0,0.0,0.0,0.0,0.0,0.0,0.0
2016-02-01,2016-2,420,0.0,0.0,420,1.0,0.0,0.0,0.0,0.0,0.0,0.0
2016-03-01,2016-3,403,0.0,0.0,403,1.0,0.0,0.0,0.0,0.0,0.0,0.0
2016-04-01,2016-4,393,0.0,0.0,393,1.0,0.0,0.0,0.0,0.0,0.0,0.0
2016-05-01,2016-5,344,1.0,0.0029069767441860465,344,1.0,1.8133024088872511,1.8133024088872511,1.8133024088872511,282.64577323463425,282.64577323463425,282.64577323463425
2016-06-01,2016-6,404,1.0,0.0024752475247524753,404,1.0,1.5440000709336992,1.5440000709336992,1.5440000709336992,240.66867819978762,240.66867819978762,240.66867819978762
2016-07-01,2016-7,336,0.0,0.0,336,1.0,0.0,0.0,0.0,0.0,0.0,0.0
2016-08-01,2016-8,345,0.0,0.0,345,1.0,0.0,0.0,0.0,0.0,0.0,0.0
2016-09-01,2016-9,380,1.0,0.002631578947368421,380,1.0,1.6415158648874064,1.6415158648874064,1.6415158648874064,255.86880524398472,255.86880524398472,255.86880524398472
2016-10-01,2016-10,386,1.0,0.0025906735751295338,386,1.0,1.6160000742414882,1.6160000742414882,1.6160000742414882,251.89156992931137,251.89156992931137,251.89156992931137
2016-11-01,2016-11,361,0.0,0.0,361,1.0,0.0,0.0,0.0,0.0,0.0,0.0
2016-12-01,2016-12,346,1.0,0.002890173410404624,346,1.0,1.8028208920728739,1.8028208920728739,1.8028208920728739,281.01198263790224,281.01198263790224,281.01198263790224
2017-01-01,2017-1,350,0.0,0.0,350,1.0,0.0,0.0,0.0,0.0,0.0,0.0
2017-02-01,2017-2,386,0.0,0.0,386,1.0,0.0,0.0,0.0,0.0,0.0,0.0
2017-03-01,2017-3,427,2.0,0.00468384074941452,427,1.0,2.92166758153262,2.92166758153262,2.92166758153262,455.4105198721976,455.4105198721976,455.4105198721976
2017-04-01,2017-4,307,1.0,0.003257328990228013,307,1.0,2.0318437415544444,2.0318437415544444,2.0318437415544444,316.71057326617,316.71057326617,316.71057326617
2017-05-01,2017-5,356,1.0,0.0028089887640449437,356,1.0,1.752179855778692,1.752179855778692,1.752179855778692,273.11838761998365,273.11838761998365,273.11838761998365
2017-06-01,2017-6,320,0.0,0.0,320,1.0,0.0,0.0,0.0,0.0,0.0,0.0
2017-07-01,2017-7,286,1.0,0.0034965034965034965,286,1.0,2.1810350652350157,2.1810350652350157,2.1810350652350157,339.96554542907063,339.96554542907063,339.96554542907063
2017-08-01,2017-8,322,0.0,0.0,322,1.0,0.0,0.0,0.0,0.0,0.0,0.0
2017-09-01,2017-9,307,0.0,0.0,307,1.0,0.0,0.0,0.0,0.0,0.0,0.0
2017-10-01,2017-10,322,0.0,0.0,322,1.0,0.0,0.0,0.0,0.0,0.0,0.0
2017-11-01,2017-11,304,0.0,0.0,304,1.0,0.0,0.0,0.0,0.0,0.0,0.0
2017-12-01,2017-12,300,0.0,0.0,300,1.0,0.0,0.0,0.0,0.0,0.0,0.0
2018-01-01,2018-1,311,1.0,0.003215434083601286,311,1.0,2.00571070307786,2.00571070307786,2.00571070307786,312.6371253785023,312.6371253785023,312.6371253785023
2018-02-01,2018-2,313,0.0,0.0,313,1.0,0.0,0.0,0.0,0.0,0.0,0.0
2018-03-01,2018-3,318,1.0,0.0031446540880503146,318,1.0,1.9615598385446995,1.9615598385446995,1.9615598385446995,305.7551760777176,305.7551760777176,305.7551760777176
2018-04-01,2018-4,251,0.0,0.0,251,1.0,0.0,0.0,0.0,0.0,0.0,0.0
2018-05-01,2018-5,271,0.0,0.0,271,1.0,0.0,0.0,0.0,0.0,0.0,0.0
2018-06-01,2018-6,304,0.0,0.0,304,1.0,0.0,0.0,0.0,0.0,0.0,0.0
2018-07-01,2018-7,350,0.0,0.0,350,1.0,0.0,0.0,0.0,0.0,0.0,0.0
2018-08-01,2018-8,279,0.0,0.0,279,1.0,0.0,0.0,0.0,0.0,0.0,0.0
2018-09-01,2018-9,312,1.0,0.003205128205128205,312,1.0,1.9992821431320975,1.9992821431320975,1.9992821431320975,311.6350833099814,311.6350833099814,311.6350833099814
2018-10-01,2018-10,370,0.0,0.0,370,1.0,0.0,0.0,0.0,0.0,0.0,0.0
2018-11-01,2018-11,315,0.0,0.0,315,1.0,0.0,0.0,0.0,0.0,0.0,0.0
2018-12-01,2018-12,256,0.0,0.0,256,1.0,0.0,0.0,0.0,0.0,0.0,0.0
2019-01-01,2019-1,259,0.0,0.0,259,1.0,0.0,0.0,0.0,0.0,0.0,0.0
2019-02-01,2019-2,291,1.0,0.003436426116838488,291,1.0,2.143560235935445,2.143560235935445,2.143560235935445,334.12421303338215,334.12421303338215,334.12421303338215
2019-03-01,2019-3,311,0.0,0.0,311,1.0,0.0,0.0,0.0,0.0,0.0,0.0
2019-04-01,2019-4,272,0.0,0.0,272,1.0,0.0,0.0,0.0,0.0,0.0,0.0
2019-05-01,2019-5,305,0.0,0.0,305,1.0,0.0,0.0,0.0,0.0,0.0,0.0
2019-06-01,2019-6,282,0.0,0.0,282,1.0,0.0,0.0,0.0,0.0,0.0,0.0
2019-07-01,2019-7,314,0.0,0.0,314,1.0,0.0,0.0,0.0,0.0,0.0,0.0
2019-08-01,2019-8,258,0.0,0.0,258,1.0,0.0,0.0,0.0,0.0,0.0,0.0
2019-09-01,2019-9,254,1.0,0.003937007874015748,254,1.0,2.455811136445726,2.455811136445726,2.455811136445726,382.7958503650165,382.7958503650165,382.7958503650165
2019-10-01,2019-10,270,0.0,0.0,270,1.0,0.0,0.0,0.0,0.0,0.0,0.0
2019-11-01,2019-11,242,0.0,0.0,242,1.0,0.0,0.0,0.0,0.0,0.0,0.0
2019-12-01,2019-12,226,0.0,0.0,226,1.0,0.0,0.0,0.0,0.0,0.0,0.0
2020-01-01,2020-1,225,0.0,0.0,225,1.0,0.0,0.0,0.0,0.0,0.0,0.0
2020-02-01,2020-2,249,1.0,0.004016064257028112,249,1.0,2.505124613081182,2.505124613081182,2.505124613081182,390.48251402696457,390.48251402696457,390.48251402696457
2020-03-01,2020-3,298,1.0,0.003355704697986577,298,1.0,2.0932081498564243,2.0932081498564243,2.0932081498564243,326.2756576936718,326.2756576936718,326.2756576936718
2020-04-01,2020-4,260,0.0,0.0,260,1.0,0.0,0.0,0.0,0.0,0.0,0.0
2020-05-01,2020-5,282,1.0,0.0035460992907801418,282,1.0,2.2119717328270014,2.2119717328270014,2.2119717328270014,344.78775174721346,344.78775174721346,344.78775174721346
2020-06-01,2020-6,283,0.0,0.0,283,1.0,0.0,0.0,0.0,0.0,0.0,0.0
2020-07-01,2020-7,307,0.0,0.0,307,1.0,0.0,0.0,0.0,0.0,0.0,0.0
2020-08-01,2020-8,279,0.0,0.0,279,1.0,0.0,0.0,0.0,0.0,0.0,0.0
2020-09-01,2020-9,320,1.0,0.003125,320,1.0,1.949300089553795,1.949300089553795,1.949300089553795,303.84420622723184,303.84420622723184,303.84420622723184
2020-10-01,2020-10,279,0.0,0.0,279,1.0,0.0,0.0,0.0,0.0,0.0,0.0
2020-11-01,2020-11,265,1.0,0.0037735849056603774,265,1.0,2.3538718062536392,2.3538718062536392,2.3538718062536392,366.9062112932611,366.9062112932611,366.9062112932611
2020-12-01,2020-12,303,0.0,0.0,303,1.0,0.0,0.0,0.0,0.0,0.0,0.0
2021-01-01,2021-1,269,0.0,0.0,269,1.0,0.0,0.0,0.0,0.0,0.0,0.0
2021-02-01,2021-2,294,0.0,0.0,294,1.0,0.0,0.0,0.0,0.0,0.0,0.0
2021-03-01,2021-3,366,0.0,0.0,366,1.0,0.0,0.0,0.0,0.0,0.0,0.0
2021-04-01,2021-4,283,0.0,0.0,283,1.0,0.0,0.0,0.0,0.0,0.0,0.0
2021-05-01,2021-5,304,1.0,0.003289473684210526,304,1.0,2.0518948311092577,2.0518948311092577,2.0518948311092577,319.8360065549809,319.8360065549809,319.8360065549809
2021-06-01,2021-6,287,0.0,0.0,287,1.0,0.0,0.0,0.0,0.0,0.0,0.0
2021-07-01,2021-7,262,0.0,0.0,262,1.0,0.0,0.0,0.0,0.0,0.0,0.0
2021-08-01,2021-8,299,0.0,0.0,299,1.0,0.0,0.0,0.0,0.0,0.0,0.0
2021-09-01,2021-9,278,1.0,0.0035971223021582736,278,1.0,2.243798664234584,2.243798664234584,2.243798664234584,349.74872659249706,349.74872659249706,349.74872659249706
2021-10-01,2021-10,282,0.0,0.0,282,1.0,0.0,0.0,0.0,0.0,0.0,0.0
2021-11-01,2021-11,272,0.0,0.0,272,1.0,0.0,0.0,0.0,0.0,0.0,0.0
2021-12-01,2021-12,249,0.0,0.0,249,1.0,0.0,0.0,0.0,0.0,0.0,0.0
2022-01-01,2022-1,253,0.0,0.0,253,1.0,0.0,0.0,0.0,0.0,0.0,0.0
2022-02-01,2022-2,230,1.0,0.004347826086956522,230,1.0,2.712069689813976,2.712069689813976,2.712069689813976,422.7397651857139,422.7397651857139,422.7397651857139
2022-03-01,2022-3,307,0.0,0.0,307,1.0,0.0,0.0,0.0,0.0,0.0,0.0
2022-04-01,2022-4,273,0.0,0.0,273,1.0,0.0,0.0,0.0,0.0,0.0,0.0
2022-05-01,2022-5,287,0.0,0.0,287,1.0,0.0,0.0,0.0,0.0,0.0,0.0
2022-06-01,2022-6,337,0.0,0.0,337,1.0,0.0,0.0,0.0,0.0,0.0,0.0
2022-07-01,2022-7,219,0.0,0.0,219,1.0,0.0,0.0,0.0,0.0,0.0,0.0
2022-08-01,2022-8,253,2.0,0.007905138339920948,253,1.0,4.931035799661774,4.931035799661774,4.931035799661774,768.617754883116,768.617754883116,768.617754883116
2022-09-01,2022-9,244,0.0,0.0,244,1.0,0.0,0.0,0.0,0.0,0.0,0.0
2022-10-01,2022-10,225,0.0,0.0,225,1.0,0.0,0.0,0.0,0.0,0.0,0.0
2022-11-01,2022-11,267,0.0,0.0,267,1.0,0.0,0.0,0.0,0.0,0.0,0.0
2022-12-01,2022-12,268,0.0,0.0,268,1.0,0.0,0.0,0.0,0.0,0.0,0.0
2023-01-01,2023-1,232,0.0,0.0,232,1.0,0.0,0.0,0.0,0.0,0.0,0.0
2023-02-01,2023-2,237,0.0,0.0,237,1.0,0.0,0.0,0.0,0.0,0.0,0.0
2023-03-01,2023-3,244,0.0,0.0,244,1.0,0.0,0.0,0.0,0.0,0.0,0.0
2023-04-01,2023-4,211,0.0,0.0,211,1.0,0.0,0.0,0.0,0.0,0.0,0.0
2023-05-01,2023-5,174,1.0,0.005747126436781609,174,1.0,3.5849197049265196,3.5849197049265196,3.5849197049265196,558.7939424868631,558.7939424868631,558.7939424868631
2023-06-01,2023-6,189,0.0,0.0,189,1.0,0.0,0.0,0.0,0.0,0.0,0.0
2023-07-01,2023-7,191,0.0,0.0,191,1.0,0.0,0.0,0.0,0.0,0.0,0.0
2023-08-01,2023-8,187,0.0,0.0,187,1.0,0.0,0.0,0.0,0.0,0.0,0.0
2023-09-01,2023-9,181,0.0,0.0,181,1.0,0.0,0.0,0.0,0.0,0.0,0.0
2023-10-01,2023-10,209,0.0,0.0,209,1.0,0.0,0.0,0.0,0.0,0.0,0.0
2023-11-01,2023-11,224,0.0,0.0,224,1.0,0.0,0.0,0.0,0.0,0.0,0.0
2023-12-01,2023-12,167,0.0,0.0,167,1.0,0.0,0.0,0.0,0.0,0.0,0.0
2024-01-01,2024-1,219,0.0,0.0,219,1.0,0.0,0.0,0.0,0.0,0.0,0.0
2024-02-01,2024-2,177,1.0,0.005649717514124294,177,1.0,3.5241583539955617,3.5241583539955617,3.5241583539955617,549.3228587158994,549.3228587158994,549.3228587158994
2024-03-01,2024-3,172,0.0,0.0,172,1.0,0.0,0.0,0.0,0.0,0.0,0.0
2024-04-01,2024-4,220,0.0,0.0,220,1.0,0.0,0.0,0.0,0.0,0.0,0.0
2024-05-01,2024-5,192,1.0,0.005208333333333333,192,1.0,3.2488334825896583,3.2488334825896583,3.2488334825896583,506.40701037871975,506.40701037871975,506.40701037871975
2024-06-01,2024-6,197,0.0,0.0,197,1.0,0.0,0.0,0.0,0.0,0.0,0.0
2024-07-01,2024-7,205,0.0,0.0,205,1.0,0.0,0.0,0.0,0.0,0.0,0.0
2024-08-01,2024-8,196,1.0,0.00510204081632653,196,1.0,3.1825307584551754,3.1825307584551754,3.1825307584551754,496.0721734322152,496.0721734322152,496.0721734322152
2024-09-01,2024-9,202,0.0,0.0,202,1.0,0.0,0.0,0.0,0.0,0.0,0.0
2024-10-01,2024-10,254,0.0,0.0,254,1.0,0.0,0.0,0.0,0.0,0.0,0.0
2024-11-01,2024-11,202,0.0,0.0,202,1.0,0.0,0.0,0.0,0.0,0.0,0.0
2024-12-01,2024-12,189,0.0,0.0,189,1.0,0.0,0.0,0.0,0.0,0.0,0.0
2025-01-01,2025-1,181,0.0,0.0,181,1.0,0.0,0.0,0.0,0.0,0.0,0.0
2025-02-01,2025-2,196,0.0,0.0,196,1.0,0.0,0.0,0.0,0.0,0.0,0.0
2025-03-01,2025-3,238,1.0,0.004201680672268907,238,1.0,2.620907683433674,2.620907683433674,2.620907683433674,408.5300251794714,408.5300251794714,408.5300251794714
2025-04-01,2025-4,202,1.0,0.0049504950495049506,202,1.0,3.0880001418673984,3.0880001418673984,3.0880001418673984,481.33735639957524,481.33735639957524,481.33735639957524
2025-05-01,2025-5,176,0.0,0.0,176,1.0,0.0,0.0,0.0,0.0,0.0,0.0
2025-06-01,2025-6,186,0.0,0.0,186,1.0,0.0,0.0,0.0,0.0,0.0,0.0
2025-07-01,2025-7,234,0.0,0.0,234,1.0,0.0,0.0,0.0,0.0,0.0,0.0
2025-08-01,2025-8,213,0.0,0.0,213,1.0,0.0,0.0,0.0,0.0,0.0,0.0
2025-09-01,2025-9,235,0.0,0.0,235,1.0,0.0,0.0,0.0,0.0,0.0,0.0
2025-10-01,2025-10,288,1.0,0.003472222222222222,288,1.0,2.1658889883931054,2.1658889883931054,2.1658889883931054,337.60467358581315,337.60467358581315,337.60467358581315
2025-11-01,2025-11,197,1.0,0.005076142131979695,197,1.0,3.16637577998586,3.16637577998586,3.16637577998586,493.5540405721532,493.5540405721532,493.5540405721532
2025-12-01,2025-12,184,0.0,0.0,184,1.0,0.0,0.0,0.0,0.0,0.0,0.0
