100005	花・ガーデン・DIY
100012	ガーデニング・農業
100026	パソコン・周辺機器
100040	ノートPC
100061	モデム・ターミナルアダプタ
100081	グラフィックボード
100083	デジタルカメラ
100087	PCパーツ
100094	PCアクセサリー
100103	PCソフト
100122	アニメ
100133	記録用メディア
100141	テレビ用アクセサリー
100155	オーディオ
100183	エアコン
100188	ストーブ・ヒーター
100191	美容・健康家電
100212	カメラ・ビデオカメラ・光学機器
100218	カメラ・ビデオカメラ・光学機器用アクセサリー
100227	食品
100228	精肉・肉加工品
100232	その他肉類
100235	その他
100236	魚介類・水産加工品
100242	その他
100246	フルーツ・果物
100248	その他
100250	漬物・梅干し・キムチ
100253	ピクルス
100256	麺類
100262	チーズ・乳製品
100265	牛乳
100268	惣菜
100269	和風惣菜
100275	洋風惣菜
100278	中華惣菜・点心
100279	フカヒレ
100283	洋菓子
100289	その他
100292	その他
100293	パン・ジャム・シリアル
100300	調味料
100307	マヨネーズ
100308	ケチャップ
100316	水・ソフトドリンク
100317	ワイン
100324	ビール・発泡酒
100330	ウイスキー
100334	その他
100336	カクテル
100337	日本酒
100356	コーヒー
100371	レディースファッション
100372	スーツ・セットアップ
100428	和服
100433	インナー・下着・ナイトウェア
100434	インナー・下着
100442	インナー・下着・ランジェリー
100467	眼鏡・サングラス
100472	メンズバッグ
100480	レディース靴
100484	その他
100486	レディースジュエリー・アクセサリー
100487	指輪・リング
100500	ネックレスチェーン
100532	その他
100533	キッズ・ベビー・マタニティ
100554	生活雑貨
100558	テニス
100629	水まわり用品
100636	キッチンマット
100644	キッチン家電
100645	洗濯用品
100646	洗濯バサミ
100650	バスマット
100656	掃除用品
100658	バケツ
100663	ブラシ・くし
100664	タオル
100668	ティッシュ・トイレットペーパー
100672	袋
100677	マット
100679	収納用品
100683	旅行用品
100696	その他
100708	茶托
100762	保存容器・調味料入れ
100766	パスタボトル
100769	ピッチャー・水差し
100788	調理器具
100795	栓抜き・オープナー
100804	インテリア・寝具・収納
100805	ライト・照明器具
100815	掛軸
100816	屏風
100817	のれん
100818	畳
100822	仏壇・仏具・神具
100823	ベッド
100851	ワインラック
100857	置き時計・掛け時計
100861	砂時計
100863	インテリア小物・置物
100872	手芸・クラフト・生地
100878	アロマ・お香
100880	エクステリア・ガーデンファニチャー
100881	石材
100885	テラス
100890	DIY・工具
100893	木材・建築資材・設備
100896	木材
100901	文房具・事務用品
100926	筆記具
100933	オフィス家具
100938	ダイエット・健康
100939	美容・コスメ・香水
100940	ヘアケア・スタイリング
100944	スキンケア
100960	ボディケア
100962	石けん・ボディソープ
100963	ボディオイル
100972	その他
100974	洗顔グッズ
100976	ボトル・ケース・携帯小物
100979	あぶらとり紙
100984	ダイエット
100987	健康食品
101035	リラックス・マッサージ用品
101036	安眠グッズ
101046	心拍計
101048	治療機器
101050	低周波治療器
101051	赤外線治療器
101057	その他
101058	介護用品
101070	スポーツ・アウトドア
101077	ゴルフ
101078	メンズクラブ
101082	シューズ用アクセサリー
101084	その他
101086	スキー用品
101094	スノーボード用品
101100	マリンスポーツ
101113	その他
101114	車・バイク
101115	自動車車体（新車・中古車）
101126	車用品
101157	自転車・サイクリング
101164	ホビー
101165	コレクション
101168	喫煙具
101171	灰皿
101172	シガレットケース
101173	パイプ・煙管
101186	イヤープレート
101191	その他
101195	ウォーゲーム
101197	その他
101200	その他
101201	三輪車
101205	テレビゲーム
101213	ペット・ペットグッズ
101217	その他
101218	その他
101219	その他
101222	アート・美術品・骨董品・民芸品
101223	絵画
101229	工芸品・民芸品
101234	骨董品・アンティーク
101237	ステンドグラス
101240	CD・DVD
101311	CD
101327	ビデオ
101328	洋画
101343	邦画
101347	アニメ
101354	DVD
101355	洋画
101370	邦画
101374	アニメ
101438	サービス・リフォーム
101439	金融・保険
101440	生命保険
101441	損害保険
101442	銀行
101445	通信講座・通学講座・教材
101451	ネットワーク機器
101453	その他
101535	セット・詰め合わせ
101737	その他
101738	その他
101739	その他
101748	その他
101751	その他
101752	その他
101753	その他
101758	その他住宅設備家電
101762	その他
101765	その他美容・健康家電
101766	その他キッチン家電
101767	その他
101769	その他
101771	その他
101773	その他
101774	その他
101775	その他
101784	その他
101785	その他
101786	その他
101795	その他
101799	その他
101801	その他
101807	カーディガン
101817	その他
101821	その他
101824	その他
101828	その他
101830	その他
101833	その他
101834	その他
101836	その他
101837	その他
101838	その他
101839	その他
101841	その他
101846	その他
101848	その他
101855	その他
101856	その他
101859	その他
101860	その他
101862	その他
101867	その他
101868	その他
101869	その他
101870	その他
101871	その他
101872	その他
101876	その他
101877	その他
101878	その他
101882	その他
101885	その他
101886	その他
101888	その他
101891	その他
101892	その他
101893	その他
101899	その他
101903	その他
101904	その他
101909	その他
101914	その他
101915	その他
101916	その他
101917	その他
101946	その他
101950	その他
101963	その他
101964	その他
101965	その他
101975	アウトドア
101991	その他
110001	花束・切花
110013	ガーデニング機器
110080	プリンタ
110093	インクジェットプリンタ
110105	ディスプレイ
110230	ビデオデッキ
110238	ビデオカメラ
110247	録画・録音用メディア
110335	カメラ用交換レンズ
110365	ストラップ・マスコット
110395	その他水産物
110403	ブリ
110404	サンマ
110406	貝類
110411	カニ
110420	海藻類
110428	牛肉
110457	セット・詰め合わせ
110463	漬物
110472	米・雑穀
110475	餅
110487	ラーメン
110494	パスタ
110502	チーズ
110552	その他
110609	リキュール
110612	その他
110619	スコッチ・ウイスキー
110626	ビール
110632	発泡酒
110662	焼酎
110666	そば焼酎
110692	野菜・果実飲料
110718	メンズスカーフ
110724	パンツスーツ
110729	ワンピース
110734	スカート
110746	帽子用アクセサリー
110753	その他
110765	トップス
110811	和服
110824	着物セット
110831	和装小物
110894	サングラス
110933	レディースバッグ
110974	男女兼用バッグ
110983	メンズ靴
111029	ネックレス・ペンダント
111048	イヤリング
111061	ピアス
111078	キッズファッション
111102	ベビーファッション
111103	ファッション雑貨・小物
111116	マタニティ・ママ用品
111120	香水・フレグランス
111142	手帳・ノート・紙製品
111150	ファイル・バインダー
111173	印鑑・ハンコ
111177	スタンプ
111178	朱肉・スタンプ台
111179	印鑑ケース
111210	アロマポット
111215	手動工具
111346	テーブル
111355	カーペット・マット・畳
111363	イス・チェア
111377	フォトフレーム
111384	置物
111388	花瓶
111469	トイレ用品
111475	バス用品
111477	洗面器・風呂桶
111519	防災関連グッズ
111523	防災セット・非常用持ちだし袋
111524	防犯関連グッズ
111541	スタイリング剤
111787	メイク道具・ケアグッズ
111788	ブラシ・チップ
111797	コットン
111903	ダイエットフード
111961	フィッシング
111981	ラウンド用品・小物
111986	その他
112001	その他
112033	その他
112104	ドッグフード・サプリメント
112108	その他
112115	キャットフード・サプリメント
112132	占い・開運・風水・パワーストーン
112134	開運インテリア
112203	フィギュア
112210	ライター
112241	その他
112243	プレイステーション2
112257	プレイステーション
112271	ドリームキャスト
112285	セガサターン
112289	NINTENDO 64
112303	ゲームボーイ
112317	スーパーファミコン
112319	周辺機器
112493	楽器・音響機器
112499	ベース
112504	その他
112506	その他
112611	その他
112640	その他
112668	その他
112671	その他
112683	その他
112704	その他
112709	その他
112710	その他
112719	その他
112726	その他
112747	その他
112758	その他
112759	その他
112771	その他
112774	その他
112775	その他
112779	その他
112786	その他
112812	その他
112814	その他
112816	その他
112831	その他
112843	その他
112844	その他
112849	その他
112859	その他
112905	その他
112908	その他
112913	その他
112914	その他
112919	その他
112928	その他
112933	その他
112935	その他
112937	その他
112938	その他
112960	その他
112998	その他
113066	ブレスレット
113074	ブローチ
113084	花・観葉植物
200052	冠婚葬祭サービス
200053	その他
200055	通学講座・スクール
200058	その他
200061	スケートボード・インラインスケート
200066	その他
200067	ウィンタースポーツ
200104	各種和菓子セット
200112	その他
200118	その他
200119	クッション・座布団
200147	ポータブルオーディオプレーヤー
200149	コンポ用拡張ユニット
200150	セットコンポ
200157	その他
200160	その他
200164	ミックスセット
200166	収納家具
200167	デスク
200168	野球・ソフトボール
200169	サッカー・フットサル
200170	フィットネス・トレーニング
200180	その他
200191	その他
200192	ゲームキューブ
200193	Xbox
200225	光ディスクレコーダー・プレーヤー
200284	カーナビ・カーエレクトロニクス
200285	アクセサリー
200286	タイヤ・ホイール
200287	オイル・添加剤
200304	バイク車体（新車・中古車）
200305	バイク用品
200306	メンテナンス用品
200307	バイクウェア・プロテクター
200320	その他
200322	バッテリー
200333	その他
200341	その他
200404	ムース・ババロア
200432	化石
200433	その他
200434	その他
200435	その他
200436	その他
200437	その他
200441	クラブ用パーツ
200531	レコード
200532	LD
200533	邦楽
200534	洋楽
200535	インストゥルメンタル
200551	クラシック
200552	アニメ・ゲーム
200553	その他
200556	洋画
200557	邦画
200558	スポーツ
200559	アニメ
200560	ミュージック
200561	趣味・実用・教養
200562	その他
200589	ファミコン
200592	ゲームボーイアドバンス
200594	アーケードゲーム
200601	周辺機器
200613	周辺機器
200623	スポーツ
200624	ミュージック
200625	趣味・実用・教養
200626	アイドル
200667	TVドラマ
200686	特撮ヒーロー
200705	お笑い・バラエティー
200706	TVドキュメンタリー
200723	インゴット
200726	アイドル
200798	ニット・セーター
200805	その他
200806	その他
200807	インナー・下着
200810	その他
200811	靴
200812	ブーティー
200813	靴下
200814	タイツ
200815	おふろ・バス用品
200817	おむつカバー
200818	ベビーバス
200819	おまる
200820	補助便座
200821	その他
200822	ベビー用寝具・ベッド
200823	ベビーふとんセット
200825	ベビーラック・ハイローベッド
200826	その他
200827	授乳用品・ベビー用食事用品
200832	その他
200833	ベビーカー
200839	ベビー用セーフティグッズ
200840	ベビーサークル・プレイヤード
200841	ベビーゲート
200842	その他
200846	その他
200847	ヘアゴム
200848	その他
200850	インナー・下着
200851	その他
200852	靴
200854	バッグ・ランドセル
200857	その他
200859	マタニティウェア・授乳服
200872	インナー・下着
200878	ストッキング・タイツ
200904	エビ
200911	練り物
200912	さつまあげ
200913	はんぺん
200914	笹かまぼこ
200915	かまぼこ
200916	セット・詰め合わせ
200929	豚肉
200942	鶏肉
200952	七面鳥
200954	猪肉
200955	鹿肉
200974	ドリアン
200976	キウイフルーツ
200977	プラム
200978	あんず
200980	ブルーベリー
200982	パパイヤ
200984	レモン
200985	ドラゴンフルーツ
200988	すだち
200989	ミラクルフルーツ
200990	野菜・きのこ
200991	たまねぎ
200992	ナス
200996	きのこ
201008	ねぎ
201010	かぼちゃ
201013	セット・詰め合わせ
201014	その他
201018	豆腐・納豆・こんにゃく
201021	その他
201029	惣菜
201050	キムチ
201085	卵
201086	鶏卵
201087	うずら卵
201088	烏骨鶏卵
201089	ピータン
201090	セット・詰め合わせ
201091	燻製卵・くんたま
201092	温泉たまご
201093	うどん
201099	そば
201114	パウンドケーキ
201116	ミルクレープ
201117	バウムクーヘン
201118	シュトーレン
201119	アイスケーキ
201120	ブランデー・ワインケーキ
201121	モンブラン
201123	クッキー
201136	チョコレート
201137	製菓用チョコレート
201146	ボンボンショコラ
201150	アイスクリーム・シャーベット
201153	クッキー・焼き菓子
201154	マドレーヌ
201155	フィナンシェ
201156	ダックワーズ
201158	スイートポテト
201159	マカロン
201160	ワッフル
201161	その他
201168	栗きんとん
201170	あんみつ
201172	ところてん
201173	甘納豆
201174	甘露煮
201175	おはぎ
201176	サーターアンダギー
201177	八つ橋
201178	生菓子
201179	中華菓子
201180	杏仁豆腐
201181	中華まんじゅう
201182	月餅
201183	各種中華菓子セット
201184	白米
201196	麦
201199	雑穀・雑穀米
201205	発芽玄米
201207	もち米
201209	セット・詰め合わせ
201213	みそ
201221	しょうゆ
201227	しお
201233	砂糖・甘味料
201242	酢
201251	油
201261	ドレッシング
201268	スパイス
201281	きな粉
201282	天ぷら粉
201283	ゼラチン
201284	ベーキングパウダー
201287	めんつゆ
201289	セット・詰め合わせ
201334	その他
201337	ブランデー
201344	中国酒
201346	白酒
201350	桂花陳酒
201351	水・炭酸水
201393	お酢飲料
201402	コーヒー豆
201452	その他
201453	メイクボックス
201454	ネイル
201460	その他
201461	その他
201467	にがり
201485	ビタミン
201514	昆布茶
201525	避妊具
201528	その他
201529	磁気治療器
201530	塩分計
201531	尿糖計
201533	移動・歩行支援用品
201536	失禁用品・排泄介助用品
201541	医薬品・医薬部外品
201564	ブルーレイ・DVDプレーヤー
201578	マッサージ機器
201588	販促品
201591	ベビー向けおもちゃ
201592	おしゃぶり・歯がため
201593	おふろのおもちゃ
201594	ベッドメリー・モビール
201595	がらがら・ラトル
201596	ベビージム
201597	手押し車・カタカタ
201598	その他
201600	その他
201601	その他
201603	知育玩具・学習玩具
201604	英語
201605	かず・計算
201606	知育パズル
201608	文字・ことば
201609	リズム・音楽
201610	その他
201612	その他
201614	着せ替え人形
201632	ぬいぐるみ
201652	日本人形・フランス人形
201654	その他
201662	トイレ用品
201667	ケージ
201669	トイレ用品
201672	マウンテンバイク
201683	折りたたみ自転車
201689	シティサイクル
201695	自転車用アクセサリー
201764	メンズウェア
201775	バッグ・ケース
201779	コンペ用品
201780	グローブ・ミット
201789	ボール
201794	ウェア
201802	メンズウェア
201834	サーフィン・ボディボード
201837	ダイビング・シュノーケリング
201851	カヌー・カヤック
201861	スキー・スノーボード用アクセサリー
201865	スポーツ器具
201869	ウェア
201874	テント・タープ
201877	バーベキュー・クッキング用品
201883	チェア・テーブル・レジャーシート
201887	アウトドア用寝具
201890	登山・クライミング
201894	ライト・ランタン
201916	ルアー・フライ
201919	ウェア・アクセサリー
201922	バッグ・バケツ・収納
201937	水泳
201938	競技水着
201944	その他
201945	総合格闘技
201950	バドミントン
201954	その他
201955	卓球
201957	ボール
201958	その他
201959	バスケットボール
201962	その他
201963	バレーボール
201967	その他
201969	その他
201970	その他
202010	トヨタ
202080	日産
202134	ホンダ
202178	マツダ
202210	三菱
202240	スバル
202254	ダイハツ
202271	いすゞ
202280	スズキ
202299	BMW
202312	アウディ
202323	アルファロメオ
202335	オペル
202344	クライスラー
202351	サーブ
202357	シボレー
202368	ジャガー
202381	フィアット
202388	フォード
202399	フォルクスワーゲン
202411	プジョー
202420	メルセデス・ベンツ
202439	ポルシェ
202446	ボルボ
202462	ランドローバー
202469	ローバー
202502	フラワーアレンジメント
202507	鉢花
202513	観葉植物
202528	植木
202532	園芸薬剤・植物活性剤
202535	フラワースタンド・園芸ラック
202540	農業資材
202559	業務用品・店舗用品
202560	家事代行
202562	訪問介護
202563	看板
202564	印刷
202570	オークション代行
202578	モーガン
202580	ルノー
202581	ロータス
202603	キャンピングカー
202618	キャンピングトレーラー
202677	水キムチ
202952	ホームプロジェクター
202996	オルガン
203006	尺八
203018	ピアノ・キーボード
203019	和楽器
203020	弦楽器
203021	カーディガン・ボレロ
203024	子供部屋用インテリア・寝具・収納
203028	カーディガン・ボレロ
203033	バスチェア
203034	クーハン
203035	チェスト・タンス
203036	ベビーふとんカバー・シーツ
203037	ベビー毛布
203038	スリーパー
203048	その他
203051	その他
203052	その他
203054	教材
203056	自動車用チャイルドシート（本体）
203069	玄関収納
203107	熱帯魚・アクアリウム
203109	その他
203216	盗難防止・セキュリティ
203220	ヘルメット
203223	製菓・製パン材料
203226	ゼリー
203229	その他
203236	せんべい
203245	まんじゅう
203251	ようかん
203255	ぜんざい
203260	健康アクセサリー
204012	産後リフォーム用品
204016	妊娠線ケアクリーム
204017	母子手帳ケース
204019	円座クッション・ボディピロー
204024	布絵本
204149	裁縫材料
204167	電動工具本体
204183	鳥用品
204184	エサ
204185	かご
204187	その他
204197	HDDレコーダー
204200	生活家電
204210	管楽器・吹奏楽器
204211	木管楽器
204219	金管楽器
204228	DJ機器
204232	その他
204233	ベースメイク・メイクアップ
204238	バスグッズ
204245	美顔器・スチーマー
204250	その他
204252	その他
204269	エッセンス・香料
204306	ナイフ・マルチツール
204403	ティラミス
204405	パンケーキ
204406	シュガーケーキ
204408	ブラウニー
204410	ブッセ
204411	ゴーフレット
204412	フロランタン
204413	ラスク
204420	その他
204421	おこし
204422	たい焼き
204423	ういろう
204424	葛湯
204425	落雁・干菓子
204427	パイ生地
204429	その他
204430	粉類・ケーキミックス
204435	ドライイースト
204448	ポアラー
204449	飲み比べセット
204455	飲み比べセット
204456	その他
204491	洗濯機
204492	掃除機・クリーナー
204519	空気清浄機
204546	除湿機
204549	加湿器
204585	電子レンジ・オーブンレンジ
204586	炊飯器
204588	ホームベーカリー
204655	ダイエットスイーツ
204673	ダイエットドリンク
204674	ダイエット器具
204675	ダイエット・シェイプアップウェア
204688	ヨガマット
204729	栄養・健康ドリンク
204738	栄養調整食品
204744	矯正グッズ
204745	デンタルケア
204748	その他
204750	フットケア用品
204758	歯間ブラシ
204759	歯磨き粉
204760	ヤニ取り
204761	口臭予防
204762	鼻炎治療器
204767	入浴介助用品
204769	介護用衣料
204770	自助食器・カトラリー
204801	ちくわ
204803	ダチョウ肉
204805	みかん
204813	フルーツ・果物
204815	キャベツ
204816	レタス
204817	白菜
204818	ほうれん草
204820	キュウリ
204826	にんじん
204827	大根
204829	ごぼう
204856	梅干し
204862	ひやむぎ
204864	長崎ちゃんぽん
204875	セット・詰め合わせ
204877	ソース・たれ
204885	片栗粉
204886	パン粉
204887	コーンスターチ
204915	クロスバイク
204946	メンズシューズ
204964	ボール
204981	バット
204982	スパイク
204992	応援旗
204994	ウェットスーツ
204998	ボート
205038	スケートボード
205042	バッグ・ケース
205059	魚群探知機
205072	ボクシング
205073	その他
205074	陸上・トラック競技
205075	剣道
205085	その他
205110	キャリア・ラック
205129	スモック
205132	マフラー・スカーフ
205139	シャツ・ブラウス
205145	レインウェア
205146	傘
205149	ファッション雑貨・小物
205150	ネックレス・ペンダント
205151	サスペンダー
205152	ネクタイ
205153	ベルト
205154	レインシューズ・長靴
205155	上履き
205167	テーブル
205169	自由研究・実験器具
205171	ツーウェイオール
205173	スモック
205175	コート・ジャケット
205176	手袋
205177	マフラー・スカーフ
205178	お砂場着
205179	Tシャツ・カットソー
205184	水着
205187	ベビーベッド用蚊帳・キャノピー
205191	湯温計
205192	ガーゼハンカチ
205193	シャンプーハット
205194	おしりふき
205195	おしりふきウォーマー
205197	おむつ
205200	ヘルスケア・衛生用品
205202	爪切り
205203	散髪はさみ
205205	ベビーローション・オイル
205206	ベビーパウダー
205207	その他
205208	哺乳びん・授乳用品
205218	歩行器
205219	コンセントガード
205220	戸口ロック・ストッパー
205221	コーナークッション
205222	ギフトセット
205226	メモリアル・記念品
205238	マタニティ飲料
205241	心音計
205243	おでかけおもちゃ
205245	大型遊具
205246	砂あそび
205255	砂場
205256	砂場用道具
205257	砂場用すな
205258	水鉄砲
205259	プール
205260	ボート
205261	浮き輪
205263	乗用玩具・三輪車
205270	お絵かき
205272	積み木
205275	その他
205278	人形
205279	電子玩具・キッズ家電
205280	カラオケ
205281	電話・携帯電話
205282	パソコン・タブレット
205515	ソファ・ソファベッド
205534	クッションチェア
205548	電動・リクライニングベッド
205555	敷布団
205604	寝具カバー・シーツ
205611	毛布・ブランケット
205613	タオルケット
205638	キャビネット・コンソール
205640	屋外ストッカー
205653	天井照明
205677	カーテン・ブラインド
205678	ロールスクリーン
205712	すだれ
205718	クッション
205725	オフィス収納
205728	役員用家具セット
205737	オフィスデスク・テーブル
205738	パーテーション
205739	オフィスチェア
205749	スクリーン
205761	入浴剤
205775	フローリングワックス
205776	洗濯ネット
205779	梱包資材
205789	コンタクトレンズ・ケア用品
205797	消火器
205802	防犯システム
205804	製菓・製パン器具
205826	書道用具
205833	ギフトラッピング用品
205842	角印
205845	認印
205873	画材
205900	カセット
205901	邦楽
205902	洋楽
206023	アクセサリー
206024	DAW・DTM・レコーダー
206025	チューナー
206029	パッチパネル
206030	電源アダプター
206031	マイクスタンド
206036	機材ケース・ラック・マウント
206038	ミキサー
206039	シーケンサー・リズムマシン
206040	マルチトラックレコーダー
206041	音源
206042	サンプラー
206044	MIDIインターフェイス
206045	オーディオインターフェイス
206062	プレイステーション・ポータブル
206076	Nintendo DS
206139	ペット用食器・給水器・給餌器
206143	シャンプー・リンス
206149	キャリーバッグ・カート
206155	ドッグウェア
206186	衛生・掃除用品
206197	犬小屋・ケージ・ゲート
206208	ベッド・マット・寝具
206213	室内ペット用家電
206214	暖房器具
206215	冷房器具
206264	おもちゃ
206265	キャットタワー
206267	キャリーバッグ・カート
206286	ベッド・マット・寝具
206297	介護用品
206298	お出かけ・お散歩グッズ
206299	オーナーズグッズ
206304	水槽・アクアリウム
206331	ガーデンファニチャー
206347	その他
206352	その他
206361	スーツ
206363	ワイシャツ
206367	その他
206370	スーツ
206379	ワイシャツ
206387	カマーバンド
206390	スタッドボタン
206440	パンツ
206471	シャツ・ブラウス
206488	ニット・セーター
206521	その他
206522	その他
206527	着物
206528	帯
206529	部屋着
206530	履物
206545	着物
206546	帯
206547	部屋着
206548	履物
206549	浴衣
206585	浴衣セット
206746	ナイトウェア・ルームウェア
206878	スニーカー
206900	ブーツ
206906	スニーカー
206951	結婚指輪・マリッジリング
206952	婚約指輪・エンゲージリング
206999	チョーカー
207029	ラリエット
207030	ルースストーン
207050	ヘアアクセサリー
207204	眼鏡
207229	眼鏡小物
207235	メンズベルト
207237	サスペンダー
207238	チーフ
207306	レディースベルト
207314	レディースマフラー・ストール
207328	レディーススカーフ
207334	傘
207401	その他
207500	キッズ・ファミリー
207520	スポーツトイ
207530	フリスビー
207531	竹馬
207532	ホッピング
207609	プラモデル・模型
207622	ラジコン・ドローン
207626	バイク
207644	UMDビデオ
207659	カードゲーム
207660	トランプ
207662	ボードゲーム
207665	チェス
207666	オセロ・リバーシ
207682	オールインワン・サロペット
207683	ジャンパースカート
207684	その他
207685	手袋
207689	サングラス
207691	ショーツ
207692	ブリーフ
207693	トランクス
207694	ブラジャー
207696	シューズバッグ
207726	上下セット・セットアップ
207728	おねしょシーツ
207729	ベビーベッドマットレス
207730	ベビー枕
207731	バスネット
207732	湯上りタオル
207733	バスローブ
207735	おむつライナー・おむつネット
207736	おむつ洗剤
207737	体重計・ベビースケール
207738	温度計・湿度計
207739	鼻吸い器・鼻みず取り器
207740	くすり飲み
207744	洗浄・消毒用品
207750	ベビー食器
207762	お産用パッド・吸収ライナー
207763	育児ダイアリー
207770	マグロ
207774	サケ
207790	イカ
207796	ウニ
207807	羊肉
207821	ナッツチョコレート
207826	柿の種
207829	もち菓子
207832	わらびもち
207841	米焼酎
207853	麦焼酎
207865	いも焼酎
207930	通信講座・資格
207941	教材
207950	ロードバイク
207985	キャディバッグ
208012	ラケット
208031	ガット
208036	ラッシュガード
208046	ドライスーツ
208058	ソリ
208071	燃料
208076	精密機器類
208117	その他
208118	スポーツバッグ
208124	スポーツサングラス
208149	プロバイオティクス
208216	入れ歯洗浄剤
208217	舌クリーナー・タンクリーナー
208218	デンタルフロス
208220	電位治療器
208221	牽引治療器
208222	紫外線治療器
208223	ひ鍼
208226	血糖値測定器
208227	アルコールセンサー
208229	婦人用体温計
208230	身長計
208232	塩素計
208233	口臭チェッカー
208234	糖度計
208243	ガーゼ
208247	爪切り
208252	寝具・床ずれ予防用品
208264	衛生日用品・衛生医療品
208265	マウスウォッシュ・洗口液
208287	携帯電話本体
208316	スピーカー
208343	ワインセラー
208352	衣類乾燥機
208360	布団乾燥機
208385	こたつ
208390	ホットカーペット
208397	電気毛布・膝掛け
208401	電話機
208411	電気ポット
208419	ホットプレート・グリル・フライヤー
208435	ガスコンロ
208452	コーヒーメーカー・エスプレッソマシン
208478	ミキサー・フードプロセッサー
208489	食器洗い乾燥機
208512	IH クッキングヒーター・電気コンロ
208527	電動頭皮ブラシ
208538	ミシン
208544	コピー用紙・印刷用紙
208582	オフィス機器
208583	コピー機
208591	ビジネスフォン
208592	オフィス用FAX
208594	その他
209394	ライト・イルミネーション
209410	散水・潅水用具
209490	レクサス
209655	光岡
209672	AMG
209691	GMC
209747	キャデラック
209786	スマート
209792	ダッジ
210102	ダイニングセット
210108	押入れ収納
210113	ベッド
210116	デスクベッド
210117	寝具
210124	収納
210130	カーペット・ラグ
210131	カーテン
210132	ライト・照明
210133	フロアスタンド・ランプ
210143	鏡
210150	神具
210152	仏具
210159	線香
210161	仏前ろうそく
210167	キッチン整理用品
210168	水切りラック
210169	整理ボックス
210170	フック
210171	タオルハンガー
210172	その他
210176	タオルハンガー
210178	便座
210181	歯ブラシスタンド・ホルダー
210186	ランドリーラック
210191	冠婚葬祭
210192	結納品
210193	水引
210194	祝儀袋
210195	風呂敷
210196	ふくさ
210199	その他
210202	旅行用小分け容器
210206	キッズ用食器
210216	包丁・ナイフ
210230	やかん・ケトル
210238	業務用厨房機器・用品
210254	生地・布
210271	はぎれ・カットクロス
210313	パッチワーク・キルティング材料
210316	タイル
210329	アロマオイル
210397	お香・インセンス
210402	香木
210403	匂い袋
210414	エア工具本体
210418	計測工具
210426	安全・保護用品
210431	はしご・作業台
210437	塗装用品
210450	クレンジング
210457	ファンデーション
210461	詰替容器・アトマイザー
210462	シェービング・脱毛・脱色
210463	シェービングムース
210464	シェービングジェル
210465	シェービングローション
210466	アフターシェーブ
210671	ネイルアート用品
210674	ネイルケアグッズ
210675	ハンドケア用品
210677	シャンプー
210686	リンス・コンディショナー
210695	トリートメント
210723	カラーリング
210756	食器
210761	首輪・胴輪・リード
210913	タイル
210914	レンガ
210916	フェンス
210930	日よけ・シェード
211000	スポーツ
211209	ウクレレ
211219	電子ピアノ
211226	アップライトピアノ
211229	グランドピアノ
211233	ドラム
211234	クラッシュシンバル
211239	スティック
211244	スネア
211250	トムトム
211256	ドラムスローン
211260	ドラムセット
211267	ドラムヘッド
211272	ハイハット
211277	ハイハットスタンド
211281	バスドラム
211287	フットペダル
211292	フロアタム
211298	ライドシンバル
211304	コンガ
211305	ジャンベ
211307	パーカッション・打楽器
211308	カスタネット
211309	グロッケン
211310	シロフォン
211312	鉄琴
211313	ビブラフォン
211314	マラカス
211315	マリンバ
211316	コンパクト木琴・卓上木琴
211317	リコーダー
211324	ターンテーブル
211332	プレーヤー
211340	DJミキサー
211357	鍵盤ハーモニカ
211362	ハーモニカ
211368	デスクトップPC
211447	PCサーバー・ワークステーション
211462	フォトプリンタ
211466	ドットプリンタ
211490	外付けフロッピーディスクドライブ
211492	外付けハードディスクドライブ
211542	プライバシーフィルター
211543	液晶保護フィルム
211546	セキュリティワイヤーロック
211549	ゲームパッド
211553	ペンタブレット
211577	無停電電源装置
211582	CPU
211592	PCケース・筐体
211597	PC用TVチューナー
211605	サウンドカード
211607	マザーボード
211612	ネットワークカード
211622	ビジネス
211628	画像・映像制作
211637	ホームページ作成
211643	ユーティリティ
211656	開発・プログラミング言語
211664	生活・実用
211673	OS
211677	教育
211686	タイピング練習
211687	資格・キャリアアップ
211700	語学・翻訳・辞書
211706	ゲーム
211741	その他
211742	TV・オーディオ・カメラ
212318	ホットマット
212421	アイスクリームメーカー
212428	ヨーグルトメーカー
212433	餅つき機
212441	生ゴミ処理機
212464	浄水器・整水器
212540	ドライヤー・ヘアアイロン
212575	シェーバー・バリカン
212585	アイロン
212590	ズボンプレッサー
212621	電卓
212633	旅行用変圧器・変換プラグ
212634	乾電池
212675	充電器
212676	その他
212717	デコシール
212947	カセットテープ
212948	ミニディスク
212949	ビデオテープ
212987	その他
212988	ホームシアターシステム
213189	ラジオ
213198	ICレコーダー
213302	SDメモリーカード
213312	xDピクチャカード
213317	スマートメディア
213321	コンパクトフラッシュ
213328	メモリースティック
213353	その他
213401	楽器玩具
213402	ピアノ・キーボード
213403	ギター
213404	太鼓・ドラム・パーカッション
213405	笛・ラッパ
213406	シンバル
213407	タンバリン
213408	電動乗用玩具
213417	フラフープ
213419	電子ペット
213423	電子ブロック
213424	電動ロボット
213452	市松人形
213454	木目込人形
213455	首振り人形
213456	こけし
213457	五月人形
213465	御所人形
213466	雛人形
213475	舞踏人形
213517	鉄道模型
213590	車・バイク
213611	建築物・情景
213614	ミリタリー
213619	ホビー工具・材料
213620	塗料・塗料用品
213621	接着剤・パテ
213622	工具
213623	その他
213625	オンロードカー
213628	ミリタリー
213633	パーツ・アクセサリー
213647	手品・マジック
213649	コイン
213650	カード・トランプ
213651	ハンカチ
213652	ボール
213653	リング
213654	ロープ
213655	その他
213656	パズル
213658	知恵の輪
213659	立体パズル
213661	その他
213662	アンティークトイ
213670	ぬりえ
213674	メンコ
213678	携帯灰皿
213684	サバイバルゲーム・トイガン
213685	エアガン
213686	装備・備品
213695	ライト
213696	スコープ
213713	花札
213714	かるた
213715	百人一首
213716	ビリヤード
213721	ダーツ
213731	パーティー・イベント用品
213732	花火
213733	手持ち花火
213734	打ち上げ花火
213735	ねずみ花火・ロケット花火
213736	セット
213737	その他
213738	パーティーグッズ
213749	コスプレ・変装・仮装
213750	仮面・マスク
213752	かつら
213753	ヒゲ
213754	着ぐるみ
213755	コスチューム一式
213775	全身タイツ
213776	タスキ・腕章
213777	メガネ
213778	ネクタイ
213780	その他
213781	お祭り・縁日用品
213795	クリスマス
213813	開運アート
213814	護符
213815	タロットカード
213816	囲碁
213821	将棋
213828	麻雀
213865	ポロシャツ
213868	スーツ・カジュアルセットアップ
213869	カジュアルスカートセット
213870	カジュアルパンツセット
213871	帽子
213872	キャップ
213873	ハット
213874	ニット帽
213875	ハンチング・キャスケット
213877	テンガロンハット
213878	チューリップハット
213879	サンバイザー
213880	麦わら帽子
213882	キッズ・ジュニア用スイムキャップ
213884	バレッタ・ヘアクリップ
213886	ヘアピン・コーム
213887	カチューシャ
213888	ティアラ
213889	コサージュ・ブローチ
213891	キッズ用腕時計
213894	スリッポン
213896	サンダル
213901	靴下
213906	インナーシャツ
213910	腹巻
213911	パジャマ
213914	ナイトドレス
213915	ポシェット
213916	ボディバッグ・ウエストポーチ
213917	ビーチバッグ・プールバッグ
213918	巾着袋
213919	スーツケース・キャリーバッグ
213921	タオル・ハンカチ
213927	財布・コインケース
213931	シャツ・ブラウス
213938	ひざ当て・ニーパッド
213939	バックパック・リュック
213940	サンダル
213941	パンツ・ブリーフ
213943	マット・シート・クッション
213944	レインカバー
213945	日よけ・虫よけカバー
213947	セーフティベルト
213948	収納カバー
213949	足カバー
213950	ステップ
213952	その他
213954	マット・シート・クッション
213958	ベビータオルケット
213960	寝返り防止クッション
213961	ベッドガード・サイドガード
213962	ベビー湯たんぽ
213968	バウンサー
213969	ベビーハンガー
213970	洗面器・湯おけ
213971	バススポンジ
213972	おむつ・トイレ用品
213974	おむつ替えマット
213975	身長計
213976	水まくら・保冷シート
213977	ブラシ・くし
213978	ベビー綿棒
213980	離乳食・ベビーフード
213989	ベビーモニター・音声モニター
214019	煮干
214021	紅白かまぼこ
214030	フグ
214037	鴨肉
214041	栗
214051	ジャガイモ
214054	トマト
214058	おせちセット
214067	こんにゃく・しらたき
214085	納豆
214093	豆腐
214099	カレー
214119	マーガリン
214120	ヨーグルト
214123	フローズンヨーグルト
214124	コーヒー用ミルク
214126	フルーツチョコレート
214127	アマンドショコラ
214130	チーズケーキ
214141	ロールケーキ
214152	クレープ
214153	シュークリーム・エクレア
214159	タルト
214171	アップルパイ
214174	リーフパイ・菓子パイ
214177	プリン
214179	マンゴープリン
214189	シューアイス
214191	ビスコッティ
214193	ナッツ
214194	アーモンド
214195	カシューナッツ
214196	マカダミアナッツ
214197	ココナッツ
214198	ピーナッツ
214199	ピスタチオ
214200	くるみ・ウォールナッツ
214201	ヘーゼルナッツ
214202	マロングラッセ
214203	あめ・ミント・ガム
214204	あめ・キャンディ
214206	のどあめ
214209	こんぺいとう
214210	ドーナツ
214224	大福
214238	愛玉子
214241	ココアパウダー
214257	粉砂糖
214258	シロップ
214259	黒みつ
214273	スキムミルク
214275	バニラビーンズ
214276	駄菓子
214277	駄菓子スナック
214278	小袋菓子
214279	ミニラーメン
214280	ラムネ
214281	駄菓子キャンディ
214282	チョコレートスナック
214283	駄菓子珍味
214299	マネキン
214452	レディースシューズ
214473	レディースウェア
214506	キッズ・ジュニア用ウェア
214512	フットサル
214526	グリップテープ
214566	ヘルメット
214567	プロテクター
214569	インラインスケート・ローラースケート
214577	キックボード
214609	ホイッスル
214613	ラケット
214625	ボール
214629	メンズウェア
214637	ボールバッグ
214639	ヘッドバンド
214641	ゴール
214643	ボール
214656	バレーボール用サポーター
214660	ボールバッグ
214662	支柱・ポール
214668	ハンドボール
214672	ボールバッグ
214673	体操・ダンス
214674	新体操
214681	社交ダンス
214685	バレエ
214706	柔道
214712	空手
214793	スープ
214811	フットバス
214812	腰ケア用品
214813	アイケア用品
214814	炭グッズ
214815	木酢液グッズ
214819	竹酢液グッズ
214820	光触媒グッズ
214821	耳ツボ関連
214822	ストレッチグッズ
214828	簡易マッサージグッズ
214835	その他
214837	磁気アクセサリー
214841	トルマリンアクセサリー
214845	チタンアクセサリー
214849	ゲルマニウムアクセサリー
214854	マイナスイオンアクセサリー
214857	生理用品
214863	視力治療器
214864	体温計
214872	血圧計
214875	聴診器
214882	洗浄・保存液
214962	口腔ケア用品
214963	リハビリ用品
214968	コミュニケーション機器
214971	点字用品
215062	ブライダルブーケ
215063	ヘッドコサージュ
215105	ドライフラワー
215109	ポプリ
215110	プリザーブドフラワー
215202	盆栽
215256	芝生
215257	用土・肥料
215278	ペット用応急手当
215288	哺乳器
215289	ランチョンマット
215298	ペット用お手入れ用品
215300	はさみ
215301	バリカン
215302	ドライヤー
215303	ブラッシングスプレー
215305	爪ケア用品
215310	デンタルケア用品
215313	ブラシ
215324	しつけ用品
215327	バス用品
215333	おもちゃ
215345	介護用品
215347	お出かけ・お散歩グッズ
215361	しつけ用品
215390	首輪・ハーネス
215430	ソファセット
215476	ダイニングテーブル
215479	センターテーブル・ローテーブル
215485	サイドテーブル・ナイトテーブル
215491	カウンターテーブル
215497	コレクションテーブル
215500	コンソールテーブル
215508	座卓
215513	ダイニングチェア
215515	スツール
215520	リクライニングチェア
215525	ラウンジチェア・パーソナルチェア
215531	カウンターチェア
215538	座椅子
215565	その他
215566	寝具
215613	掛け敷布団セット
215667	キルトケット
215685	キッチン収納
215698	パソコンデスク
215702	書斎机
215706	ユニットデスク
215707	ライティングビューロー
215716	照明器具部品
215720	蛍光灯
215729	タイルカーペット・ジョイントマット
215755	鳩時計
215756	振り子時計
215758	洗面鏡
215759	卓上ミラー
215760	三面鏡
215767	ゴミ箱
215780	スモーキング用スタンド（喫煙台）
215783	日用品雑貨・文房具・手芸
215907	茶ポット・冷水筒
215927	フライパン
215951	まな板・カッティングボード
215953	まな板立て
215956	醤油・ソース差し
215957	塩・コショウ入れ
215958	調味料入れセット
215959	楊枝入れ
215976	ミトン・鍋つかみ
215977	シンクマット
215987	軽石
215988	ヘアバンド
215989	風呂ふた
215991	トイレマット・カバー・シート
215998	トイレポット
216003	ちりとり
216004	はたき
216005	フロアワイパー・ダスター本体
216011	洗剤・柔軟剤・クリーナー
216051	防犯アラーム
216052	窓まわり防犯用品
216081	ネーム印・浸透印
216082	アロマスプレー
216084	遮光瓶
216085	アロマバーナー
216086	茶香炉
216087	キャンドル
216114	作業灯・投光器
216129	ジュエリー・アクセサリー
216131	バッグ・小物・ブランド雑貨
216132	その他
216133	サンダル
216138	ローファー
216141	パンプス
216148	カッター
216153	サンダル
216160	ローファー
216172	靴ケア用品・アクセサリー
216173	インソール・中敷き
216175	汚れ落とし
216176	滑り止め用品
216177	防水用品
216179	ブラシ
216182	靴べら
216183	ストレッチャー・シューキーパー
216184	修理・補修用品
216293	盗難防止・セキュリティ
216301	洗顔料
216307	化粧水・ローション
216348	美容液
216387	乳液・ミルク
216424	フェイスクリーム
216461	フェイスオイル・バーム
216467	ジェルパック・クリーム
216492	日焼け止め・UVケア
216495	サンオイル・タンニング
216496	アフターサンケア
216499	フェイスカラー・パウダー
216519	アイブロウ・眉マスカラ
216539	アイシャドウ
216559	アイライナー
216579	マスカラ
216600	口紅・リップスティック
216620	リップグロス
216640	チーク
216660	フェイス用カミソリ
216661	ツィザー（毛抜き）
216667	脱毛剤・ワックス・クリーム
216668	脱色剤
216670	ボディローション・ミルク
216671	ボディクリーム
216737	フェイススチーマー
216757	カワサキ
216764	スズキ
216771	ホンダ
216778	ヤマハ
216786	Aprilia（アプリリア）
216793	BMW
216797	Buell（ビューエル）
216801	DUCATI（ドゥカティ）
216805	GILERA（ジレラ）
216810	Harley Davidson（ハーレーダビッドソン）
216819	Vespa（ベスパ）
216832	その他
300327	サウンドトラック
300336	TVドラマ
300337	ミュージック
300375	こたつ用掛け布団
300380	セット
300381	こたつ布団カバー
300408	本棚・ラック・カラーボックス
300430	人形ケース
300576	ドレープカーテン
300628	シャワーカーテン
300641	スタイルカーテン
300654	カフェカーテン
300667	レースカーテン
300766	横型ブラインド
300775	縦型ブラインド
300815	座布団
300823	置き時計
300829	掛け時計
300838	学習机
300857	バランスチェア
300887	万華鏡
300889	テレイドスコープ
300920	貨幣
300955	Xbox360
300957	周辺機器
301055	ランドセル
301060	ポロシャツ
301063	帽子
301064	ハット
301065	ニット帽
301067	スパッツ・レギンス
301071	おむつ処理ポット
301073	おむつ処理ポットカートリッジ
301238	茶道具・湯呑・急須
301257	食器
301364	箸・カトラリー
301399	カクテルグッズ
301410	アイスピック
301426	計量・タイマー・温度計
301445	三角コーナー
301446	ふきん・カウンタークロス
301447	水切りネット・水切り袋
301452	業務用厨房機器
301484	業務用厨房用品
301518	業務用ユニフォーム
301535	モップ絞り器
301537	物干し竿
301540	物干しハンガー
301570	ボックスティッシュケース
301577	スーツケース・キャリーバッグ
301587	ろうそく
301591	セロハンテープ・のり・接着剤
301596	応急手当用品
301597	携帯用浄水器
301600	防災頭巾
301606	固形燃料
301607	発熱・加熱剤
301608	ガソリン缶
301614	笛・ホイッスル
301615	メガホン・拡声器
301618	担架
301669	のし紙
301671	ホッチキス・穴あきパンチ
301678	クリップ・結束用具
301688	紙めくり・事務用スポンジ
301696	チェックライター・ナンバーリング
301698	名札
301703	レタースケール
301721	机上収納・整理用品
301730	プレゼンテーション用品
301731	画鋲・ピン
301745	マグネット
301747	マグネットシート
301786	製図用品
301966	ペアアクセサリー
301969	その他
301981	メンズ腕時計
302050	レディース腕時計
302123	ペアウォッチ
302133	男女兼用腕時計
302145	腕時計用ベルト・バンド
302178	腕時計用アクセサリー
302181	その他
302197	ビーチクルーザー
302202	電動アシスト自転車
302242	ヘルメット
302246	設備・備品
302247	打撃練習用品
302264	審判用品
302273	サッカー
302275	コーナーフラッグ
302302	メンズウェア
302309	レディースウェア
302332	ウインドサーフィン
302384	靴・ブーツ
302414	ストーブ・ヒーター・ウォーマー
302472	ラグビー
302473	ボール
302474	ウェア
302479	シューズ
302658	ミネラル
302799	飲み比べセット
302808	ワインラベルコレクション
302809	ワイン・シャンパンセーバー
302810	ボトルホルダー
302811	フルーツ系
302828	ナッツ・種子・核系
302831	クリーム系
302851	吟醸酒
302854	大吟醸酒
302857	純米酒
302860	純米吟醸酒
302863	純米大吟醸酒
302869	本醸造酒
302878	普通酒
302894	黒糖焼酎
302916	泡盛
302947	栗焼酎
302948	しそ焼酎
302949	胡麻焼酎
302992	乳酸菌飲料
303017	インスタントコーヒー
303067	バーコードリーダー
303078	USBメモリ・フラッシュドライブ
303087	マウス・キーボード・入力機器
303097	その他
303137	記録用メディアケース
303156	電動シュレッダー
303413	メンズ手袋
303440	リクルートスーツ
303524	レインジャケット・レインコート
303526	オーダーメイド
303529	ズボン・パンツ
303532	ベスト・ジレ
303587	キュロット
303655	ベアトップ・チューブトップ
303656	Tシャツ・カットソー
303662	キャミソール
303699	アンサンブル
303735	学生服
303736	セーラー服
303788	着物セット
303798	浴衣
303801	浴衣セット
303803	浴衣
303817	初着
303822	帯
303828	履物
303837	初着セット
303855	スウェット・トレーナー
303869	ベスト・ジレ
304013	ナイトウェア・ルームウェア
304022	ふんどし
304061	ブライダル用インナー・レッグウェア
304080	ビジネスシューズ
304095	ミュール
304108	外反母趾サポート用品
304226	食器台・テーブル
304227	フードストッカー・容器
304228	フードスプーン・スコップ
304230	フード計量器
304231	フードクリップ・フタ
304250	抜け毛取り
304251	肉球ケア用品
304254	スキンケア用品
304257	耳ケア用品
304265	防虫・ノミ・ダニ対策用品
304348	トラック・バス
304564	ATV・トライク・スノーモービル
304568	その他
304571	アジ
304574	イワシ
304578	サバ
304580	タイ
304588	いちご
304593	オレンジ
304597	柿
304598	干し柿
304602	さくらんぼ
304607	スイカ
304609	ブドウ
304613	マンゴスチン
304614	梅
304618	桃
304622	洋梨
304626	和梨
304633	りんご
304644	サツマイモ
304647	山菜
304651	とうもろこし
304652	にんにく
304670	アジアン・エスニック惣菜
304678	セット・詰め合わせ
304680	チョコレートケーキ・ガトーショコラ
304687	野菜ケーキ
304693	ミルフィーユ
304694	アイスクリーム
304702	レーズンサンド
304703	ウエハース
304704	クラッカー
304705	ミックスナッツ
304707	グミ
304708	マシュマロ
304711	ゆべし
304713	もなか
304719	干しいも
304720	菓子材料セット
304728	製菓用ナッツ
304729	アーモンドプードル
304735	わさび
304736	からし・マスタード
304742	ビューラー・カーラー
304744	ホットビューラー
304758	ハンドソープ
304759	ハンドクリーム
304760	フットケア用品
304761	フットクリーム
304766	マニキュア
304781	ネイルチップ
304903	ライフジャケット
400007	アジア・韓国
400033	お笑い・バラエティー
400066	アイドル
400324	バイオリン
400331	チェロ
400337	ビオラ
400347	バンジョー
400348	マンドリン
400352	二胡
400358	三味線
400364	太鼓
400371	鼓
400372	DTMセット
400383	音楽教則
400393	オットマン
400409	折りたたみチェア
400412	スタッキングチェア
400464	2段ベッド
400467	3段ベッド
400470	折りたたみベッド
400473	ウォーターベッド
400482	ベッドフレーム
400616	テレビ台・ローボード
400631	タンス・チェスト
400761	テーブルランナー・テーブルセンター
400762	タペストリー
400764	イカット
400766	壁紙
400767	オルゴール
400771	収納ボックス・ケース
400795	壁掛け
400811	応接セット
400814	シャボン玉
400816	凧・カイト
400817	なりきりアイテム・変身ベルト
400871	ロケット・宇宙船
400872	インテリアホビー
401023	パチンコ
401026	パチスロ
401038	毛糸
401098	その他
401103	ワンピース
401107	フォーマル靴
401111	タイツ
401114	スリーパー
401115	バスローブ
401116	通園バッグ
401118	キッズ用セーフティグッズ
401119	防犯ブザー・アラーム
401120	防災ヘルメット
401121	防災頭巾
401122	その他
401123	キッズ用教材・お道具箱
401127	福袋
401128	ベビードレス・セレモニードレス
401131	カバーオール・ロンパース
401138	ファーストシューズ
401139	短肌着
401142	長肌着
401145	コンビ肌着
401148	ボディスーツ
401151	ベビーカー本体
401156	ベビースリング
401158	パーツ・アクセサリー
401160	おむつポーチ
401163	入浴剤・沐浴剤
401164	ベビークリーム
401165	ベビーリップ
401166	日焼け止め・UVケア
401167	虫よけ用品
401169	ベビーコットン
401171	粉ミルク
401176	冷蔵庫ロック
401177	滑り止め用品
401178	ヒーターガード
401183	こいのぼり
401187	福袋
401193	パジャマ・ネグリジェ
401196	マタニティ食品
401198	福袋
401292	酒器
401328	アイスペール
401333	水割りセット
401337	その他
401338	シュガーポット
401342	ミルクポット
401346	ティーポット
401351	ドリップポット
401367	デカンタ
401389	鍋蓋
401421	バターケース
401432	アイストング
401443	調理小道具立て
401444	製氷皿
401449	鍋敷き
401504	米びつ
401508	漬物樽
401512	つけもの石
401526	キッチンクロス
401529	ナプキン
401539	ランチョンマット
401542	テーブルクロス
401545	お盆・トレー
401551	保温ランチジャー
401561	包丁スタンド
401562	ペーパーホルダー
401580	椅子
401583	ボディタオル
401589	ボディスポンジ
401595	ボディブラシ
401604	バス保温器
401605	バスラジオ
401608	ほうき
401611	雑巾・テーブルダスター
401612	モップ
401615	ガラス・サッシ掃除用具
401619	消臭剤・芳香剤
401626	作業用手袋・軍手
401638	虫除け・殺虫剤
401640	蚊帳
401655	簡易毛布・寝袋
401657	防災用ストーブ
401760	ケース付印鑑セット
402007	工具
402012	小径自転車・ミニベロ
402018	キッズ・ジュニア用自転車
402086	グローブ・ミット用メンテナンス用品
402087	キャッチャー防具
402092	審判用品
402104	ビブス・ゼッケン
402145	ラケットバッグ
402156	ボール
402161	ウェイクボード
402231	トレッキングポール
402234	カラビナ
402240	ハーネス
402241	ビレイ機
402242	ディセンダー
402243	プーリー
402244	アッセンダー
402245	ヘルメット
402246	ハンマー
402247	ピッケル
402248	ロックハーケン
402289	バッグ
402369	スイミングゴーグル
402420	ウェア
402424	ボール
402427	シューズ
402443	フラメンコ
402463	メンズウェア
402482	コーン
402483	ハードル
402484	砲丸投げ
402486	乗馬
402487	鞭
402488	手綱
402489	拍車
402490	水勒
402491	鞍
402493	ブーツ
402494	グローブ
402495	ヘルメット・帽子
402504	ゲートボール
402512	アメリカンフットボール
402513	ウェア
402514	ボール
402515	ヘルメット
402516	プロテクター
402517	シューズ
402518	その他
402550	核酸
402571	オリゴ糖
402589	クエン酸
402614	食物繊維
402631	動植物性混合エキス
402729	プロポリス
402740	ローヤルゼリー
402745	温浴器
402748	気泡浴器
402750	バナジウム
402752	頭皮洗浄器
402753	水虫治療器
402754	酸素発生器
402755	洗眼器
402756	鼻洗浄器
402757	灸
402771	軽度失禁用品
402772	ショーツ
402773	パッド・ライナー
402775	その他
402786	靴ずれ防止
402787	入れ歯安定剤
402794	サージカルテープ
402913	アメリカン・ウイスキー
402928	キルシュ
402930	ジン
402934	ラム
402948	ハーブ・スパイス・ティー系
402956	卵・ミルク・ヨーグルト系
403311	マッコリ
403503	テンキー
403512	ウェブカメラ
403516	素材・データ集
403657	老眼鏡
403662	眼鏡レンズ
403671	眼鏡ケア用品
403678	眼鏡修理
403732	レディース帽子
403747	レディースハンカチ
403753	ハンドタオル
403755	レディース手袋
403761	アームカバー・アームウォーマー
403762	耳あて
403769	ウィッグ・かつら・つけ毛
403770	フルウィッグ・全頭かつら
403771	ハーフウィッグ
403772	ポイントウィッグ
403773	増毛部分かつら
403774	エクステンション
403775	ケア用品
403776	ネックストラップ
403784	名刺入れ
403809	定期入れ・パスケース
403829	手鏡・コンパクトミラー
403832	福袋
403871	カーディガン・ボレロ
403890	ベスト・ジレ
403911	福袋
403912	タンクトップ
403915	ポロシャツ
403923	スウェット・トレーナー
403961	ウォーキングシューズ
403969	レインシューズ・長靴
403973	福袋
403975	ウォーキングシューズ
403979	レインシューズ・長靴
403986	福袋
404114	給水器
404118	給餌器・フードディスペンサー
404138	ドライブ・アウトドア
404237	ポータブルテレビ
404335	ミニ
404350	ハマー
404379	福祉車両
404883	バンダナ
404904	じゃこ天
404905	伊達巻
404915	シシャモ
404918	タラ
404923	生ちりめん・生しらす
404926	ホッケ
404940	かぼす
404942	メロン
404946	アスパラガス
404974	バター
404979	そば粉
404980	焼きそば
404982	生チョコ
404989	トリュフ
404996	板チョコ
405003	シフォンケーキ
405018	その他
405019	ポテトチップス
405027	ガム
405033	カステラ
405035	かりんとう
405040	だんご
405050	どら焼き
405206	リップクリーム
405258	化粧下地
405348	コンシーラー
405373	トップ・ベースコート
405387	リムーバー
405409	トラベルセット
405492	音楽制作
406182	クラシック
406216	ワールドミュージック
406229	ゲームミュージック
406243	邦楽
406254	洋楽
406282	伝統音楽・芸能
406308	ボンゴ
406309	ドラムグローブ
406313	タンバリン
406317	三線
406323	琴
406330	大正琴
406334	譜面台
406336	マイク
406365	ケース
406370	ケーブル
406398	ランドリー・サニタリーチェスト
406401	トイレットペーパーホルダー
406405	ランドリーボックス・バスケット
406425	ドレッサー・鏡台
406451	ベッド用部品・メンテナンス用品
406560	インテリアライト
406700	ままごと・ごっこ遊びトイ
406704	セット
406755	ヨーヨー
406759	こま
406770	コレクタードール
406810	食玩・おまけ
406820	オフロードカー
406923	彫刻
406930	書
406936	写真
406942	額縁
406980	ベレー帽
406981	ブーツ
407002	スタイ・お食事エプロン
407007	シャツ肌着
407014	ベビーミラー
407049	ワインオープナー
407057	弁当箱・水筒
407060	その他
407113	編機・織機
407120	アロマディフューザー
407123	空調工具
407125	配管工具
407148	ろうそく消し
407149	ろうそく立て
407159	数珠
407187	数珠袋
407236	ペンダントトップ
407279	ボディピアス
407286	コサージュ
407291	カメオ
407301	アンクレット
407309	トゥリング
407312	チャーム
407326	メンズジュエリー・アクセサリー
407327	指輪・リング
407333	ネックレスチェーン
407340	チョーカー
407344	ネックレス・ペンダント
407351	ペンダントトップ
407355	ピアス
407369	ブレスレット
407392	その他
407393	ペアリング
407396	ペアネックレス・ペンダント
407403	ペアブレスレット
407455	ジュエリー・アクセサリー用品
407456	ジュエリークリーナー・クロス
407461	ピアッサー
407470	リングゲージ
407691	グローブ
407694	プロテクター
407735	トレーニング用具
407736	スイング練習
407737	練習用ネット・マット
407896	スキー・スノーボードメンテナンス
407916	ヨガ・ピラティス
407919	ヨガマットバッグ
407921	その他
407937	ヘッドギア
407941	その他
407942	ラクロス
408067	岩盤浴
408076	体重計・体脂肪計・体組成計
408082	耳掃除用品
408088	ハードコンタクトレンズ
408099	カラコン・サークルレンズ
408115	レンズケース
408118	補聴器
408134	介護食
408147	介護者用文具
408149	ルーペ
408156	シュナップス
408163	ウォッカ
408175	テキーラ
408179	アクアビット
408186	チューハイ
408221	紹興酒
408224	果酒
408234	豆乳
408254	コーヒー飲料
408418	プリンタ複合機
408453	外付けメモリーカードリーダー
408507	ヘッドセット・イヤホンマイク
408515	内蔵ドライブ・ストレージ
408533	ビデオキャプチャ
408538	ベアボーンPC
408552	OAクリーナー
408565	セキュリティ
408740	レジスター
408741	ラミネーター
408743	ラミネーターフィルム
408751	ラベルライター
408781	ガーメントバッグ・ケース
408849	レディースコインケース
408891	マネークリップ
408914	メンズマフラー・ストール
408920	メンズ帽子
408929	メンズハンカチ
409031	革・レザーケア用品
409032	クリーナー・汚れ落とし
409033	クリーム・ワックス
409036	その他
409065	学生服
409067	シャツ
409071	ズボン・パンツ
409073	スカートスーツ
409096	3・4点セット
409120	ワンピーススーツ
409148	スーツ
409164	ネクタイ・リボン
409165	事務服
409166	セットアップ
409167	ジャケット
409168	ベスト
409169	シャツ・ブラウス
409170	スカート
409171	キュロット
409172	パンツ
409173	リボン・ネクタイ・スカーフ
409176	反物
409335	水着
409352	ポロシャツ
409365	水着
409395	その他
409406	ブーツ
409427	靴磨き
409431	消臭・防臭用品
409434	乾燥剤
409437	靴ひも
409613	ガーデンオーナメント・置物
409643	エアコン室外機カバー
409764	インテリア・収納
409777	ペット用仏具
409778	仏壇
409780	香炉
409781	水入れ
409782	ろうそく
409783	ろうそく立て
409785	骨壷
409786	りん
409787	セット
409788	その他
409789	空気清浄機
409803	アジリティ・障害物競技
409834	キャットウェア
409839	昆虫
409840	生体
409979	FAX
410199	CD-R/RW
410200	MiniDVビデオテープ
410202	DVDメディア
410505	デイムラー
410698	アクセサリー
410719	寒天・アガー
410723	だし昆布
410728	乾燥ひじき
410746	乾燥わかめ
410795	カツオ
410813	タコ
410830	馬肉
410842	バナナ
410850	マンゴー
410853	ドライフルーツ
410854	あんず
410855	いちご
410856	いちじく
410857	キウイフルーツ
410858	クランベリー
410859	パイナップル
410860	バナナ
410861	パパイヤ
410862	ブルーベリー
410863	プルーン
410864	マンゴー
410865	レーズン
410877	里芋
410879	生姜
410881	ニラ
410883	らっきょう
410885	生わさび
410894	鍋セット
410901	乾物
410902	麩
410905	高野豆腐
410924	そうめん
410933	冷麺
410946	各種チョコレートセット
410951	フルーツケーキ
410952	レモンケーキ
410953	バターケーキ
410961	各種ナッツセット
410970	マーラーカオ
410986	ごま
410989	小麦粉
410994	だし
410999	中華調味料
411007	ふりかけ
411014	みりん
412200	RUF
412209	抱っこひも
412217	おんぶ専用紐
500000	ジャズ
500127	イージーリスニング・ヒーリング
500129	カラオケ
500133	ジャズ
500182	趣味・実用・教養
500225	カホン
500227	アコーディオン
500232	メトロノーム
500247	モニターヘッドホン
500275	ロッキングチェア
500281	デスクライト・テーブルランプ
500292	クリップライト
500305	フットライト
500314	ソファカバー・イスカバー
500333	スタンドミラー
500349	火鉢
500361	フランス人形・ビスクドール
500368	ボトルキャップ
500377	飛行機・ヘリコプター
500382	船・ボート
500386	飛行機
500389	船・ボート
500392	ヘリコプター
500481	プレイステーション3
500483	周辺機器
500489	周辺機器
500616	周辺機器
500659	ソフト
500685	周辺機器
500739	Wii
500741	周辺機器
500749	周辺機器
500759	ソフト
500789	周辺機器
500882	ソフト
500904	ソフト
500915	ソフト
500936	テーブルトークRPG
500960	スカート
500976	キャミソール
500980	ニット・セーター
500985	スウェット・トレーナー
500988	パーカー
500991	ベスト・ジレ
500996	コート・ジャケット
501005	ケープ・マント
501029	キュロット
501030	礼服
501065	中華鍋
501077	ソムリエナイフ
501103	温水洗浄便座
501109	携帯用洗浄機
501122	非常食
501129	保存水
501132	給水用品
501137	簡易トイレ
501138	携帯トイレ
501141	防災ラジオ
501146	防災ヘルメット
501156	家具転倒防止用品
501165	火災警報器・ガス警報器
501168	避難はしご
501173	交換用シリンダー
501174	南京錠
501181	防犯センサー
501185	金庫
501352	一輪車
501409	ヘルメット
501633	ヘッドカバー
501634	アイアン用
501635	ドライバー用
501636	フェアウェイウッド用
501637	パター用
501642	バッティンググローブ・守備用手袋
501651	バットケース
501674	グローブ
501681	キーパーグローブ
501704	レディースウェア
501747	ボールバッグ
501751	ミサンガ
501775	水上バイク
501781	ヨット
501865	カーリング
501880	ウェア
501961	合気道
501969	弓道
501994	ドッジボール
502027	レディースウェア
502042	ボウリング
502046	スカッシュ
502047	ボール
502049	シューズ
502050	アイガード
502051	フィールドホッケー・インラインホッケー
502062	綱引き
502134	ココア・チョコレートドリンク
502368	レディース財布
502427	帽子
502429	ネクタイ
502456	ベルト・サスペンダー
502460	手袋・アームカバー
502462	リストバンド
502464	ハンカチ・ハンドタオル
502467	手鏡
502468	コンパクトミラー
502530	パーカー
502534	ニット・セーター
502556	パーカー
502627	物置き
502636	ガレージ
502656	オーナーズグッズ
502670	エビ・ザリガニ
502823	季節・空調家電
502824	その他季節・空調家電
502835	ヘッドホン・イヤホン
502854	アボカド
502855	イチジク
502856	グレープフルーツ
502866	パイナップル
502875	その他野菜
502877	豆類
502895	野菜・きのこ
502897	各種ケーキセット
502907	各種アイスクリーム・シャーベットセット
502908	各種洋菓子セット
502911	各種クッキー・焼き菓子セット
502915	各種あめ・ミント・ガムセット
502917	各種せんべい・米菓セット
502925	各種駄菓子セット
503020	シートマスク・フェイスパック
503041	美顔ローラー
503044	ピーリング・ゴマージュ
503054	日焼け止め
503106	リップライナー
503154	脱毛シート
503169	美顔器
503190	車用品・バイク用品
503249	その他
503250	耳あて
503285	メモリーカード
505030	特撮ヒーロー
505034	Blu-ray
505047	その他
505086	電子ドラム
505098	電話台・ファックス台
505107	脚付きマットレス
505109	畳ベッド
505140	ガーゼケット
505257	ジグソーパズル
505305	記念メダル
505374	スニーカー
505386	レッグウォーマー
505387	パーカー
505388	ベスト・ジレ
505391	ケープ・マント
505404	レッグウォーマー
505406	ベビーベッド
505408	ベビーベッド・ふとんセット
505410	ベビーソープ
505413	ベビーシャンプー
505416	手・口ふきウェットティッシュ
505429	浴槽・浴室内マット
505431	石けんケース・石けん台
505436	ソープボトル・シャンプーボトル
505441	整理棚・ラック
505478	洗濯板
505479	タライ
505526	ポケットティッシュケース
505528	スリッパ・ルームシューズ
505554	セキュリティポーチ
505555	パスポートカバー
505560	ブックカバー
505629	セット
505679	お香立て・スタンド・受け皿
505724	腕時計収納ケース
505730	ワインディングマシーン
505753	BMX
505812	レディースクラブ
505831	キッズ・ジュニア用クラブ
505918	クラブケース
505934	シューズバッグ
505948	グローブ
505979	フック付タオル
505980	スポーツタオル
505983	傘・パラソル
506000	マーカー・ハットクリップ
506012	レーザー距離計
506013	ヘッドスピード測定器
506187	シンガード・すねあて
506349	スノースクート
506359	スノーシュー
506379	ボールカゴ
506380	ネット・アンテナ
506384	歯ブラシ
506395	包帯・三角巾
506399	眼帯
506400	綿棒
506405	のど用綿棒
506407	鼻毛カッター
506410	健康サンダル・スリッパ
506414	カイロ
506499	ワインクーラー
506505	ワインバッグ
506536	炭酸飲料
506539	ドリップバッグ
506687	日傘
507513	犬用品
507524	猫用品
507539	貝・ヤドカリ
507541	エサ
507570	人工海水
507574	くつ乾燥機
507607	ポータブルスピーカー
507696	加工品
507712	あんこ
507725	玄米
507735	ポン酢
507747	ハーブ
507756	ミックススパイス・混合調味料
507779	缶詰
507780	水産物加工品
507785	肉加工品
507786	セット・詰め合わせ
507788	瓶詰
507789	水産物加工品
507790	肉加工品
507791	野菜・きのこ
507792	フルーツ・果物
507793	セット・詰め合わせ
507798	鰹節
507803	さば節
507806	海苔
507812	干ししいたけ
507813	切干大根
507814	かんぴょう
507818	粉類
507819	その他
507825	アウトバストリートメント
507832	白髪染め
507843	育毛・養毛剤
507851	デオドラント・制汗剤
507857	スリミングジェル・クリーム
507861	バストケアクリーム・ジェル
507906	緊急・応急用品
507914	トラック用品
508078	舞台
508090	アニメ
508092	キッズ・ファミリー
508119	演歌・純邦楽・落語
508180	ロフトベッド・システムベッド
508183	マットレス
508284	ローマンシェード
508289	クッションカバー
508297	座布団カバー
508304	からくり時計
508327	ロボット
508328	ソフビ人形
508399	開運財布
508414	バックパック・リュック
508418	レッスンバッグ・トートバッグ
508422	ショルダーバッグ・メッセンジャーバッグ
508430	おくるみ
508434	オールインワン・サロペット
508439	スウェット・トレーナー
508445	出産祝い・ギフト
508447	使い捨てクロス
508450	キャンドルスタンド
508456	シャワーヘッド
508464	バスピロー
508474	地球儀
508477	コースター
508488	重箱
508514	懐中電灯
508555	バングル
508565	バングル
508570	ウォレットチェーン
508574	カフス
508578	ネクタイピン
508582	ラペルピン
508586	男女兼用アクセサリー
508587	指輪・リング
508593	ネックレス・ペンダント
508599	ネックレスチェーン
508605	ブレスレット
508612	バングル
508618	その他
508619	ペアネックレスチェーン
508626	ペアバングル
508735	キッズ・ジュニア用ラケット
508854	キッズ・ジュニア用ウェア
508866	グローブ
508899	振動止め
508909	ウォータージャグ
508910	ステンシルマーク
508912	コート設備・整備
508917	ストリングマシン
508918	球出し機
508919	ボールカゴ
508920	軟式ボール用空気入れ
508930	ウェア
508934	ガット
508939	グリップテープ
508942	シャトル
508947	支柱・ネット
508949	ラケット
508966	ラケットケース
508979	卓球用ラバー
509005	卓球台
509011	得点板
509015	防球フェンス
509020	接着剤
509025	ラケット
509054	練習用具
509057	ランニング・マラソン
509075	その他
509086	マクロビオティック
509121	ブラックシリカ
509122	検査キット（非医療目的）
509160	タイムレコーダー
509170	ラベルライター用テープ・リフィル
509176	エコバッグ
509290	てぬぐい
509398	エサ
509408	昆虫ケース
509409	成虫用マット
509410	飼育セット
509433	バッテリー・充電器
509434	AC式充電器
509437	ソーラーチャージャー
509444	ブルーレイディスクメディア
509446	ポータブルブルーレイ・DVDプレーヤー
509495	双眼鏡
509503	単眼鏡
509508	天体望遠鏡
509519	顕微鏡
509597	運搬車輌・重機
509677	シャーベット
509683	ジェラート
509700	ポップコーン
509705	キャラメル・生キャラメル
509708	和菓子
509720	トッピング
509730	ザクロ
509731	びわ
509738	メロン
509741	弁当・駅弁
509742	つけ麺
509743	沖縄そば
509763	生クリーム・ホイップクリーム
509822	目元美容液
509843	アイクリーム・ジェル
510002	マスカラ下地
510003	まつげ・まゆげ美容液
510090	散髪はさみ
510096	ボディマッサージグッズ
510097	ボディマッサージオイル
510098	ボディスクラブ
510103	パフ・スポンジ
510900	ナイトウェア・ルームウェア
510901	日本酒・焼酎
510903	梅酒
510914	その他
510915	ビール・洋酒
511291	野菜系
511293	新ジャンル・第3のビール
511299	スイムキャップ・水泳帽
550008	スパッツ・レギンス
550091	その他
550092	特定保健用食品
550101	特別用途食品
550107	健康油
550648	洗濯乾燥機
550693	家電・パソコン関連サービス
550694	設置・引き取り・リサイクル券
550695	保証
550697	その他
550921	AVケーブル
550932	ブルーレイ・DVDレコーダー
550964	ラジカセ
551167	スイーツ・お菓子
551168	その他
551169	医薬品・コンタクト・介護
551172	身体測定器・医療計測器
551173	その他
551176	その他
551177	メンズファッション
551180	Tシャツ・カットソー
551182	カジュアルシャツ
551186	その他
551197	キーボード・シンセサイザー
551220	MIDIキーボード
551221	ベッドパッド・敷きパッド
551228	カーペット・ラグ
551256	乗り物のおもちゃ
551266	カスタネット
551267	木琴・鉄琴
551268	マラカス
551269	ハーモニカ
551282	からくり人形
551342	ウェディング
551348	ハロウィン
551465	ボストンバッグ
551466	スクールバッグ
551520	キッズ・ジュニア用スイミングゴーグル
551525	靴下・レッグウェア
551528	ナイトガウン
551529	和服
551537	和装小物
551554	お祭り用品
551587	ランドセルカバー
551604	生活習慣・しつけ
551605	食育
551623	レインウェア
551628	ブーツ
551629	レインシューズ・長靴
551630	靴下・レッグウェア
551632	トレーニングパンツ
551636	おねしょパンツ
551639	パジャマ
551642	ナイトガウン
551643	和服
551646	被布着
551648	甚平
551650	甚平セット
551652	浴衣
551654	浴衣セット
551662	和装小物
551687	踏み台
551691	歯ブラシ・虫歯ケア
551699	ベビーフード保存容器
551702	ベビー用教材
551703	英語
551704	ひらがな・カタカナ
551705	かず・すうじ
551706	生活習慣・しつけ
551707	色・かたち
551719	洗濯ボール
551722	断熱シート
551732	バスタオル
551736	フェイスタオル
551744	エッセンシャルオイル・精油
551798	キャリアオイル
551824	スポイト
551826	アロマプレート
551827	フェルト
551847	携帯用箸
551853	ブライダルジュエリー・アクセサリー
551854	ティアラ
551855	その他
551942	スポーツウェア・アクセサリー
552391	マウスパッド
552396	リストレスト
552401	デスクトップPC用キーボードカバー
552402	ノートPC用キーボードカバー
552407	USBハブ
552420	ノートPC用バッテリー
552436	PC用ACアダプター
552446	USBグッズ
552462	切替機・分配器
552468	ケーブル
552481	電源タップ
552710	メンズ財布
552925	メンズコインケース
553029	チュニック
553036	レインウェア
553037	レインコート
553038	レインスーツ
553124	種子
553126	苗物
553128	球根
553158	電話機・FAX
553172	デジタルフォトフレーム
553203	アクセサリー・部品
553204	リモコン
553229	交換用電池パック
553249	その他
553288	車・バイク関連サービス
553289	免許
553290	取り付け
553291	車検
553295	靴下・レッグウェア
553323	ノンアルコール
553324	赤ワイン
553325	白ワイン
553326	スパークリングワイン・シャンパン
553327	ロゼワイン
553406	医薬部外品
553486	洋画
553498	アジア・韓国
553511	邦画
553523	TVドラマ
553529	お笑い・バラエティー
553536	スポーツ
553550	アニメ
553602	ミュージック
553639	趣味・実用・教養
553651	アイドル
553664	キッズ・ファミリー
553674	舞台
553676	韓国（K-POP）・アジア
553694	クローゼット・ワードローブ
553697	コレクションケース
553714	ソファベッド
553753	ウォールステッカー・シール
553755	プール・水遊び
553756	ビーチボール
553757	ポンプ
553761	その他
553765	クッキングトイ
553769	メイキングトイ
553774	貯金箱
553775	プラネタリウム
553785	ガチャガチャ
553789	ロボットのおもちゃ
553843	パズルゲーム
553844	クリスタルパズル・半透明パズル
553848	Nintendo 3DS・2DS
553850	周辺機器
553858	福袋
554973	GPSナビ
554974	フィットネス水着
555000	禁煙グッズ
555001	電子タバコ・ベイプ
555083	オールインワン・サロペット
555084	ドレス
555086	トップス
555087	コート・ジャケット
555089	ボトムス
555091	スーツ・セットアップ
555420	電動毛玉取り器
555421	ドアホン・インターホン
555721	ライチ
558662	メンテナンス用品
558706	その他
558707	あられ・おかき
558736	医薬品
558846	ズボン・パンツ
558863	オーバーオール
558873	コート・ジャケット
558882	詰襟
558885	靴
558903	ブーティ
558908	バレエシューズ
558912	シューパーツ
558924	デッキシューズ
558925	ドライビングシューズ
558926	スリッポン
558927	モカシン
558929	腕時計
558944	キッチン用品・食器・調理器具
558945	鍋・フライパン
559203	グリルパン
559207	両面焼きフライパン
559215	クレープパン
559219	卵焼き器
559223	たこ焼きプレート
559227	たい焼き器
559231	ホットサンドメーカー
559235	ワッフルメーカー
559247	その他
559248	調理器具・製菓器具
559272	洗い桶
559275	その他
559278	その他
559279	その他
559284	その他
559311	PCバッグ・スリーブ
559657	放射能測定器・ガイガーカウンター
559934	ウォーターサーバー
559936	スポーツドリンク
559939	ゼリー飲料
560029	タブレットPC本体
560050	タブレットPCアクセサリー
560051	タブレットカバー・ケース
560052	タブレット用液晶保護フィルム
560053	タブレット用キーボード
560054	タッチペン・スタイラス
560055	タブレット用スタンド
560059	その他
560062	外付けドライブ・ストレージ
560070	レーザープリンタ
560088	キーボード
560100	マフラー・スカーフ
560198	爬虫類・両生類
560199	生体
560200	エサ
560202	スマートフォン本体
560271	ケース・カバー
560276	スマートフォン・携帯電話アクセサリー
560278	液晶保護フィルム
560279	スマートフォン用カメラレンズ
560280	アンテナ
560283	スマートフォンスタンド
560287	その他
560312	電子書籍リーダーアクセサリー
560313	電子書籍リーダー本体
560314	電子書籍リーダーケース
560315	その他
560744	BMWアルピナ
560827	ポンティアック
560833	スタークラフト
560869	ジープ
560874	ロールスロイス
560886	ベントレー
560930	MG
560934	TVR
560995	フェラーリ
561028	マセラティ
561041	ランボルギーニ
561053	電気自動車
561062	商用車
561341	テラモーターズ
561358	Prozza（プロッツァ）
561374	NOMEL（ノメル）
561533	SACHS（ザックス）
561543	Triumph（トライアンフ）
561606	MOTO GUZZI（モトグッチ）
561653	bimota（ビモータ）
561718	Malaguti（マラグーティ）
561728	adiva（アディバ）
561753	DERBI（デルビ）
561777	KTM
561825	KYMCO（キムコ）
561868	SYM
561899	電動バイク
562022	4輪バギー（ATV）
562032	トライク
562042	スノーモービル
562052	韓国惣菜
562077	春雨
562084	スキンケア
562134	つけまつげ
562135	スカルプケアローション・エッセンス
562550	靴下・レッグウェア
562584	ノンアルコール
562614	割れチョコ
562622	マフィン
562623	カヌレ
562624	甘栗
562625	スナック菓子
562637	家電
562640	住宅設備家電
562648	ソーラーパネル
562661	電気ケトル
562683	アクセサリー・パーツ
562694	DJエフェクター
562696	スタンド・テーブル・ラック
562701	リビング壁面収納・システム収納
562711	壁掛け照明・ブラケットライト
562921	プレイステーション・ヴィータ
562923	周辺機器
562991	名前シール
562992	名前スタンプ
562993	名前アイロンシール
562994	セット
563145	自転車用パーツ
563160	メンテナンス
563197	携帯食・保存食
563218	韓国調味料
563229	精米機
563310	名前シール・スタンプ
563321	その他
563337	その他生活家電
563338	その他
563339	赤ワイン
563340	白ワイン
563341	ロゼワイン
563342	スパークリングワイン・シャンパン
563543	WiiU
563544	プレイステーション4
563545	XboxOne
563547	周辺機器
563571	周辺機器
563596	周辺機器
563689	掛け布団
563727	サプリメント
563728	オールインワン化粧品
563730	ミドリムシ
563736	家事
563737	お店屋さん
563738	お医者さん
563739	大工さん
563772	保護用品
563781	まつげエクステ
563784	ジェルネイル
563790	眉・鼻毛・甘皮はさみ
563796	DJコントローラー
563807	DJソフトウェア
563813	CDJプレーヤー
563818	健康グッズ
563822	トレーニングパッド
563824	ブラシ
563825	デジタルパーカッション
563826	カウベル
563827	ウッドブロック
563828	シェイカー
563829	パンデイロ
563830	トライアングル
563831	ジングルスティック
563832	オーケストラシンバル
563833	クラベス
563835	モジュラーシンセ
563843	テレビ
563887	体操服
563889	スパッツ・レギンス
563890	ダンスシューズ
563894	犬用
563905	猫用
563966	PC眼鏡
563969	スノーシューズ
563970	スノーシューズ
563988	TVドキュメンタリー
563999	ソフトコンタクトレンズ
564008	ネックウォーマー・スヌード
564010	ティペット
564035	TVドキュメンタリー
564069	地図
564078	乗用玩具
564079	キックバイク・ランニングバイク
564080	きんつば
564081	パン
564104	アクセサリー・パーツ
564110	ダイレクトボックス
564112	PAシステム
564114	オカリナ
564115	琵琶
564116	横笛
564117	胡弓
564118	拍子
564119	摺鉦
564120	銅鑼
564123	アクセサリー・パーツ
564124	鳴子
564126	鈴
564128	ミュージックベル・ハンドベル
564129	ティンパニ
564131	子供用ヘルメット・プロテクター
564203	磁気・チタン・ゲルマニウムアクセサリー
564225	けんだま
564226	おはじき・ビー玉
564235	リストバンド
564239	ネームプレート
564242	ティー
564244	アプローチ練習
564245	パッティング練習
564275	イヤホンジャック・ピアス
564277	モバイルバッテリー
564278	スマートフォン・タブレット用ケーブル・変換アダプター
564330	トースター
564338	ウェディングドレス
564421	変換コネクタ・ケーブル
564423	バッグ
564424	酒粕
564500	スマートフォン・タブレット
564501	タブレットPCバッグ
564502	タブレット用スキンシール
564503	スキンシール
564504	ホームボタンシール
564505	三脚・一脚
564506	修理パーツ
564507	アームバンド・スマホバンド
564517	韓国コスメ
564562	スリッポン
564567	枕・抱き枕
564568	こたつ用布団・カバー
564569	ボディケア
564570	ヘアケア・スタイリング
564571	メイクアップ
564572	その他
564577	こたつ用敷布団
564581	モカシン
564582	スーツ
564585	ドレス
564586	パニエ
564588	水着
564589	着物
564590	着物セット
564602	浴衣セット
564610	キャップ
564611	スカート
564612	ブルマ
564613	ジャンパースカート
564614	ワンピース
564627	ウェディング小物
564629	ピンキーリング
564630	インディアンジュエリー
564631	ハワイアンジュエリー
564632	インディアンジュエリー
564633	ハワイアンジュエリー
564641	ベール
564642	グローブ
564643	パニエ
564644	ウェディングシューズ
564645	その他
564647	ご飯パック
564648	ケーキ
564649	せんべい・米菓
564651	ちんすこう
564652	コーンスナック
564653	ソフトキャンディ
564654	ミントタブレット・塩タブレット
564660	ジャスミンライス
564794	アバルト
564857	ネジ・釘・金属素材
564895	スマートウォッチ本体
564897	バックル
564980	セルカ棒
564981	ホールドリング・ホールドバンド
564982	保存容器・キャニスター
564983	グラス・タンブラー
564991	使い捨て食器
564992	ワイン・バー・酒用品
565016	ベリーダンス
565017	フラダンス
565031	キッズコスメ
565032	ドローン・マルチコプター
565033	コスプレ用インナー
565040	コスメセット
565041	ドレッサー
565042	ネイル
565050	写真・イラストケーキ
565051	オムレット・生クリームサンド
565053	おかずカップ・バラン
565054	その他
565057	メモリーカードケース
565058	アンプ
565059	フィルムカメラ
565060	ウェアラブルカメラ・アクションカム
565063	電池
565064	プロジェクター用アクセサリー
565065	オーディオ用アクセサリー
565066	衣類スチーマー・ハンガースチーマー
565067	ミニランドリー
565068	超音波洗浄器
565069	生活家電用アクセサリー・部品
565071	給湯器
565072	住宅設備家電用アクセサリー・部品
565074	スチームクッカー
565075	業務用炊飯器
565076	スープメーカー・豆乳メーカー
565077	流しそうめん器
565078	炭酸水メーカー
565079	水素水生成器
565080	キッチン家電用アクセサリー・部品
565081	美容・健康家電用アクセサリー・部品
565082	扇風機・サーキュレーター
565083	自然気化式加湿器
565084	イオン発生機
565086	電気あんか・カイロ
565087	季節・空調家電用アクセサリー
565088	電話機・FAX用アクセサリー
565089	電子辞書
565161	冷蔵庫・冷凍庫
565162	パソコン
565163	PCサプライ・消耗品
565164	オフィス機器用アクセサリー・部品
565165	その他
565166	外付け光学式ドライブ
565167	無線LAN
565168	有線LAN
565169	プロッター
565170	マウス
565171	ゲーミングマウス
565172	ジョイスティック
565173	キーボード・マウスセット
565174	増設メモリ
565175	PCケース用電源
565176	PCケース内部用ケーブル
565177	PC用ネジ
565179	その他
565180	タイムレコーダー用アクセサリー・部品
565181	その他
565210	バッグ
565211	財布・ケース
565212	スーツ用ファッション小物
565213	バッグ用アクセサリー
565214	クレジットカードケース
565215	レディース雨傘
565216	メンズ雨傘
565217	男女兼用雨傘
565218	晴雨兼用傘
565228	スティックPC
565247	ワイヤレスディスプレイアダプタ
565249	外付けSSDドライブ
565250	マッサージベッド・エステベッド
565251	懐中時計
565252	尾錠・バネ棒
565253	懐中時計用チェーン
565255	花・観葉植物用品
565256	栽培セット
565257	植木鉢・プランター
565258	プチカ
565259	庭園苔
565260	堆肥ワク
565261	ガーデンウェア
565262	土工農具
565263	剪定用具
565264	除雪用品
565265	ガーデニング機器用部品・アクセサリー
565266	農業機器
565267	防鳥・防獣用品
565268	運搬器具
565269	電動・エア工具用アクセサリー
565271	接着・補修用品
565272	シート・ビニールカーテン
565274	玄関・門用エクステリア
565275	水まわり用品
565276	道路用品
565277	建具
565278	建具金物
565279	壁材
565280	床材
565281	キッチン用設備
565282	トイレ用設備
565283	浴室用設備
565284	洗面用設備
565285	配管資材
565286	電設資材
565331	収納・保管用品
565363	溶接・熱工具本体
565368	溶接・熱工具用アクセサリー
565546	代行サービス
565547	リフォーム
565548	設備・部位のリフォーム
565549	全体のリフォーム
565550	ハウスクリーニング
565551	害虫獣駆除
565552	庭木・芝生の手入れ
565567	その他
565597	甘酒
565598	お茶・紅茶
565599	希釈用ドリンク
565600	茶葉・ティーバッグ
565601	その他
565602	カプセルコーヒー
565604	甲類焼酎
565605	セット
565606	セット
565607	物干しスタンド
565608	機内リラックスグッズ
565609	ビーズ・ストーン
565610	刺繍材料
565611	レザークラフト材料
565612	アクセサリークラフト材料
565613	道具・キット
565615	はさみ・裁断用品
565616	製本機
565617	ラベル・ステッカー
565618	実印・代表印
565619	銀行印
565620	ドアまわり防犯用品
565699	小動物用品
565700	観賞魚
565701	水槽・アクアリウム内装
565702	エサ
565703	牧草
565704	ケージ
565705	トイレタリー
565706	ウェア
565707	かじり木
565708	ホイール
565709	ハンモック
565710	その他
565711	止まり木
565712	おもちゃ
565713	餌入れ
565714	水浴び・砂浴び用品
565737	その他
565738	格闘技・武術
565739	レクリエーションスポーツ
565740	ジャージ
565741	ウインドブレーカー
565742	ベンチコート
565743	スポーツ用インナー
565744	スポーツケア用品
565745	ウェア
565746	キャンプ用食器
565747	スキー用ウェア
565748	スノーボード用ウェア
565749	ウェア
565750	シューズ
565751	クラブ
565752	シューズ
565753	ウェア
565754	シューズ
565755	卓球セット
565756	シューズ
565758	シューズ
565759	ウェア
565760	シューズ
565763	仕掛け
565764	ネット・ビク・ストリンガー
565766	マリンシューズ
565767	ウェア
565768	シューズ
565769	GPS
565770	ヨガタオル
565771	シューズ
565772	フィットネスマシン
565773	ウェア
565774	サイクリングシューズ
565775	耳栓
565776	ノーズクリップ
565777	タップダンス
565778	キッズ・ジュニア用ウェア
565779	短距離走用シューズ
565780	中長距離走用シューズ
565781	リレーバトン
565782	円盤投げ
565783	ハンマー投げ
565784	槍投げ
565785	ライン引き
565786	その他
565787	ウェア
565788	水着用インナー
565804	キッズ・ジュニア用ウェア
565805	キッズ・ジュニア用シューズ
565824	レディースウェア
565825	キッズ・ジュニア用ウェア
565949	チューハイ・ハイボール・カクテル
565950	Nintendo Switch
565952	ハイボール
565955	周辺機器
566016	オーダーメイド
566018	タンクトップ
566020	トップスのみ
566021	ボトムスのみ
566022	ジャケット
566024	ドレス
566025	シャツ・ワイシャツ
566026	ズボン・パンツ
566031	レインウェア
566033	礼服
566034	レインスーツ
566035	その他
566036	お祭り用品
566039	ジャケット
566045	ブラウス
566046	スカート
566047	セパレート
566048	ワンピース
566049	コート・ジャケット
566050	パニエ・ドロワーズ
566051	ソックス
566052	キャップ・ヘッドアクセサリー
566054	麹
566055	運動会用ハチマキ
566068	配膳用品・キッチンファブリック
566069	エプロン・三角巾
566086	トップス
566088	チャイルドシート
566089	抱っこひも・ベビースリング
566090	ベビー用インテリア・収納用品
566091	おむつケーキ
566092	Tシャツ・カットソー
566093	タンクトップ
566094	その他
566095	パンツ
566097	ボクサーパンツ
566098	下着セット
566099	部屋着
566100	部屋着セット
566101	トップス
566103	その他
566106	タンクトップ
566107	その他
566108	パンツ
566109	下着セット
566110	帯
566113	キッチン消耗品
566114	食器・カトラリー・グラス
566115	コーヒー・お茶用品
566116	その他
566119	携帯用カトラリー
566121	マグカップ・ティーカップ
566122	コーヒーフィルター
566123	コーヒードリッパー
566124	コーヒーサーバー
566125	サイフォン
566126	コーヒープレス
566127	その他
566128	鍋
566149	弁当箱・弁当袋
566150	水筒・コップ
566173	その他
566174	壁紙・装飾フィルム
566175	間仕切り
566176	木箱
566177	収納家具用部品
566178	電球
566179	フレーム・マットレスセット
566180	ソファ
566181	ソファ・ソファベッド用部品
566182	イス・チェア用部品
566183	カフェテーブル・ティーテーブル
566184	ネストテーブル
566185	囲炉裏テーブル
566186	テーブル用部品
566187	文机
566188	デスク用部品
566189	ウッドカーペット
566190	掘りごたつ用カーペット
566191	防音マット・シート
566192	アコーディオンカーテン
566193	カーテン・ブラインド用アクセサリー
566194	置き掛け兼用時計
566195	アートパネル・アートボード
566196	その他
566222	レディース
566223	メンズ
566224	ユニセックス
566225	インナー・下着
566226	靴下・レッグウェア
566227	その他
566240	動物用医薬品
566241	ジュエリー・アクセサリーの修理・リフォーム
566243	魚用
566244	小動物用
566245	鳥用
566246	昆虫用
566247	爬虫類・両生類用
566248	着物
566249	着物
566382	おもちゃ
566383	ファミリートイ・ゲーム
566384	ぬいぐるみ・人形
566385	ブロック
566386	スポーツトイ・アクショントイ
566387	サイコロ
566388	スポーツゲーム
566389	ドミノ
566390	バックギャモン
566391	チェッカー
566392	バランスゲーム
566393	車
566394	電車・機関車
566395	飛行機・ロケット
566396	抱き人形
566397	ミニドール
566398	人形用服・アクセサリー
566399	ドールハウス
566400	家具
566401	パーツ単品
566402	お料理・お食事
566403	本体
566404	ソフト
566405	本体
566406	ソフト
566407	本体
566408	ソフト
566409	本体
566410	ソフト
566411	本体
566412	ソフト
566413	本体
566414	ソフト
566415	本体
566416	ソフト
566417	本体
566418	ソフト
566419	3DS 本体
566420	ソフト
566421	ソフト
566422	本体
566423	ソフト
566424	本体
566425	ソフト
566426	本体
566427	本体
566428	本体
566429	本体
566430	本体
566447	DSi 本体
566448	DS Lite 本体
566449	DS 本体
566456	その他
566458	その他
566459	2DS 本体
566460	間接照明
566461	ハンドスピナー
566462	化粧フィルム
566463	物流・運搬器具
566469	ファイバースコープ
566470	トレーディングカード・テレカ
566471	サイングッズ
566472	客車
566473	蒸気機関車
566474	電気機関車
566475	ディーゼル機関車
566476	電車
566477	ディーゼルカー
566478	貨車
566479	線路
566480	ストラクチャー・レイアウト
566481	制御機器・アクセサリー
566482	車両パーツ
566483	ロボット
566484	デカール
566485	モデルガン
566486	BB弾
566487	雛祭り・端午の節句
566488	イースター
566489	賞品・景品
566491	視覚玩具・万華鏡
566495	その他
566498	パーツ
566499	バッテリー
566500	ヘルメット用アクセサリー・パーツ
566501	パーツ
566502	タイヤ・ホイール
566503	オイル・添加剤
566608	互換機
566609	互換機
566610	魚卵
566611	挽肉
566612	加工品
566613	カット野菜
566614	水煮野菜
566615	その他
566616	メンマ・ザーサイ
566617	アジアン・エスニック調味料
566618	米粉
566619	から揚げ粉
566620	セット・詰め合わせ
566621	お好み焼・たこ焼き粉
566622	とろろ昆布
566623	シリアル
566624	惣菜
566625	各種ドライフルーツセット
566694	家電セット
566695	修理
566697	和装下着・足袋
566698	和装下着・足袋
566717	パワーストーン
566729	もち麦
566733	親子ペアルック
566734	生姜湯
566735	無線・トランシーバー
566736	スマートスピーカー・AIスピーカー
566738	和装小物
566741	リボンスカーフ・ナロースカーフ
566742	花時計
566743	種菌
566744	標識・案内板
566745	コンセントプレート・スイッチプレート
566746	ガラス・窓用フィルム
566747	天蓋
566748	その他
566749	健康シューズ
566750	ビーチタオル
566752	特定小電力トランシーバー
566753	受信機・レシーバー
566754	その他
566790	ゲーミングチェア
566791	防犯ステッカー
566792	充電式電池
566793	充電式電池・充電器セット
566794	電池チェッカー
566795	イス・チェア
566800	ダーツ・ビリヤード・遊技機
566801	エステユニフォーム
566805	柚子茶
566806	デジタルメモ
566807	栄養補助スナック
566808	デジタルサイネージ・電子看板
566809	食品サンプル
566810	ぬいぐるみ用服・アクセサリー
566811	酪農・畜産用品
566812	ウェアラブルスピーカー
566813	名前札
566815	おむつ用ゴミ袋
566825	レジン液
566826	部屋着
566877	着色剤
566882	ベビーチェア
566886	VRゴーグル
566887	ケース型バッテリー
566888	クレードル・ドック
566889	足温器・フットヒーター
566890	スキンチェッカー
566891	デンタルケア
566892	パルスオキシメーター
566893	保温ジャー
566894	スロークッカー
566895	パッションフルーツ
566901	アイマッサージャー
566954	ギター・ベース
566955	PA機器
566956	ギター
566957	アクセサリー・パーツ
566958	セット
566959	アクセサリー・パーツ
566960	セット
566961	アクセサリー・パーツ
566962	指揮棒
566963	セット
566964	その他
566999	研磨剤
567167	ゲーム用機器
567168	スキャナ
567169	ゲーミングヘッドセット
567170	ゲーミングキーボード
567171	ノートPC用スキンシール
567172	ドッキングステーション
567173	冷却パッド・ノートPCクーラー
567177	プリントサーバー
567178	ドライブケース
567179	冷却パーツ
567181	光トランシーバー
567187	DAコンバーター
567188	無線・トランシーバー用アクセサリー
567210	ピアスキャッチ
567211	アンクレット
567212	ギフトボックス・ポーチ
567213	リングピロー
567214	料理用飾り花・葉
567215	電子工作・実験
567218	トライアスロン
567219	メディアストリーミング端末
567220	オリーブ
567222	精肉セット
567223	飲み比べセット
567224	飲み比べセット
567225	裏物・八掛
567229	朱印帳
567230	粘着式クリーナー
567231	造花・人工観葉植物
567232	リンスインシャンプー
567233	シャンプー・リンスセット
567241	ピストバイク
567242	タンデム自転車
567243	チャップス・ゲートル
567244	ボディプロテクター
567245	鞍下ゼッケン・サドルパッド
567246	ウェア
567247	シューズ
567248	ワイヤレス充電器
567249	DVDライター
567250	音声翻訳機
567255	ヘアアクセサリー
567256	エプロン
567259	ラバーカップ
567262	ボストンバッグ
567263	カートバッグ・ラウンドバッグ
567273	研究・実験用品
567274	試薬
567275	実験用素材
567276	バーナー・アルコールランプ
567277	スプーン・ヘラ・スパーテル
567278	スコップ・ひしゃく
567279	ピンセット
567280	トング
567281	ラップ・フィルム
567282	液体吸収材
567283	遮光用品
567284	分離器機
567285	スポイト・ピペット・シリンジ
567286	純水・純水装置
567287	容器・試験管
567288	撹拌器機
567289	粉砕・プレス器機
567290	加熱・冷却器機
567291	ポンプ
567292	設備
567431	化粧品原料
567432	タトゥーシール
567433	付け襟
567434	クリーニング
567435	クリーニング
567436	洋服ブラシ・毛玉取り
567437	花嫁着物
567438	花嫁着物セット
567439	セルフタンニングローション
567440	保湿ジェル
567441	保湿ミスト
567442	セット
567443	マニキュアうすめ液
567444	ネイルハードナー
567445	BBクリーム
567446	CCクリーム
567447	セット
567448	ボディパウダー
567449	泡立てネット
567450	トラベルポーチ・パッキングオーガナイザー
567451	ネクタイケース
567452	今川焼き・大判焼き・回転焼き
567453	葛餅
567454	黒糖
567455	水飴
567456	食用色素
567457	重曹・ベーキングソーダ
567458	スカート
567459	ネクタイ
567460	防犯カメラ
567461	ポータブルレコーダー・フィールドレコーダー
567462	練習機
567463	招待状
567464	ゲストブック
567465	席次表
567466	席札
567467	香典袋
567502	加熱式タバコ
567508	ベッド関連用品
567509	測定器・スポーツテスト用品
567517	冷却グッズ・暑さ対策用品
567525	カラオケ機器
567526	人体模型
567527	冷蔵庫マグネット
567528	キーボックス
567529	フットレスト
567530	収納ベンチ
567531	学習机セット
567532	着る毛布
567533	ハンディ洗濯機
567534	エアーポット・保温ポット
567535	ハーバリウム
567537	ロールスノコ
567538	シャンプー・トリートメントセット
567539	T字カミソリ
567540	T字カミソリ替刃
567541	かき氷器
567542	ブックマーク・しおり
567543	紙幣計数機・コインカウンタ
567544	写真整理用品
567545	360度カメラ
567546	アイテープ
567547	正月
567548	アクセサリースタンド
567549	缶バッジ
567550	レシートプリンタ
567551	朗読・ドラマ
567552	物干し金物
567553	エンゼルケア用品
567554	セット
567569	ベビー体温計
567578	名前旗
567602	ビタミン・ミネラル混合
567603	プロテイン
567604	アミノ酸
567605	コラーゲン
567606	ヒアルロン酸
567607	プラセンタ
567608	ファイトケミカル
567609	植物性エキス
567610	動物性エキス
567611	脂肪酸・オイル
567612	酵素
567613	グルコサミン・コンドロイチン
567650	コルン
567651	飲み比べセット
567652	ノンアルコール
567653	カナディアン・ウイスキー
567654	アイリッシュ・ウイスキー
567655	ジャパニーズ・ウイスキー
567656	アルマニャック
567657	カルヴァドス
567658	コニャック
567659	グラッパ
567660	マール
567661	赤ワインセット
567662	白ワインセット
567663	ロゼワインセット
567664	スパークリングワイン・シャンパンセット
567677	スムージー
567678	植物性ミルク
567679	フルーツ入り乳飲料
567680	業務用掃除機・クリーナー
567681	ジャム・はちみつ
567682	クルトン
567683	アーモンドミルク
567684	ライスミルク
567685	ココナッツミルク
567686	その他
567687	ライスヌードル
567688	ラード
567689	料理の素
567690	レンジファインダー
567691	フィールドスコープ
567692	暗視スコープ
567693	パークゴルフ
567694	床暖房設備
567695	スタンド灰皿
567696	ジンバル・スタビライザー
567697	コックシューズ
567699	お道具箱
567700	屋外ゴミ収集庫
567730	セット
567747	魚肉ソーセージ
567749	時計修理
567750	電卓・デジタル文具
567751	カッティングマシン
567752	浴用化粧品
567754	アイススケート
567755	アイスホッケー
567756	プロテインシェイカー
567757	業務用ビデオカメラ
567758	デジタルペン
567759	スマホノート
567760	デジタル名刺ホルダー
567761	その他デジタル文具
567762	電卓・デジタル文具用アクセサリー
567763	セット
567764	3Dプリンター
567765	作業用冷暖房器具
567766	荷締・牽引器具
567767	自動手指消毒機・アルコールディスペンサー
567768	ノートPC用キーボード
567769	神職用装束
567770	正座椅子
567771	巫女用装束
567772	冷却タオル
567789	ペーパーディスペンサー
567827	ダイニングベンチ
567828	土嚢
567830	樹脂素材
567831	ゴム素材
567832	鋼材
567843	ポータブルプロジェクター
567844	お茶飲料
567845	スマートリモコン
568193	目出し帽
568194	セット
568195	標本・化石
568196	病院用・医療用カーテン
568197	医療用帽子
568198	医療用ストッキング
568199	日用消耗品
568200	変換アダプター・変換プラグ
568201	エアーベッド
568202	連結金具
568203	オイルポット
568204	手挽きコーヒーミル
568205	おしぼりトレー
568206	裁縫・手芸制作代行
568207	ベラベッカ
568208	クライミングホールド
568209	ステッカー
568210	卓球ネット
568211	アームカバー
568212	トレーニングシューズ
568213	スカーフリング
568214	昆虫
568215	動物
568216	標本箱
568217	ピンバッジ
568218	脱臭機
568219	電気圧力鍋
568220	脱臭ハンガー
568221	セメント
568222	生ゴミ処理器・コンポスト容器
568223	スポンジ素材
568224	手すり
568225	シンバルスタンド
568226	ビデオミキサー・ビデオスイッチャー
568227	じゃばら
568228	ゆず
568229	スポンジ・たわし・ブラシ
568230	フロアワイパー・ダスター取替シート
568231	除湿剤・乾燥剤
568232	手芸材料セット
568233	ウェルカムボード
568234	下敷き
568242	プログラミング・ロボティクス
568247	トラベルカバー
568250	ボールケース
568279	パンツドレス
568282	線香
568283	位牌
568284	供物皿
568285	花立
568286	骨袋
568287	遺骨カプセル
568288	シャンプーブラシ
568289	ナイトウェア・ルームウェア
568290	ジュエリー・アクセサリー
568291	ヘアアクセサリー
568292	ナイトウェア・ルームウェア
568293	液体ミルク
568294	スピーカー
568295	パワーアンプ
568296	エフェクター・プロセッサー
568297	ヨガベルト
568298	ヨガマットストラップ
568299	ドラム缶
568300	平干しネット
568301	トイレディスペンサー
568302	ヒートシーラー
568303	ラーメンスープ
568304	ウォータードリッパー
568305	コーヒー用品セット
568306	お茶用品セット
568319	その他
568320	指輪・リング
568321	イヤリング
568322	ブレスレット
568323	その他
568324	その他
568325	その他
568326	その他
568327	スニーカー
568328	スリッポン
568355	動物用医療機器
568356	ねんど
568357	衛生マスク・フェイスシールド
568358	ハンドジェル・手指洗浄液
568359	ヘッドセット
568375	プレイステーション5
568376	本体
568377	周辺機器
568378	ソフト
568380	スマートウォッチアクセサリー
568382	Xbox Series X/S
568383	マットレストッパー
568384	フェイスカバー・ネックカバー
568385	非接触ドアオープナー・ハンドルフック
568386	本体
568387	周辺機器
568388	ソフト
568408	白衣・医療用衣料
568409	ビーズクッション
568410	各種スイーツ・お菓子セット
568411	プリンター・FAX用インク
568413	ドクターコート
568414	ケーシー
568415	スクラブ
568416	ナースウェア
568417	ナースシューズ
568418	手術衣
568419	患者衣・検診衣
568420	その他
568421	キーホルダー・キーケース
568422	クッション
568423	カバー
568424	補充用ビーズ
568425	シューズカバー
568426	ヘッドガードクッション
568427	アウトドアワゴン
568428	絆創膏
568444	しんじょ
568460	スクラブインナー
568463	カーディガン
568464	エプロン
568470	ペアルック
568471	保育士エプロン
568472	インソール
568473	シューズケース
568474	インソール
568475	インソール
568476	ランニングポーチ
568477	インソール
568478	インソール
568479	シューズケース
568480	インソール
568481	シューズケース
568482	インソール
568483	インソール
568484	インソール
568485	インソール
568486	インソール
568487	自動ソープディスペンサー
568488	傘用アクセサリー
568489	フードドライヤー
568490	モビール
568491	ナイトウェア・ルームウェア
568492	インナー・下着
568493	その他
568494	ベビーカー用フック
568495	ベビーマット・お昼寝マット・プレイマット
568496	離乳食・ベビーフード調理器具
568497	ナースサンダル
568498	コック帽・衛生帽
568499	ラップタオル
568514	浴衣ドレス
568524	検査キット
568525	動物用検査キット
568526	検査キット（医療目的）
568527	動物用検査キット（医療目的）
568528	動物用検査キット（非医療目的）
568529	スプレーボトル
568530	車中泊用マット
568531	ガレージマット・タイル
568532	カリンバ
568533	つけまつげ接着剤
568534	ガラス板
568535	ステンドグラス
568536	ラジオメーター
568537	衣類用消臭剤・芳香剤
568550	バスブーツ
568560	ICカードリーダー・ライター
568561	服薬管理・補助
568562	琥珀
568563	ホットサンドメーカー・ワッフルメーカー
568564	イヤーカフ
568565	ナプキンスタンド
568566	通帳ケース
568567	サウンドバー
568568	ホームシアターシステム用アクセサリー
568569	ピルケース
568570	ピルカッター
568571	投薬カレンダー
568572	服薬ゼリー・オブラート・空カプセル
568573	その他
568574	押し花
568583	アーチェリー
568584	救急・救助用品
568587	シャツ
568588	料理酒
568589	ヘアドライタオル
568590	誘導灯
568591	衣装ベース
568592	弓
568593	矢
568594	弦
568595	ケース・矢入れ
568596	防具
568597	その他
568598	グラウンドゴルフ
568599	シューズバッグ
568600	ラクトフェリン
568601	歯磨きコップ
568602	救急箱・救急セット
568603	ストレッチャー
568604	その他
568605	データプロジェクター
568626	乾燥もずく
568627	メカニカル部品
568628	シャワーヘッドホルダー・シャワーフック
568629	集音器
568630	ドライビングシューズ
568631	おむつストッカー
568632	AED
568633	吸入器
568634	ラインテープ
568635	製造たばこ
568650	シャツワンピース
568651	ジャンパースカート
568652	衣類関連サービス
568653	ウェア
568654	クライミングチョーク
568655	チョークバッグ
568656	ボルダリングマット
568657	お直し・リメーク・リフォーム
568658	リッププランパー
568659	リードディフューザー
568660	スリットドラム
568661	焼却炉
568671	ユーティリティ用
568692	ドアストッパー
568694	陶芸
568695	サインプレート
568696	苔テラリウム
568697	イオナイザー・静電気除去装置
568698	型枠部材
568699	衣類用防虫剤
568700	ピーカンナッツ
568701	ブラジルナッツ
568702	松の実
568703	かぼちゃの種・パンプキンシード
568704	ひまわりの種・サンフラワーシード
568705	デーツ
568706	プラム・すもも
568707	みかん・オレンジピール
568708	洋梨
568709	りんご
568710	レモン・レモンピール
568711	タッチペン・スタイラス用アクセサリー
568712	免許局無線機
568713	登録局無線機
568714	サウナハット
568748	電動キックボード
568749	電動バイク（ペダルあり）
568755	家具関連サービス
568756	設置・引き取り
568758	その他
568771	Nintendo Switch 2
568772	本体
568773	周辺機器
568774	ソフト
568781	氷
568782	寝具関連サービス
568783	ロッド・竿
568784	リール
568785	釣り餌
568786	釣り糸
568787	フィッシングスケール・フィッシュグリップ
568788	集魚灯
568789	カットツール・リリーサー・神経締め
568790	フローター・フロートチューブ
568791	捕獲用品
568792	ライブウェル・エアーポンプ
568793	パラソル・釣り台
568794	塗料
568795	クーラーボックス・保冷剤
568796	お直し・リメーク・リフォーム
568906	ほうとう
568907	きしめん
568911	酒精強化ワイン
568912	貴腐ワイン
568913	アイスワイン
568915	熊鈴
569279	熊用催涙スプレー
