date,ym,economic_growth_absolute,economic_growth_framing,public_debt_absolute,public_debt_framing,fiscal_policy_absolute,fiscal_policy_framing,monetary_policy_absolute,monetary_policy_framing,exchange_rate_absolute,exchange_rate_framing,financial_stability_absolute,financial_stability_framing,trade_absolute,trade_framing,capital_flows_absolute,capital_flows_framing,labor_market_absolute,labor_market_framing,inflation_prices_absolute,inflation_prices_framing,energy_absolute,energy_framing,food_security_absolute,food_security_framing,housing_real_estate_absolute,housing_real_estate_framing,inequality_absolute,inequality_framing,poverty_absolute,poverty_framing,health_absolute,health_framing,education_absolute,education_framing,climate_environment_absolute,climate_environment_framing,infrastructure_absolute,infrastructure_framing,political_stability_absolute,political_stability_framing,corruption_governance_absolute,corruption_governance_framing,external_shocks_absolute,external_shocks_framing,gender_equality_absolute,gender_equality_framing,covid_pandemic_absolute,covid_pandemic_framing,us_china_trade_war_absolute,us_china_trade_war_framing,oil_absolute,oil_framing,gasoline_absolute,gasoline_framing,diesel_absolute,diesel_framing,natural_gas_absolute,natural_gas_framing,fuel_rationing_absolute,fuel_rationing_framing,armed_conflicts_absolute,armed_conflicts_framing
2015-01-01,2015-1,0.0,0.0,,,0.0,0.0,,,0.0,0.0,,,0.0,0.0,0.0,0.0,0.0,0.0,0.0,0.0,0.0,0.0,0.0,0.0,0.0,0.0,0.0,0.0,0.0,0.0,0.0,0.0,0.0,0.0,0.0,0.0,0.0,0.0,0.0,0.0,0.0,0.0,0.0,0.0,0.0,0.0,0.0,0.0,,,,,,,,,0.0,0.0,,,,
2015-02-01,2015-2,0.0,0.0,,,0.0,0.0,,,0.0,0.0,,,0.0,0.0,0.0,0.0,0.0,0.0,0.0,0.0,0.0,0.0,0.0,0.0,0.0,0.0,0.0,0.0,0.0,0.0,0.0,0.0,0.0,0.0,0.0,0.0,0.0,0.0,0.0,0.0,0.0,0.0,0.0,0.0,0.0,0.0,0.0,0.0,,,,,,,,,0.0,0.0,,,,
2015-03-01,2015-3,0.0,0.0,,,0.0,0.0,,,0.0,0.0,,,0.0,0.0,0.0,0.0,0.0,0.0,0.0,0.0,0.0,0.0,0.0,0.0,0.0,0.0,0.0,0.0,0.0,0.0,0.0,0.0,1900.2264408003227,3164.7578025362745,0.0,0.0,0.0,0.0,3595.7735863828634,4721.18539550807,0.0,0.0,0.0,0.0,0.0,0.0,0.0,0.0,,,,,,,,,0.0,0.0,,,,
2015-04-01,2015-4,0.0,0.0,,,0.0,0.0,,,0.0,0.0,,,0.0,0.0,0.0,0.0,0.0,0.0,0.0,0.0,0.0,0.0,0.0,0.0,0.0,0.0,0.0,0.0,0.0,0.0,0.0,0.0,0.0,0.0,0.0,0.0,0.0,0.0,0.0,0.0,0.0,0.0,0.0,0.0,0.0,0.0,0.0,0.0,,,,,,,,,0.0,0.0,,,,
2015-05-01,2015-5,0.0,0.0,,,0.0,0.0,,,0.0,0.0,,,0.0,0.0,0.0,0.0,0.0,0.0,0.0,0.0,231.70430004920811,448.3576536526728,2518.2008017093945,3294.4447068361505,0.0,0.0,0.0,0.0,3718.563481684772,4547.338859373812,261.2856248733279,585.845663898833,604.6175038910119,632.9515605072548,0.0,0.0,275.2300772590687,714.7226025896128,0.0,0.0,0.0,0.0,0.0,0.0,0.0,0.0,0.0,0.0,,,,,,,,,0.0,0.0,,,,
2015-06-01,2015-6,0.0,0.0,,,0.0,0.0,,,0.0,0.0,,,1771.7329270813916,1653.680642864884,0.0,0.0,0.0,0.0,0.0,0.0,0.0,0.0,879.3717085334393,719.0256304602709,644.2794172815281,618.9820226461441,0.0,0.0,0.0,0.0,0.0,0.0,1266.8176272002154,828.8651387595005,264.8139758713864,295.11256624695733,288.33627141426246,467.9731326479608,0.0,0.0,0.0,0.0,0.0,0.0,0.0,0.0,0.0,0.0,,,,,,,,,0.0,0.0,,,,
2015-07-01,2015-7,0.0,0.0,,,0.0,0.0,,,0.0,0.0,,,0.0,0.0,0.0,0.0,0.0,0.0,0.0,0.0,64.52524811496934,85.13120006063407,0.0,0.0,0.0,0.0,0.0,0.0,0.0,0.0,72.76308540776219,111.23651846180373,168.374494754459,120.18067604568132,0.0,0.0,0.0,0.0,637.2256988526593,358.5710426968155,509.3323003885166,604.6604648312367,0.0,0.0,0.0,0.0,0.0,0.0,,,,,,,,,0.0,0.0,,,,
2015-08-01,2015-8,0.0,0.0,,,0.0,0.0,,,0.0,0.0,,,0.0,0.0,0.0,0.0,0.0,0.0,0.0,0.0,49.01437116425556,97.0004539152417,177.56544114617523,237.58014712760695,0.0,0.0,0.0,0.0,0.0,0.0,0.0,0.0,127.8998565923294,136.9366356866657,53.47205282018378,97.51097031586524,58.2217471124953,154.62748613717585,0.0,0.0,0.0,0.0,0.0,0.0,0.0,0.0,0.0,0.0,,,,,,,,,0.0,0.0,,,,
2015-09-01,2015-9,0.0,0.0,,,0.0,0.0,,,0.0,0.0,,,0.0,0.0,0.0,0.0,0.0,0.0,0.0,0.0,0.0,0.0,0.0,0.0,0.0,0.0,0.0,0.0,0.0,0.0,0.0,0.0,0.0,0.0,0.0,0.0,0.0,0.0,0.0,0.0,0.0,0.0,0.0,0.0,0.0,0.0,0.0,0.0,,,,,,,,,0.0,0.0,,,,
2015-10-01,2015-10,0.0,0.0,,,0.0,0.0,,,209.94358146150304,169.6753263828248,,,265.75993906220873,270.6022870142537,3135.4838709677415,3461.1275964391693,0.0,0.0,0.0,0.0,36.41067572201842,48.03832003421494,0.0,0.0,0.0,0.0,0.0,0.0,0.0,0.0,0.0,0.0,0.0,0.0,0.0,0.0,43.250440712139365,76.57742170602995,359.5773586382863,202.33651695034587,287.40894093352006,341.20126229762644,0.0,0.0,0.0,0.0,0.0,0.0,,,,,,,,,0.0,0.0,,,,
2015-11-01,2015-11,0.0,0.0,,,0.0,0.0,,,0.0,0.0,,,207.85693557938112,564.384658204775,0.0,0.0,0.0,0.0,0.0,0.0,2336.7066099740923,3407.77515532074,0.0,0.0,75.58585342408989,211.25237136526596,0.0,0.0,0.0,0.0,0.0,0.0,0.0,0.0,0.0,0.0,0.0,0.0,421.8505324806711,633.0080977217524,224.78911581392632,711.6301932464461,0.0,0.0,0.0,0.0,0.0,0.0,,,,,,,,,0.0,0.0,,,,
2015-12-01,2015-12,1528.870292887029,2616.0061365379697,,,0.0,0.0,,,0.0,0.0,,,0.0,0.0,0.0,0.0,0.0,0.0,0.0,0.0,51.489844455379576,79.25514079718963,0.0,0.0,0.0,0.0,0.0,0.0,0.0,0.0,58.06347219407286,103.55857695181388,134.35944530911374,111.88537685734303,56.17266154847589,79.67226306391684,61.16223939090415,126.33985399311338,254.2466172189903,166.91059479068934,0.0,0.0,0.0,0.0,0.0,0.0,0.0,0.0,,,,,,,,,0.0,0.0,,,,
2016-01-01,2016-1,0.0,0.0,,,0.0,0.0,,,0.0,0.0,,,0.0,0.0,0.0,0.0,0.0,0.0,0.0,0.0,45.92337478452773,100.98145352537674,0.0,0.0,121.8907005667756,212.91764906746965,0.0,0.0,0.0,0.0,51.78634006498391,131.94722159883622,119.83409987029064,142.55665777190424,50.099941381073094,101.51292205055042,0.0,0.0,0.0,0.0,0.0,0.0,0.0,0.0,0.0,0.0,0.0,0.0,,,,,,,,,0.0,0.0,,,,
2016-02-01,2016-2,0.0,0.0,,,0.0,0.0,,,0.0,0.0,,,0.0,0.0,0.0,0.0,0.0,0.0,0.0,0.0,0.0,0.0,0.0,0.0,0.0,0.0,0.0,0.0,0.0,0.0,0.0,0.0,0.0,0.0,0.0,0.0,0.0,0.0,0.0,0.0,0.0,0.0,0.0,0.0,0.0,0.0,0.0,0.0,,,,,,,,,0.0,0.0,,,,
2016-03-01,2016-3,0.0,0.0,,,0.0,0.0,,,0.0,0.0,,,0.0,0.0,0.0,0.0,0.0,0.0,0.0,0.0,0.0,0.0,0.0,0.0,0.0,0.0,0.0,0.0,0.0,0.0,0.0,0.0,0.0,0.0,0.0,0.0,0.0,0.0,0.0,0.0,0.0,0.0,0.0,0.0,0.0,0.0,0.0,0.0,,,,,,,,,0.0,0.0,,,,
2016-04-01,2016-4,0.0,0.0,,,0.0,0.0,,,0.0,0.0,,,0.0,0.0,0.0,0.0,0.0,0.0,0.0,0.0,0.0,0.0,0.0,0.0,0.0,0.0,0.0,0.0,0.0,0.0,0.0,0.0,0.0,0.0,0.0,0.0,0.0,0.0,0.0,0.0,0.0,0.0,0.0,0.0,0.0,0.0,0.0,0.0,,,,,,,,,0.0,0.0,,,,
2016-05-01,2016-5,0.0,0.0,,,0.0,0.0,,,255.58349047487323,413.1225338016604,,,323.533838858341,658.8577422955742,0.0,0.0,0.0,0.0,0.0,0.0,0.0,0.0,0.0,0.0,0.0,0.0,0.0,0.0,237.1257872378695,395.4207703803315,49.985076062723586,152.82930362578247,0.0,0.0,0.0,0.0,52.65271043216966,186.44937458859465,0.0,0.0,349.8891454842853,830.7508995072643,0.0,0.0,0.0,0.0,0.0,0.0,,,,,,,,,0.0,0.0,,,,
2016-06-01,2016-6,0.0,0.0,,,0.0,0.0,,,0.0,0.0,,,0.0,0.0,0.0,0.0,0.0,0.0,0.0,0.0,48.547567629357886,149.45255121755758,175.87434170668786,366.0494118706834,0.0,0.0,0.0,0.0,259.70919554623805,505.25987326375696,54.745559497268694,195.2818879662776,126.68176272002152,210.98385350241833,52.96279517427727,150.23912463481463,0.0,0.0,239.71823909219097,314.7456930338713,0.0,0.0,0.0,0.0,0.0,0.0,0.0,0.0,,,,,,,,,0.0,0.0,,,,
2016-07-01,2016-7,0.0,0.0,,,0.0,0.0,,,0.0,0.0,,,0.0,0.0,0.0,0.0,0.0,0.0,0.0,0.0,0.0,0.0,0.0,0.0,0.0,0.0,0.0,0.0,0.0,0.0,0.0,0.0,0.0,0.0,0.0,0.0,0.0,0.0,0.0,0.0,0.0,0.0,0.0,0.0,0.0,0.0,0.0,0.0,,,,,,,,,0.0,0.0,,,,
2016-08-01,2016-8,0.0,0.0,,,0.0,0.0,,,0.0,0.0,,,341.3430409973323,231.70838031801543,0.0,0.0,0.0,0.0,0.0,0.0,0.0,0.0,0.0,0.0,0.0,0.0,0.0,0.0,0.0,0.0,0.0,0.0,0.0,0.0,0.0,0.0,0.0,0.0,0.0,0.0,0.0,0.0,0.0,0.0,0.0,0.0,0.0,0.0,,,,,,,,,0.0,0.0,,,,
2016-09-01,2016-9,0.0,0.0,,,0.0,0.0,,,0.0,0.0,,,0.0,0.0,0.0,0.0,0.0,0.0,0.0,0.0,0.0,0.0,0.0,0.0,0.0,0.0,0.0,0.0,0.0,0.0,0.0,0.0,0.0,0.0,0.0,0.0,0.0,0.0,0.0,0.0,0.0,0.0,0.0,0.0,0.0,0.0,0.0,0.0,,,,,,,,,0.0,0.0,,,,
2016-10-01,2016-10,0.0,0.0,,,0.0,0.0,,,0.0,0.0,,,0.0,0.0,0.0,0.0,0.0,0.0,0.0,0.0,0.0,0.0,0.0,0.0,0.0,0.0,0.0,0.0,0.0,0.0,0.0,0.0,0.0,0.0,0.0,0.0,0.0,0.0,0.0,0.0,0.0,0.0,0.0,0.0,0.0,0.0,0.0,0.0,,,,,,,,,0.0,0.0,,,,
2016-11-01,2016-11,0.0,0.0,,,0.0,0.0,,,0.0,0.0,,,0.0,0.0,0.0,0.0,0.0,0.0,0.0,0.0,0.0,0.0,134.79420349782646,80.15680551912774,0.0,0.0,0.0,0.0,199.0471936668248,110.64084815994676,0.0,0.0,0.0,0.0,0.0,0.0,0.0,0.0,0.0,0.0,293.7025673773198,232.4485485239304,0.0,0.0,0.0,0.0,20.18348448798472,32.81689327500131,,,,,,,,,0.0,0.0,,,,
2016-12-01,2016-12,0.0,0.0,,,0.0,0.0,,,0.0,0.0,,,0.0,0.0,0.0,0.0,0.0,0.0,0.0,0.0,0.0,0.0,0.0,0.0,5384.311188391134,5278.05003599747,0.0,0.0,0.0,0.0,0.0,0.0,125.48665175096473,179.13723410582685,1519.669413143046,1595.9780558225211,0.0,0.0,0.0,0.0,0.0,0.0,0.0,0.0,0.0,0.0,0.0,0.0,,,,,,,,,0.0,0.0,,,,
2017-01-01,2017-1,0.0,0.0,,,0.0,0.0,,,0.0,0.0,,,0.0,0.0,0.0,0.0,0.0,0.0,0.0,0.0,0.0,0.0,0.0,0.0,0.0,0.0,0.0,0.0,0.0,0.0,0.0,0.0,0.0,0.0,0.0,0.0,0.0,0.0,0.0,0.0,0.0,0.0,0.0,0.0,0.0,0.0,0.0,0.0,,,,,,,,,0.0,0.0,,,,
2017-02-01,2017-2,0.0,0.0,,,0.0,0.0,,,0.0,0.0,,,0.0,0.0,0.0,0.0,0.0,0.0,0.0,0.0,0.0,0.0,0.0,0.0,0.0,0.0,0.0,0.0,0.0,0.0,0.0,0.0,0.0,0.0,0.0,0.0,0.0,0.0,0.0,0.0,0.0,0.0,0.0,0.0,0.0,0.0,0.0,0.0,,,,,,,,,0.0,0.0,,,,
2017-03-01,2017-3,0.0,0.0,,,0.0,0.0,,,0.0,0.0,,,0.0,0.0,0.0,0.0,0.0,0.0,0.0,0.0,0.0,0.0,0.0,0.0,0.0,0.0,0.0,0.0,0.0,0.0,0.0,0.0,0.0,0.0,0.0,0.0,0.0,0.0,0.0,0.0,0.0,0.0,0.0,0.0,0.0,0.0,0.0,0.0,,,,,,,,,0.0,0.0,,,,
2017-04-01,2017-4,0.0,0.0,,,0.0,0.0,,,0.0,0.0,,,0.0,0.0,0.0,0.0,0.0,0.0,0.0,0.0,0.0,0.0,0.0,0.0,0.0,0.0,0.0,0.0,378.74257683826386,105.26247359661602,0.0,0.0,0.0,0.0,0.0,0.0,0.0,0.0,0.0,0.0,0.0,0.0,7200.0,7200.0,0.0,0.0,38.40468576185982,31.221627629688747,,,,,,,,,0.0,0.0,,,,
2017-05-01,2017-5,0.0,0.0,,,0.0,0.0,,,0.0,0.0,,,0.0,0.0,0.0,0.0,0.0,0.0,0.0,0.0,0.0,0.0,0.0,0.0,0.0,0.0,0.0,0.0,0.0,0.0,0.0,0.0,0.0,0.0,0.0,0.0,0.0,0.0,0.0,0.0,0.0,0.0,0.0,0.0,0.0,0.0,0.0,0.0,,,,,,,,,0.0,0.0,,,,
2017-06-01,2017-6,0.0,0.0,,,0.0,0.0,,,0.0,0.0,,,0.0,0.0,0.0,0.0,0.0,0.0,0.0,0.0,0.0,0.0,0.0,0.0,0.0,0.0,0.0,0.0,0.0,0.0,0.0,0.0,0.0,0.0,0.0,0.0,0.0,0.0,0.0,0.0,0.0,0.0,0.0,0.0,0.0,0.0,0.0,0.0,,,,,,,,,0.0,0.0,,,,
2017-07-01,2017-7,0.0,0.0,,,0.0,0.0,,,0.0,0.0,,,0.0,0.0,4064.5161290322576,3738.872403560831,1892.1501706484637,2683.4462729912875,7200.0,7200.000000000001,0.0,0.0,341.97788665189313,254.2009804657523,125.27655336029711,109.41601410411636,0.0,0.0,252.49505122550923,175.43745599436005,106.44969902246692,135.6124221988039,123.1628248666876,73.25828246611746,0.0,0.0,56.0653861083288,82.72252344787185,233.05939911740785,109.2866989700942,0.0,0.0,0.0,0.0,0.0,0.0,0.0,0.0,,,,,,,,,0.0,0.0,,,,
2017-08-01,2017-8,0.0,0.0,,,0.0,0.0,,,0.0,0.0,,,0.0,0.0,0.0,0.0,0.0,0.0,0.0,0.0,0.0,0.0,0.0,0.0,0.0,0.0,0.0,0.0,0.0,0.0,0.0,0.0,0.0,0.0,0.0,0.0,0.0,0.0,0.0,0.0,0.0,0.0,0.0,0.0,0.0,0.0,0.0,0.0,,,,,,,,,0.0,0.0,,,,
2017-09-01,2017-9,0.0,0.0,,,0.0,0.0,,,0.0,0.0,,,238.5025094148027,283.3229073439837,0.0,0.0,0.0,0.0,0.0,0.0,130.70498977134815,201.18612663901985,473.5078430564674,492.75882367207385,86.72992155712879,106.0493675162974,0.0,0.0,174.80426623304487,170.03938042530282,73.69594547709248,131.4397322849946,0.0,0.0,35.648035213455856,50.56124386748569,38.81449807499687,80.17721503409119,161.34881477359005,105.92403130947594,0.0,0.0,0.0,0.0,0.0,0.0,17.725239582396842,50.43493694026644,,,,,,,,,0.0,0.0,,,,
2017-10-01,2017-10,0.0,0.0,,,7200.0,7200.0,,,0.0,0.0,,,288.4216392923195,244.7307505296868,0.0,0.0,0.0,0.0,0.0,0.0,39.51546202389596,43.44550907487139,286.30706789460817,212.81942550621125,104.88269583652784,91.6041048313532,0.0,0.0,0.0,0.0,178.2413565027353,227.0719627514856,309.3391880372619,183.9975466590857,43.10925188603964,43.6741641380275,46.938462788368305,69.25606614240434,195.1194969355042,91.4958409982184,0.0,0.0,0.0,0.0,1801.0869142690235,1963.4812439287325,0.0,0.0,,,,,,,,,0.0,0.0,,,,
2017-11-01,2017-11,0.0,0.0,,,0.0,0.0,,,511.16698094974646,295.0875241440431,,,647.067677716682,470.61267306826727,0.0,0.0,0.0,0.0,0.0,0.0,44.32604000941373,41.77245220366516,481.7427620661451,306.9358422518152,0.0,0.0,0.0,0.0,237.1257872378695,141.22170370726124,249.92538031361795,272.9094707603259,346.9978717983198,176.91192684985384,48.35733472434011,41.99230191656309,52.65271043216966,66.58906235306951,218.8731748233047,87.9723986740634,349.88914548428534,296.69674982402296,0.0,0.0,0.0,0.0,0.0,0.0,,,,,,,,,0.0,0.0,,,,
2017-12-01,2017-12,0.0,0.0,,,0.0,0.0,,,0.0,0.0,,,0.0,0.0,0.0,0.0,0.0,0.0,0.0,0.0,0.0,0.0,0.0,0.0,0.0,0.0,0.0,0.0,0.0,0.0,0.0,0.0,0.0,0.0,0.0,0.0,5922.4084797542755,4815.11658757831,0.0,0.0,0.0,0.0,0.0,0.0,0.0,0.0,0.0,0.0,,,,,,,,,0.0,0.0,,,,
2018-01-01,2018-1,0.0,0.0,,,0.0,0.0,,,0.0,0.0,,,0.0,0.0,0.0,0.0,0.0,0.0,0.0,0.0,0.0,0.0,0.0,0.0,0.0,0.0,0.0,0.0,0.0,0.0,52.25712497466557,62.13514617108832,0.0,0.0,50.555395393628295,47.8033578383501,0.0,0.0,0.0,0.0,0.0,0.0,0.0,0.0,0.0,0.0,0.0,0.0,,,,,,,,,0.0,0.0,,,,
2018-02-01,2018-2,0.0,0.0,,,0.0,0.0,,,0.0,0.0,,,0.0,0.0,0.0,0.0,0.0,0.0,0.0,0.0,3611.287557373428,1937.258957601103,0.0,0.0,0.0,0.0,0.0,0.0,0.0,0.0,0.0,0.0,0.0,0.0,0.0,0.0,0.0,0.0,0.0,0.0,0.0,0.0,0.0,0.0,0.0,0.0,0.0,0.0,,,,,,,,,7200.0,7200.0,,,,
2018-03-01,2018-3,0.0,0.0,,,0.0,0.0,,,0.0,0.0,,,372.0639146870922,336.749512728849,0.0,0.0,0.0,0.0,0.0,0.0,50.97494601082578,59.78102048702303,184.6680587920223,146.41976474827334,135.29867762912093,126.04724824794204,3349.732620320856,3866.666666666667,0.0,0.0,0.0,0.0,133.0158508560226,84.39354140096731,55.610934932991135,60.09564985392584,60.55061699699512,95.29634701194838,251.7041510468005,125.89827721354852,402.37251730692816,424.6060153037129,0.0,0.0,0.0,0.0,0.0,0.0,,,,,,,,,0.0,0.0,,,,
2018-04-01,2018-4,0.0,0.0,,,0.0,0.0,,,0.0,0.0,,,0.0,0.0,0.0,0.0,0.0,0.0,0.0,0.0,0.0,0.0,0.0,0.0,0.0,0.0,0.0,0.0,0.0,0.0,63.86981941348016,260.3758506217035,147.7953898400251,281.31180466989105,0.0,0.0,0.0,0.0,0.0,0.0,0.0,0.0,0.0,0.0,0.0,0.0,0.0,0.0,,,,,,,,,0.0,0.0,,,,
2018-05-01,2018-5,0.0,0.0,,,0.0,0.0,,,0.0,0.0,,,0.0,0.0,0.0,0.0,0.0,0.0,0.0,0.0,0.0,0.0,0.0,0.0,0.0,0.0,0.0,0.0,0.0,0.0,0.0,0.0,0.0,0.0,0.0,0.0,0.0,0.0,0.0,0.0,0.0,0.0,0.0,0.0,0.0,0.0,0.0,0.0,,,,,,,,,0.0,0.0,,,,
2018-06-01,2018-6,1739.7489539748951,1701.0483252365125,,,0.0,0.0,,,0.0,0.0,,,0.0,0.0,0.0,0.0,0.0,0.0,0.0,0.0,0.0,0.0,212.26213654255432,126.22393512782186,0.0,0.0,3850.267379679144,3333.3333333333335,0.0,0.0,0.0,0.0,305.78356518625884,145.50610586373674,63.92061486550705,51.80659470166022,0.0,0.0,0.0,0.0,0.0,0.0,0.0,0.0,1335.2885743718623,1164.5474963991103,0.0,0.0,,,,,,,,,0.0,0.0,,,,
2018-07-01,2018-7,0.0,0.0,,,0.0,0.0,,,6223.305947113878,6322.114615671471,,,0.0,0.0,0.0,0.0,0.0,0.0,0.0,0.0,0.0,0.0,0.0,0.0,0.0,0.0,0.0,0.0,0.0,0.0,0.0,0.0,0.0,0.0,0.0,0.0,0.0,0.0,0.0,0.0,0.0,0.0,0.0,0.0,0.0,0.0,0.0,0.0,,,,,,,,,0.0,0.0,,,,
2018-08-01,2018-8,0.0,0.0,,,0.0,0.0,,,0.0,0.0,,,0.0,0.0,0.0,0.0,0.0,0.0,0.0,0.0,0.0,0.0,0.0,0.0,0.0,0.0,0.0,0.0,0.0,0.0,0.0,0.0,0.0,0.0,0.0,0.0,0.0,0.0,0.0,0.0,0.0,0.0,0.0,0.0,0.0,0.0,0.0,0.0,,,,,,,,,0.0,0.0,,,,
2018-09-01,2018-9,0.0,0.0,,,0.0,0.0,,,0.0,0.0,,,0.0,0.0,0.0,0.0,0.0,0.0,0.0,0.0,0.0,0.0,0.0,0.0,0.0,0.0,0.0,0.0,0.0,0.0,0.0,0.0,0.0,0.0,1770.1643713534384,1598.7841710855057,0.0,0.0,0.0,0.0,0.0,0.0,0.0,0.0,0.0,0.0,0.0,0.0,,,,,,,,,0.0,0.0,,,,
2018-10-01,2018-10,0.0,0.0,,,0.0,0.0,,,0.0,0.0,,,0.0,0.0,0.0,0.0,0.0,0.0,0.0,0.0,0.0,0.0,0.0,0.0,0.0,0.0,0.0,0.0,0.0,0.0,0.0,0.0,0.0,0.0,0.0,0.0,0.0,0.0,0.0,0.0,0.0,0.0,0.0,0.0,0.0,0.0,0.0,0.0,,,,,,,,,0.0,0.0,,,,
2018-11-01,2018-11,0.0,0.0,,,0.0,0.0,,,0.0,0.0,,,368.3801135515765,625.1537983827644,0.0,0.0,0.0,0.0,0.0,0.0,0.0,0.0,0.0,0.0,0.0,0.0,0.0,0.0,0.0,0.0,56.91370046745757,145.01130294525566,131.69886223368573,156.67117834337992,0.0,0.0,0.0,0.0,0.0,0.0,0.0,0.0,0.0,0.0,0.0,0.0,0.0,0.0,,,,,,,,,0.0,0.0,,,,
2018-12-01,2018-12,0.0,0.0,,,0.0,0.0,,,0.0,0.0,,,0.0,0.0,0.0,0.0,0.0,0.0,0.0,0.0,0.0,0.0,0.0,0.0,0.0,0.0,0.0,0.0,0.0,0.0,0.0,0.0,0.0,0.0,0.0,0.0,0.0,0.0,0.0,0.0,0.0,0.0,0.0,0.0,0.0,0.0,0.0,0.0,,,,,,,,,0.0,0.0,,,,
2019-01-01,2019-1,0.0,0.0,,,0.0,0.0,,,0.0,0.0,,,0.0,0.0,0.0,0.0,0.0,0.0,0.0,0.0,0.0,0.0,0.0,0.0,0.0,0.0,0.0,0.0,0.0,0.0,0.0,0.0,0.0,0.0,0.0,0.0,0.0,0.0,0.0,0.0,0.0,0.0,0.0,0.0,0.0,0.0,0.0,0.0,,,,,,,,,0.0,0.0,,,,
2019-02-01,2019-2,0.0,0.0,,,0.0,0.0,,,0.0,0.0,,,0.0,0.0,0.0,0.0,0.0,0.0,0.0,0.0,0.0,0.0,0.0,0.0,0.0,0.0,0.0,0.0,0.0,0.0,0.0,0.0,0.0,0.0,0.0,0.0,0.0,0.0,0.0,0.0,0.0,0.0,0.0,0.0,0.0,0.0,0.0,0.0,,,,,,,,,0.0,0.0,,,,
2019-03-01,2019-3,0.0,0.0,,,0.0,0.0,,,0.0,0.0,,,0.0,0.0,0.0,0.0,0.0,0.0,0.0,0.0,0.0,0.0,0.0,0.0,0.0,0.0,0.0,0.0,0.0,0.0,67.6268676142731,51.69226446166172,156.48923630120305,55.84866710358131,0.0,0.0,0.0,0.0,0.0,0.0,473.37943212579773,280.9892748333394,0.0,0.0,1366.7071290629654,893.9614604710818,0.0,0.0,,,,,,,,,0.0,0.0,,,,
2019-04-01,2019-4,0.0,0.0,,,0.0,0.0,,,0.0,0.0,,,0.0,0.0,0.0,0.0,0.0,0.0,0.0,0.0,0.0,0.0,0.0,0.0,0.0,0.0,0.0,0.0,0.0,0.0,0.0,0.0,0.0,0.0,0.0,0.0,0.0,0.0,0.0,0.0,0.0,0.0,0.0,0.0,0.0,0.0,0.0,0.0,,,,,,,,,0.0,0.0,,,,
2019-05-01,2019-5,0.0,0.0,,,0.0,0.0,,,0.0,0.0,,,0.0,0.0,0.0,0.0,0.0,0.0,0.0,0.0,0.0,0.0,0.0,0.0,0.0,0.0,0.0,0.0,0.0,0.0,0.0,0.0,0.0,0.0,0.0,0.0,0.0,0.0,0.0,0.0,0.0,0.0,0.0,0.0,0.0,0.0,0.0,0.0,,,,,,,,,0.0,0.0,,,,
2019-06-01,2019-6,0.0,0.0,,,0.0,0.0,,,0.0,0.0,,,600.1030882049874,407.35828152683354,0.0,0.0,0.0,0.0,0.0,0.0,82.21765485617063,72.31575058914078,0.0,0.0,0.0,0.0,0.0,0.0,0.0,0.0,92.7142539873099,94.49123611271496,214.5416949290687,102.08896137213787,89.69505634353409,72.69635062974902,0.0,0.0,0.0,0.0,648.9879311402067,513.6363088351366,0.0,0.0,0.0,0.0,0.0,0.0,,,,,,,,,0.0,0.0,,,,
2019-07-01,2019-7,0.0,0.0,,,0.0,0.0,,,0.0,0.0,,,0.0,0.0,0.0,0.0,0.0,0.0,0.0,0.0,0.0,0.0,0.0,0.0,0.0,0.0,0.0,0.0,0.0,0.0,0.0,0.0,0.0,0.0,0.0,0.0,0.0,0.0,0.0,0.0,0.0,0.0,0.0,0.0,0.0,0.0,0.0,0.0,,,,,,,,,0.0,0.0,,,,
2019-08-01,2019-8,0.0,0.0,,,0.0,0.0,,,0.0,0.0,,,808.8345971458527,960.8342075143792,0.0,0.0,0.0,0.0,0.0,0.0,55.40755001176717,85.28542324914972,200.7261508608938,208.8868926435965,147.06378003165318,179.82284057111298,0.0,0.0,296.40723404733694,288.3276450689917,62.481345078404495,111.43803389379973,144.58244658263325,120.3983946617061,120.89333681085029,171.46856615929931,65.81588804021209,135.95266897085028,0.0,0.0,437.3614318553566,605.755864224047,0.0,0.0,1262.7185431560006,1927.1995252909192,0.0,0.0,,,,,,,,,0.0,0.0,,,,
2019-09-01,2019-9,0.0,0.0,,,0.0,0.0,,,0.0,0.0,,,0.0,0.0,0.0,0.0,0.0,0.0,0.0,0.0,0.0,0.0,0.0,0.0,0.0,0.0,0.0,0.0,0.0,0.0,79.83727426685019,81.36745331928233,184.7442373000314,87.90993895934095,0.0,0.0,0.0,0.0,0.0,0.0,0.0,0.0,0.0,0.0,0.0,0.0,0.0,0.0,,,,,,,,,0.0,0.0,,,,
2019-10-01,2019-10,0.0,0.0,,,0.0,0.0,,,0.0,0.0,,,0.0,0.0,0.0,0.0,0.0,0.0,0.0,0.0,0.0,0.0,0.0,0.0,0.0,0.0,0.0,0.0,0.0,0.0,0.0,0.0,0.0,0.0,0.0,0.0,0.0,0.0,0.0,0.0,0.0,0.0,0.0,0.0,0.0,0.0,0.0,0.0,,,,,,,,,0.0,0.0,,,,
2019-11-01,2019-11,0.0,0.0,,,0.0,0.0,,,0.0,0.0,,,0.0,0.0,0.0,0.0,0.0,0.0,0.0,0.0,0.0,0.0,260.0958574535525,154.668765579162,0.0,0.0,0.0,0.0,0.0,0.0,0.0,0.0,0.0,0.0,2268.802222438914,2430.382357683535,0.0,0.0,0.0,0.0,566.7218553618707,448.5274809546264,0.0,0.0,0.0,0.0,0.0,0.0,,,,,,,,,0.0,0.0,,,,
2019-12-01,2019-12,0.0,0.0,,,0.0,0.0,,,0.0,0.0,,,0.0,0.0,0.0,0.0,0.0,0.0,0.0,0.0,0.0,0.0,0.0,0.0,0.0,0.0,0.0,0.0,0.0,0.0,0.0,0.0,0.0,0.0,574.2718194326941,227.85688155295668,0.0,0.0,0.0,0.0,0.0,0.0,0.0,0.0,0.0,0.0,0.0,0.0,,,,,,,,,0.0,0.0,,,,
2020-01-01,2020-1,0.0,0.0,,,0.0,0.0,,,0.0,0.0,,,0.0,0.0,0.0,0.0,0.0,0.0,0.0,0.0,74.96315589827321,82.41868633321191,543.1413493883009,403.73096897501847,198.96864357223663,173.77837534183186,0.0,0.0,401.0215519463971,278.6359595204542,84.53358451784138,107.69221762846192,0.0,0.0,81.78078666616344,82.8524584383169,0.0,0.0,0.0,0.0,591.7242901572473,585.3943225694571,0.0,0.0,0.0,0.0,0.0,0.0,,,,,,,,,0.0,0.0,,,,
2020-02-01,2020-2,0.0,0.0,,,0.0,0.0,,,0.0,0.0,,,0.0,0.0,0.0,0.0,0.0,0.0,0.0,0.0,0.0,0.0,0.0,0.0,0.0,0.0,0.0,0.0,0.0,0.0,94.23415979038056,48.02013638515023,0.0,0.0,0.0,0.0,99.263306552451,58.5838198843945,412.62975581442697,77.39648189357493,0.0,0.0,0.0,0.0,0.0,0.0,45.330120899244385,36.85175720225558,,,,,,,,,0.0,0.0,,,,
2020-03-01,2020-3,0.0,0.0,,,0.0,0.0,,,0.0,0.0,,,0.0,0.0,0.0,0.0,0.0,0.0,0.0,0.0,0.0,0.0,0.0,0.0,0.0,0.0,0.0,0.0,0.0,0.0,0.0,0.0,0.0,0.0,0.0,0.0,0.0,0.0,0.0,0.0,0.0,0.0,0.0,0.0,0.0,0.0,1365.7558264322522,2124.8861442477646,,,,,,,,,0.0,0.0,,,,
2020-04-01,2020-4,0.0,0.0,,,0.0,0.0,,,0.0,0.0,,,0.0,0.0,0.0,0.0,0.0,0.0,0.0,0.0,62.93203211213059,55.35279674724355,0.0,0.0,0.0,0.0,0.0,0.0,336.660068300679,187.13328639398404,0.0,0.0,0.0,0.0,0.0,0.0,0.0,0.0,0.0,0.0,496.7561942060841,393.1537178738082,0.0,0.0,1434.1988391401485,1250.8102739101555,1501.0604231414802,1236.6877645216314,,,,,,,,,0.0,0.0,,,,
2020-05-01,2020-5,0.0,0.0,,,0.0,0.0,,,0.0,0.0,,,0.0,0.0,0.0,0.0,0.0,0.0,0.0,0.0,0.0,0.0,0.0,0.0,0.0,0.0,0.0,0.0,0.0,0.0,4905.211924457629,3773.48450577412,0.0,0.0,0.0,0.0,0.0,0.0,0.0,0.0,0.0,0.0,0.0,0.0,0.0,0.0,1414.5328202334042,1737.453896142439,,,,,,,,,0.0,0.0,,,,
2020-06-01,2020-6,0.0,0.0,,,0.0,0.0,,,0.0,0.0,,,0.0,0.0,0.0,0.0,0.0,0.0,0.0,0.0,0.0,0.0,329.76439070003977,196.0978992164375,0.0,0.0,0.0,0.0,0.0,0.0,102.6479240573788,104.61529712479155,237.5283051000403,113.0270643762955,0.0,0.0,0.0,0.0,0.0,0.0,0.0,0.0,0.0,0.0,0.0,0.0,49.377453122391195,80.28418533348534,,,,,,,,,0.0,0.0,,,,
2020-07-01,2020-7,3931.3807531380753,2882.9455382255173,,,0.0,0.0,,,0.0,0.0,,,966.3997784080318,492.004158207734,0.0,0.0,5307.849829351535,4516.5537270087125,0.0,0.0,66.20122858548802,43.67120003110449,0.0,0.0,175.71256834950768,92.0799703109966,0.0,0.0,708.2978060351946,295.2817441151826,298.6121427123747,228.2515573631816,0.0,0.0,0.0,0.0,78.63716493116247,69.61583791457268,0.0,0.0,1567.685132364655,930.5488971753448,0.0,0.0,0.0,0.0,1650.8593379762035,889.5358215896766,,,,,,,,,0.0,0.0,,,,
2020-08-01,2020-8,0.0,0.0,,,0.0,0.0,,,0.0,0.0,,,0.0,0.0,0.0,0.0,0.0,0.0,0.0,0.0,72.82135144403684,64.05109337895325,0.0,0.0,0.0,0.0,0.0,0.0,0.0,0.0,82.11833924590306,83.69223769983326,190.02264408003228,90.4216515010364,0.0,0.0,0.0,0.0,0.0,0.0,0.0,0.0,0.0,0.0,0.0,0.0,39.50196249791296,64.22734826678828,,,,,,,,,0.0,0.0,,,,
2020-09-01,2020-9,0.0,0.0,,,0.0,0.0,,,0.0,0.0,,,0.0,0.0,0.0,0.0,0.0,0.0,0.0,0.0,0.0,0.0,0.0,0.0,0.0,0.0,0.0,0.0,0.0,0.0,0.0,0.0,0.0,0.0,0.0,0.0,0.0,0.0,0.0,0.0,0.0,0.0,0.0,0.0,0.0,0.0,0.0,0.0,,,,,,,,,0.0,0.0,,,,
2020-10-01,2020-10,0.0,0.0,,,0.0,0.0,,,0.0,0.0,,,0.0,0.0,0.0,0.0,0.0,0.0,0.0,0.0,0.0,0.0,0.0,0.0,0.0,0.0,0.0,0.0,0.0,0.0,0.0,0.0,0.0,0.0,0.0,0.0,0.0,0.0,0.0,0.0,0.0,0.0,0.0,0.0,0.0,0.0,0.0,0.0,,,,,,,,,0.0,0.0,,,,
2020-11-01,2020-11,0.0,0.0,,,0.0,0.0,,,0.0,0.0,,,0.0,0.0,0.0,0.0,0.0,0.0,0.0,0.0,44.32604000941373,97.46905514188538,0.0,0.0,0.0,0.0,0.0,0.0,0.0,0.0,0.0,0.0,0.0,0.0,0.0,0.0,0.0,0.0,218.87317482330477,205.2689302394813,0.0,0.0,0.0,0.0,0.0,0.0,1057.2686458648684,915.5996248510028,,,,,,,,,0.0,0.0,,,,
2020-12-01,2020-12,0.0,0.0,,,0.0,0.0,,,0.0,0.0,,,0.0,0.0,0.0,0.0,0.0,0.0,0.0,0.0,0.0,0.0,0.0,0.0,0.0,0.0,0.0,0.0,0.0,0.0,0.0,0.0,0.0,0.0,0.0,0.0,0.0,0.0,0.0,0.0,0.0,0.0,0.0,0.0,0.0,0.0,0.0,0.0,,,,,,,,,0.0,0.0,,,,
2021-01-01,2021-1,0.0,0.0,,,8443.636363636362,8443.636363636364,,,0.0,0.0,,,0.0,0.0,0.0,0.0,0.0,0.0,0.0,0.0,46.34086000984163,50.94973336962191,0.0,0.0,122.99879784465536,107.42663202949606,0.0,0.0,247.9042321123182,172.24768406718985,52.25712497466559,66.57337089759464,120.92350077820235,71.92631369400624,0.0,0.0,0.0,0.0,228.82195549709132,107.29966807972887,365.7931975517528,361.8801266793008,0.0,0.0,0.0,0.0,25.13761249867189,51.08993612130886,,,,,,,,,0.0,0.0,,,,
2021-02-01,2021-2,0.0,0.0,,,0.0,0.0,,,0.0,0.0,,,0.0,0.0,0.0,0.0,0.0,0.0,0.0,0.0,253.46658237427184,523.909633964311,0.0,0.0,74.7506506238237,122.73937847347948,0.0,0.0,0.0,0.0,31.758473741509462,76.06283481559434,367.4471018122172,410.89396883758263,30.724273443641508,58.51855407046647,66.90675911270178,185.59095205365637,1112.5045350134826,980.7545351994668,1111.5262909031164,2067.315198819873,0.0,0.0,0.0,0.0,15.277002071016064,58.372369004898744,,,,,,,,,0.0,0.0,,,,
2021-03-01,2021-3,638.6420210793921,2575.796277296427,,,0.0,0.0,,,0.0,0.0,,,0.0,0.0,0.0,0.0,0.0,0.0,0.0,0.0,21.508416038323112,78.03693338891456,0.0,0.0,0.0,0.0,0.0,0.0,0.0,0.0,48.50872360517479,203.93361717997345,56.12483158481966,110.1656197085412,0.0,0.0,25.548783543035913,124.3979213367997,212.40856628421977,328.69012247208076,339.55486692567774,1108.544185523934,0.0,0.0,0.0,0.0,11.66724630740045,78.25167431238445,,,,,,,,,0.0,0.0,,,,
2021-04-01,2021-4,836.2329226288172,2248.485148137213,,,0.0,0.0,,,0.0,0.0,,,411.1203477205439,767.4540000035926,0.0,0.0,0.0,0.0,0.0,0.0,84.48886079142393,204.3619139577099,0.0,0.0,0.0,0.0,0.0,0.0,0.0,0.0,31.758473741509462,89.00970031612101,73.48942036244344,96.1666735577321,30.724273443641508,68.47915901863098,0.0,0.0,417.1892006300559,430.38430401040415,0.0,0.0,0.0,0.0,0.0,0.0,30.554004142032127,136.61618277742258,,,,,,,,,0.0,0.0,,,,
2021-05-01,2021-5,1051.0983263598328,1284.6458706213243,,,6450.0,6450.000000000001,,,0.0,0.0,,,0.0,0.0,0.0,0.0,0.0,0.0,0.0,0.0,35.399268063073464,38.91993521290562,128.24170749445992,95.32536767465712,0.0,0.0,0.0,0.0,0.0,0.0,39.918637133425094,50.854658324551465,184.7442373000314,109.8874236991762,0.0,0.0,0.0,0.0,174.79454933805587,81.96502422757067,0.0,0.0,0.0,0.0,0.0,0.0,38.404685761859824,78.05406907422187,,,,,,,,,0.0,0.0,,,,
2021-06-01,2021-6,0.0,0.0,,,0.0,0.0,,,0.0,0.0,,,229.66908314018036,233.85382828392292,0.0,0.0,0.0,0.0,0.0,0.0,62.93203211213059,83.02919512086531,113.99262888396436,101.68039218630092,0.0,0.0,0.0,0.0,0.0,0.0,0.0,0.0,164.2170998222501,117.21325194578792,0.0,0.0,0.0,0.0,466.11879823481553,262.2880775282261,496.7561942060841,589.7305768107123,0.0,0.0,0.0,0.0,0.0,0.0,,,,,,,,,0.0,0.0,,,,
2021-07-01,2021-7,0.0,0.0,,,0.0,0.0,,,0.0,0.0,,,720.123705845985,488.82993783220024,0.0,0.0,0.0,0.0,0.0,0.0,98.66118582740474,86.7789007069689,119.14068309162728,70.84827326529356,0.0,0.0,0.0,0.0,351.86407138522577,195.5844670698414,148.34280637969584,151.18597778034396,257.45003391488245,122.50675364656546,0.0,0.0,0.0,0.0,324.77954973780703,121.83704246472438,0.0,0.0,0.0,0.0,0.0,0.0,71.3583838671976,116.02359686903692,,,,,,,,,0.0,0.0,,,,
2021-08-01,2021-8,0.0,0.0,,,0.0,0.0,,,0.0,0.0,,,0.0,0.0,0.0,0.0,0.0,0.0,0.0,0.0,0.0,0.0,0.0,0.0,0.0,0.0,0.0,0.0,0.0,0.0,0.0,0.0,0.0,0.0,0.0,0.0,0.0,0.0,0.0,0.0,0.0,0.0,0.0,0.0,0.0,0.0,0.0,0.0,,,,,,,,,0.0,0.0,,,,
2021-09-01,2021-9,0.0,0.0,,,0.0,0.0,,,0.0,0.0,,,0.0,0.0,0.0,0.0,0.0,0.0,0.0,0.0,0.0,0.0,0.0,0.0,0.0,0.0,0.0,0.0,0.0,0.0,0.0,0.0,0.0,0.0,0.0,0.0,0.0,0.0,0.0,0.0,0.0,0.0,0.0,0.0,0.0,0.0,0.0,0.0,,,,,,,,,0.0,0.0,,,,
2021-10-01,2021-10,0.0,0.0,,,0.0,0.0,,,0.0,0.0,,,0.0,0.0,0.0,0.0,0.0,0.0,0.0,0.0,0.0,0.0,0.0,0.0,0.0,0.0,0.0,0.0,0.0,0.0,0.0,0.0,0.0,0.0,0.0,0.0,0.0,0.0,185.07658165205913,208.28759097829723,0.0,0.0,0.0,0.0,0.0,0.0,20.33189246216109,99.17458188254074,,,,,,,,,0.0,0.0,,,,
2021-11-01,2021-11,0.0,0.0,,,0.0,0.0,,,0.0,0.0,,,0.0,0.0,0.0,0.0,0.0,0.0,0.0,0.0,69.82869316551476,76.77357083093712,126.48497177535772,94.01954072020976,0.0,0.0,0.0,0.0,0.0,0.0,0.0,0.0,91.10674716165931,54.191058262607434,0.0,0.0,0.0,0.0,172.40010345671263,80.84221567650805,0.0,0.0,0.0,0.0,0.0,0.0,18.93929708804046,38.49241762564366,,,,,,,,,0.0,0.0,,,,
2021-12-01,2021-12,0.0,0.0,,,0.0,0.0,,,0.0,0.0,,,263.8751167993562,417.9515228904155,0.0,0.0,0.0,0.0,0.0,0.0,72.30488795861814,148.39260404580185,130.97025446242716,181.72665837551656,0.0,0.0,0.0,0.0,0.0,0.0,81.53593967678316,193.89691003743877,0.0,0.0,0.0,0.0,0.0,0.0,178.51358230269537,156.25672703809215,570.7411593006073,1053.986562810635,0.0,0.0,0.0,0.0,39.22180673551641,148.8009487031974,,,,,,,,,0.0,0.0,,,,
2022-01-01,2022-1,0.0,0.0,,,0.0,0.0,,,0.0,0.0,,,600.1030882049874,407.35828152683354,0.0,0.0,0.0,0.0,12541.935483870966,10033.548387096776,123.32648228425592,108.47362588371114,297.8517077290682,177.12068316323388,0.0,0.0,0.0,0.0,0.0,0.0,92.7142539873099,94.49123611271496,321.81254239360305,153.1334420582068,44.847528171767046,36.34817531487451,0.0,0.0,608.9616557583881,228.4444546213582,973.48189671031,770.4544632527048,0.0,0.0,0.0,0.0,89.197979833997,145.02949608629612,,,,,,,,,0.0,0.0,,,,
2022-02-01,2022-2,0.0,0.0,,,0.0,0.0,,,0.0,0.0,,,0.0,0.0,0.0,0.0,0.0,0.0,0.0,0.0,0.0,0.0,0.0,0.0,0.0,0.0,0.0,0.0,0.0,0.0,0.0,0.0,0.0,0.0,0.0,0.0,0.0,0.0,0.0,0.0,0.0,0.0,0.0,0.0,0.0,0.0,0.0,0.0,,,,,,,,,0.0,0.0,,,,
2022-03-01,2022-3,0.0,0.0,,,0.0,0.0,,,0.0,0.0,,,0.0,0.0,0.0,0.0,0.0,0.0,0.0,0.0,0.0,0.0,0.0,0.0,0.0,0.0,0.0,0.0,0.0,0.0,0.0,0.0,0.0,0.0,0.0,0.0,0.0,0.0,0.0,0.0,0.0,0.0,0.0,0.0,0.0,0.0,1033.2239730400518,394.8301027755572,,,,,,,,,0.0,0.0,,,,
2022-04-01,2022-4,0.0,0.0,,,0.0,0.0,,,0.0,0.0,,,0.0,0.0,0.0,0.0,0.0,0.0,0.0,0.0,0.0,0.0,0.0,0.0,0.0,0.0,0.0,0.0,0.0,0.0,0.0,0.0,0.0,0.0,0.0,0.0,0.0,0.0,0.0,0.0,0.0,0.0,0.0,0.0,0.0,0.0,0.0,0.0,,,,,,,,,0.0,0.0,,,,
2022-05-01,2022-5,0.0,0.0,,,0.0,0.0,,,0.0,0.0,,,307.49083858437376,208.7290368154023,0.0,0.0,0.0,0.0,0.0,0.0,42.12805455440147,37.054351541543205,0.0,0.0,0.0,0.0,0.0,0.0,0.0,0.0,0.0,0.0,0.0,0.0,0.0,0.0,0.0,0.0,208.0199595428103,78.03612223980281,0.0,0.0,0.0,0.0,0.0,0.0,0.0,0.0,,,,,,,,,0.0,0.0,,,,
2022-06-01,2022-6,0.0,0.0,,,0.0,0.0,,,0.0,0.0,,,0.0,0.0,0.0,0.0,1717.2455330254966,3409.5552645065773,0.0,0.0,42.83608908472755,65.93494906656953,0.0,0.0,0.0,0.0,0.0,0.0,229.15517254079828,222.90876761636335,48.3049054387665,86.15377410276953,223.5560518588615,186.16222367860436,0.0,0.0,0.0,0.0,211.51609331663903,138.85839398553148,0.0,0.0,0.0,0.0,0.0,0.0,23.236448528184095,66.11638792169381,,,,,,,,,0.0,0.0,,,,
2022-07-01,2022-7,0.0,0.0,,,0.0,0.0,,,0.0,0.0,,,0.0,0.0,3817.1107994389895,7022.577731905561,1776.975812435079,5040.212130140158,0.0,0.0,44.32604000941373,97.46905514188538,160.58092068871505,238.7278773069674,0.0,0.0,0.0,0.0,474.2515744757391,659.0346173005526,3632.922481753514,1168.6207238901702,0.0,0.0,0.0,0.0,0.0,0.0,0.0,0.0,699.7782909685707,1384.5848325121074,0.0,0.0,0.0,0.0,0.0,0.0,,,,,,,,,0.0,0.0,,,,
2022-08-01,2022-8,0.0,0.0,,,0.0,0.0,,,0.0,0.0,,,335.19271593431733,682.600363639559,0.0,0.0,1841.0109768471543,6266.209675309386,0.0,0.0,45.92337478452773,121.1777442304521,0.0,0.0,121.8907005667756,255.50117888096364,0.0,0.0,0.0,0.0,0.0,0.0,119.83409987029064,171.06798932628513,0.0,0.0,0.0,0.0,226.76049643855896,255.1992105680038,0.0,0.0,0.0,0.0,0.0,0.0,24.91114752120637,121.51119942365352,,,,,,,,,0.0,0.0,,,,
2022-09-01,2022-9,0.0,0.0,,,8367.567567567568,18408.64864864865,,,0.0,0.0,,,670.3854318686347,1251.434000005858,0.0,0.0,0.0,0.0,0.0,0.0,91.84674956905546,222.15919775582887,0.0,0.0,121.8907005667756,234.20941397421663,0.0,0.0,0.0,0.0,0.0,0.0,239.66819974058131,313.62464709818937,0.0,0.0,0.0,0.0,226.76049643855896,233.9326096873368,0.0,0.0,0.0,0.0,1046.577531264433,2510.0719685899744,0.0,0.0,,,,,,,,,0.0,0.0,,,,
2022-10-01,2022-10,0.0,0.0,,,0.0,0.0,,,0.0,0.0,,,689.0072494205411,701.5614848517689,0.0,0.0,0.0,0.0,0.0,0.0,0.0,0.0,170.98894332594654,152.5205882794514,0.0,0.0,0.0,0.0,252.4950512255092,210.52494719323204,0.0,0.0,123.1628248666876,87.90993895934095,0.0,0.0,0.0,0.0,233.05939911740776,131.14403876411305,0.0,0.0,0.0,0.0,0.0,0.0,0.0,0.0,,,,,,,,,0.0,0.0,,,,
2022-11-01,2022-11,0.0,0.0,,,0.0,0.0,,,0.0,0.0,,,676.4798448856224,1148.009702484713,3990.615835777126,7341.785810628542,0.0,0.0,0.0,0.0,46.34086000984163,101.89946673924382,167.880053447293,249.57914445728412,0.0,0.0,0.0,0.0,0.0,0.0,52.25712497466559,133.14674179518929,120.92350077820235,143.85262738801248,50.5553953936283,102.43576679646452,0.0,0.0,0.0,0.0,731.5863951035057,1447.520506717203,0.0,0.0,0.0,0.0,25.13761249867189,102.17987224261772,,,,,,,,,0.0,0.0,,,,
2022-12-01,2022-12,0.0,0.0,,,0.0,0.0,,,0.0,0.0,,,357.7537641222041,242.8482062948431,0.0,0.0,0.0,0.0,0.0,0.0,49.01437116425556,43.11131285121853,355.1308822923505,211.18235300231737,0.0,0.0,0.0,0.0,0.0,0.0,55.27195910781936,56.33131383642624,127.89985659232944,60.86072697185143,0.0,0.0,0.0,0.0,242.02322216038505,90.79202683669364,0.0,0.0,0.0,0.0,0.0,0.0,26.58785937359526,43.2299459487998,,,,,,,,,0.0,0.0,,,,
2023-01-01,2023-1,0.0,0.0,,,0.0,0.0,,,0.0,0.0,,,0.0,0.0,0.0,0.0,0.0,0.0,0.0,0.0,96.17914341665242,190.3405133431158,174.21514980379456,233.09750284218043,0.0,0.0,0.0,0.0,0.0,0.0,108.45818390968324,248.70806486271204,250.9733035019294,268.70585115874024,0.0,0.0,0.0,0.0,237.45674627056647,200.42768188477652,379.5967144404982,675.9647649292599,0.0,0.0,0.0,0.0,0.0,0.0,,,,,,,,,0.0,0.0,,,,
2023-02-01,2023-2,0.0,0.0,,,0.0,0.0,,,0.0,0.0,,,0.0,0.0,0.0,0.0,0.0,0.0,0.0,0.0,0.0,0.0,0.0,0.0,0.0,0.0,0.0,0.0,0.0,0.0,0.0,0.0,0.0,0.0,0.0,0.0,0.0,0.0,0.0,0.0,0.0,0.0,0.0,0.0,0.0,0.0,0.0,0.0,,,,,,,,,0.0,0.0,,,,
2023-03-01,2023-3,0.0,0.0,,,0.0,0.0,,,0.0,0.0,,,0.0,0.0,0.0,0.0,0.0,0.0,0.0,0.0,0.0,0.0,0.0,0.0,0.0,0.0,0.0,0.0,0.0,0.0,0.0,0.0,0.0,0.0,0.0,0.0,0.0,0.0,0.0,0.0,0.0,0.0,0.0,0.0,0.0,0.0,0.0,0.0,,,,,,,,,0.0,0.0,,,,
2023-04-01,2023-4,0.0,0.0,,,0.0,0.0,,,0.0,0.0,,,372.06391468709216,284.13240136496637,0.0,0.0,0.0,0.0,0.0,0.0,152.92483803247734,151.32070810777702,369.3361175840445,247.08335301271129,0.0,0.0,0.0,0.0,0.0,0.0,114.96567494426424,131.8152743772374,266.03170171204516,142.41410111413234,0.0,0.0,0.0,0.0,251.70415104680043,106.22667139893156,0.0,0.0,0.0,0.0,0.0,0.0,27.651373748539072,50.579036760095775,,,,,,,,,0.0,0.0,,,,
2023-05-01,2023-5,0.0,0.0,,,0.0,0.0,,,0.0,0.0,,,0.0,0.0,4027.226990233797,4815.942068439823,0.0,0.0,0.0,0.0,93.53201102903816,133.68462150194372,169.42023742387366,163.71475989629187,124.12722718267976,140.93585669924713,0.0,0.0,0.0,0.0,158.20964441871232,262.01812949603766,244.06578138719743,188.72408914207145,0.0,0.0,111.10204953577087,213.10536315745335,0.0,0.0,369.1490984467231,474.76016619394505,0.0,0.0,0.0,0.0,0.0,0.0,,,,,,,,,0.0,0.0,,,,
2023-06-01,2023-6,0.0,0.0,,,0.0,0.0,,,0.0,0.0,,,0.0,0.0,0.0,0.0,0.0,0.0,0.0,0.0,0.0,0.0,0.0,0.0,0.0,0.0,0.0,0.0,0.0,0.0,0.0,0.0,0.0,0.0,0.0,0.0,0.0,0.0,0.0,0.0,0.0,0.0,0.0,0.0,0.0,0.0,0.0,0.0,,,,,,,,,0.0,0.0,,,,
2023-07-01,2023-7,0.0,0.0,,,0.0,0.0,,,0.0,0.0,,,0.0,0.0,0.0,0.0,0.0,0.0,0.0,0.0,0.0,0.0,0.0,0.0,0.0,0.0,0.0,0.0,0.0,0.0,3270.1412829717524,810.6003753144406,0.0,0.0,0.0,0.0,0.0,0.0,0.0,0.0,0.0,0.0,0.0,0.0,0.0,0.0,0.0,0.0,,,,,,,,,0.0,0.0,,,,
2023-08-01,2023-8,0.0,0.0,,,0.0,0.0,,,0.0,0.0,,,0.0,0.0,0.0,0.0,0.0,0.0,0.0,0.0,0.0,0.0,0.0,0.0,0.0,0.0,0.0,0.0,0.0,0.0,0.0,0.0,0.0,0.0,0.0,0.0,0.0,0.0,0.0,0.0,0.0,0.0,0.0,0.0,0.0,0.0,0.0,0.0,,,,,,,,,0.0,0.0,,,,
2023-09-01,2023-9,0.0,0.0,,,0.0,0.0,,,0.0,0.0,,,0.0,0.0,0.0,0.0,0.0,0.0,0.0,0.0,0.0,0.0,0.0,0.0,0.0,0.0,0.0,0.0,0.0,0.0,0.0,0.0,0.0,0.0,0.0,0.0,4534.343992311867,1228.8578791215475,0.0,0.0,0.0,0.0,0.0,0.0,0.0,0.0,0.0,0.0,,,,,,,,,0.0,0.0,,,,
2023-10-01,2023-10,0.0,0.0,,,0.0,0.0,,,0.0,0.0,,,312.6587518378926,318.355631781475,0.0,0.0,0.0,0.0,0.0,0.0,0.0,0.0,0.0,0.0,113.6963677555638,119.16231452011328,0.0,0.0,0.0,0.0,0.0,0.0,0.0,0.0,46.73187809495053,56.813114357703014,0.0,0.0,0.0,0.0,338.12816580414125,401.41324976191345,0.0,0.0,976.219377902118,1277.087800672974,23.236448528184095,56.67118964716613,,,,,,,,,0.0,0.0,,,,
2023-11-01,2023-11,0.0,0.0,,,0.0,0.0,,,0.0,0.0,,,0.0,0.0,0.0,0.0,0.0,0.0,0.0,0.0,37.48157794913661,41.209343166605954,0.0,0.0,0.0,0.0,0.0,0.0,0.0,0.0,0.0,0.0,97.80577268825192,58.17569489956387,0.0,0.0,0.0,0.0,185.0765816520592,86.78649624095716,0.0,0.0,0.0,0.0,0.0,0.0,0.0,0.0,,,,,,,,,0.0,0.0,,,,
2023-12-01,2023-12,1576.647489539749,3083.1500894911787,,,0.0,0.0,,,0.0,0.0,,,387.5665777990544,526.1711136388267,0.0,0.0,0.0,0.0,0.0,0.0,53.09890209461019,93.40784451097348,0.0,0.0,0.0,0.0,0.0,0.0,0.0,0.0,0.0,0.0,0.0,0.0,0.0,0.0,0.0,0.0,262.1918240070838,196.71605814616956,0.0,0.0,0.0,0.0,0.0,0.0,0.0,0.0,,,,,,,,,0.0,0.0,,,,
2024-01-01,2024-1,0.0,0.0,,,0.0,0.0,,,0.0,0.0,,,0.0,0.0,0.0,0.0,0.0,0.0,0.0,0.0,0.0,0.0,0.0,0.0,0.0,0.0,0.0,0.0,0.0,0.0,0.0,0.0,0.0,0.0,0.0,0.0,0.0,0.0,0.0,0.0,0.0,0.0,0.0,0.0,0.0,0.0,0.0,0.0,,,,,,,,,0.0,0.0,,,,
2024-02-01,2024-2,0.0,0.0,,,0.0,0.0,,,0.0,0.0,,,332.1999238277609,225.5019058452114,0.0,0.0,1824.57337883959,2070.087124878993,6942.857142857141,5554.285714285715,91.02668930504602,80.06386672369155,329.7643907000397,196.0978992164375,0.0,0.0,0.0,0.0,243.47737082459815,135.33746605279202,102.6479240573788,104.61529712479155,118.76415255002016,56.51353218814775,99.30524095176986,80.48524534007926,108.1261017803484,127.62903617671658,224.7358491489289,84.30688206264409,1077.7835285007004,853.003155744066,4628.571428571428,9257.142857142857,0.0,0.0,0.0,0.0,,,,,,,,,0.0,0.0,,,,
2024-03-01,2024-3,1282.6962626764057,1254.162748267598,,,0.0,0.0,,,249.08560512381715,134.20647284517216,,,315.3084022771968,214.03570724291257,0.0,0.0,0.0,0.0,0.0,0.0,43.19910678883541,37.99641132649769,156.49835490849344,93.06340979763137,114.65989629586518,80.11477642877672,0.0,0.0,231.0971655284322,128.4558999823111,0.0,0.0,112.72529733561235,53.639962754852114,47.12791096016197,38.19638761902067,51.31408220084331,60.569712083865504,213.3086025820343,80.02009144928932,340.99365873468486,269.8767046421904,0.0,0.0,0.0,0.0,0.0,0.0,,,,,,,,,0.0,0.0,,,,
2024-04-01,2024-4,0.0,0.0,,,0.0,0.0,,,0.0,0.0,,,326.3718549886774,276.93216507306664,0.0,0.0,0.0,0.0,0.0,0.0,44.714864921777,49.16202342682815,0.0,0.0,0.0,0.0,0.0,0.0,0.0,0.0,50.423541642221174,64.23746314680184,116.6805709263356,69.40258338895339,48.78152187104486,49.42076468250482,53.11457631315361,78.36870642429965,0.0,0.0,352.95834851484926,349.1825783747639,0.0,0.0,0.0,0.0,0.0,0.0,,,,,,,,,0.0,0.0,,,,
2024-05-01,2024-5,0.0,0.0,,,0.0,0.0,,,0.0,0.0,,,0.0,0.0,0.0,0.0,2128.668941979522,3622.6524685382383,0.0,0.0,53.09890209461019,70.05588338323012,0.0,0.0,0.0,0.0,0.0,0.0,0.0,0.0,0.0,0.0,138.55817797502354,98.89868132925858,0.0,0.0,0.0,0.0,0.0,0.0,419.13803886138345,497.5851741840386,0.0,0.0,0.0,0.0,0.0,0.0,,,,,,,,,0.0,0.0,,,,
2024-06-01,2024-6,1593.2437789033252,1557.8021504797534,,,0.0,0.0,,,309.39054110116234,166.69856627084542,,,0.0,0.0,4620.713073005093,3400.406059659535,0.0,0.0,8185.263157894736,6548.21052631579,53.6578379061324,47.19554248975503,194.38743030739187,115.5945511170579,0.0,0.0,0.0,0.0,287.0470056037368,159.5557494517127,60.5082499706654,61.66796462092977,140.01668511160273,66.62648005339526,0.0,0.0,0.0,0.0,0.0,0.0,0.0,0.0,0.0,0.0,0.0,0.0,0.0,0.0,,,,,,,,,0.0,0.0,,,,
2024-07-01,2024-7,0.0,0.0,,,0.0,0.0,,,0.0,0.0,,,0.0,0.0,0.0,0.0,0.0,0.0,0.0,0.0,0.0,0.0,0.0,0.0,0.0,0.0,0.0,0.0,0.0,0.0,0.0,0.0,0.0,0.0,0.0,0.0,0.0,0.0,0.0,0.0,0.0,0.0,0.0,0.0,0.0,0.0,0.0,0.0,,,,,,,,,0.0,0.0,,,,
2024-08-01,2024-8,0.0,0.0,,,0.0,0.0,,,0.0,0.0,,,0.0,0.0,0.0,0.0,0.0,0.0,0.0,0.0,0.0,0.0,0.0,0.0,0.0,0.0,0.0,0.0,0.0,0.0,3521.690612431118,1143.8710866506167,0.0,0.0,0.0,0.0,51.75266409999582,91.6311028961042,0.0,0.0,0.0,0.0,0.0,0.0,0.0,0.0,0.0,0.0,,,,,,,,,0.0,0.0,,,,
2024-09-01,2024-9,0.0,0.0,,,0.0,0.0,,,0.0,0.0,,,0.0,0.0,0.0,0.0,0.0,0.0,0.0,0.0,42.83608908472755,56.51567062848817,310.3664853647433,276.8440930114412,0.0,0.0,0.0,0.0,0.0,0.0,48.3049054387665,73.84609208808818,0.0,0.0,46.73187809495053,56.813114357703014,50.882871426046314,90.09108436003524,0.0,0.0,0.0,0.0,0.0,0.0,0.0,0.0,0.0,0.0,,,,,,,,,0.0,0.0,,,,
2024-10-01,2024-10,0.0,0.0,,,0.0,0.0,,,0.0,0.0,,,310.0532622392435,105.23422272776534,0.0,0.0,0.0,0.0,0.0,0.0,42.479121675688155,18.681568902194694,153.89004899335188,45.756176483835425,0.0,0.0,0.0,0.0,0.0,0.0,47.902364560110115,24.410235995784703,110.84654238001885,26.37298168780229,46.34244577749261,18.77989057935183,0.0,0.0,0.0,0.0,0.0,0.0,0.0,0.0,0.0,0.0,23.042811457115892,18.73297657781325,,,,,,,,,0.0,0.0,,,,
2024-11-01,2024-11,0.0,0.0,,,0.0,0.0,,,0.0,0.0,,,0.0,0.0,0.0,0.0,0.0,0.0,0.0,0.0,0.0,0.0,0.0,0.0,0.0,0.0,0.0,0.0,0.0,0.0,0.0,0.0,0.0,0.0,0.0,0.0,0.0,0.0,0.0,0.0,0.0,0.0,0.0,0.0,0.0,0.0,0.0,0.0,,,,,,,,,0.0,0.0,,,,
2024-12-01,2024-12,0.0,0.0,,,0.0,0.0,,,0.0,0.0,,,0.0,0.0,0.0,0.0,0.0,0.0,0.0,0.0,0.0,0.0,0.0,0.0,0.0,0.0,0.0,0.0,0.0,0.0,64.58745783385632,98.73803324137631,149.4560121977782,106.67722929897552,62.484196553922615,75.9636023434456,0.0,0.0,0.0,0.0,0.0,0.0,0.0,0.0,0.0,0.0,31.068959268021427,75.77383784284011,,,,,,,,,0.0,0.0,,,,
2025-01-01,2025-1,0.0,0.0,,,0.0,0.0,,,0.0,0.0,,,715.5075282444081,485.6964125896862,0.0,0.0,0.0,0.0,0.0,0.0,98.02874232851111,86.22262570243709,355.1308822923506,211.18235300231737,0.0,0.0,0.0,0.0,0.0,0.0,55.27195910781936,56.33131383642624,255.79971318465888,121.72145394370288,53.472052820183784,43.33820902927345,58.22174711249531,68.72332717207816,242.02322216038507,90.79202683669364,386.8966512566617,306.20626103633145,4984.615384615385,9969.230769230771,0.0,0.0,53.17571874719052,86.45989189759962,,,,,,,,,0.0,0.0,,,,
2025-02-01,2025-2,1483.9035195668223,1450.8941597605544,,,9105.882352941177,7284.705882352941,,,0.0,0.0,,,729.5370876217495,495.21987166007216,0.0,0.0,2003.453121863079,2273.0368430043845,0.0,0.0,149.92631179654643,131.86989813313903,181.04711646276692,107.66159172667156,265.2915247629822,185.36360036462065,0.0,0.0,267.347701297598,148.60584507757557,56.35572301189425,57.43584940184636,521.6307876706769,248.2162982381392,54.52052444410895,44.18797783376901,118.72669999410807,140.14168678227702,493.5375510721577,185.14452531404197,1577.931440419326,1248.8412214815085,0.0,0.0,0.0,0.0,27.109189949548107,44.07759194779588,,,,,,,,,0.0,0.0,,,,
2025-03-01,2025-3,0.0,0.0,,,0.0,0.0,,,0.0,0.0,,,0.0,0.0,0.0,0.0,0.0,0.0,0.0,0.0,0.0,0.0,0.0,0.0,106.53439183395346,521.0614592926738,0.0,0.0,0.0,0.0,0.0,0.0,0.0,0.0,0.0,0.0,0.0,0.0,0.0,0.0,0.0,0.0,0.0,0.0,0.0,0.0,0.0,0.0,,,,,,,,,0.0,0.0,,,,
2025-04-01,2025-4,0.0,0.0,,,0.0,0.0,,,0.0,0.0,,,0.0,0.0,0.0,0.0,0.0,0.0,0.0,0.0,109.23202716605525,208.16605348159808,395.7172688400478,509.8545379627376,0.0,0.0,0.0,0.0,0.0,0.0,82.11833924590306,181.33318168297208,95.01132204001615,97.95678912612276,0.0,0.0,0.0,0.0,179.7886793191432,146.13192890858312,0.0,0.0,0.0,0.0,0.0,0.0,0.0,0.0,,,,,,,,,0.0,0.0,,,,
2025-05-01,2025-5,0.0,0.0,,,0.0,0.0,,,0.0,0.0,,,0.0,0.0,0.0,0.0,0.0,0.0,0.0,0.0,0.0,0.0,0.0,0.0,0.0,0.0,0.0,0.0,0.0,0.0,0.0,0.0,0.0,0.0,0.0,0.0,0.0,0.0,0.0,0.0,0.0,0.0,0.0,0.0,0.0,0.0,0.0,0.0,,,,,,,,,0.0,0.0,,,,
2025-06-01,2025-6,0.0,0.0,,,0.0,0.0,,,0.0,0.0,,,0.0,0.0,0.0,0.0,0.0,0.0,0.0,0.0,0.0,0.0,0.0,0.0,0.0,0.0,0.0,0.0,0.0,0.0,0.0,0.0,0.0,0.0,0.0,0.0,0.0,0.0,0.0,0.0,0.0,0.0,0.0,0.0,0.0,0.0,0.0,0.0,,,,,,,,,0.0,0.0,,,,
2025-07-01,2025-7,0.0,0.0,,,0.0,0.0,,,0.0,0.0,,,304.97042187466576,414.0362861420275,0.0,0.0,0.0,0.0,0.0,0.0,41.78274263182441,73.50125469715947,0.0,0.0,110.90055543370568,154.9761248950107,0.0,0.0,223.52020928159837,248.48846226086408,0.0,0.0,0.0,0.0,45.58273355163208,73.88809408269573,49.63165327622551,117.167639768789,0.0,0.0,0.0,0.0,0.0,0.0,0.0,0.0,0.0,0.0,,,,,,,,,0.0,0.0,,,,
2025-08-01,2025-8,0.0,0.0,,,0.0,0.0,,,0.0,0.0,,,0.0,0.0,0.0,0.0,0.0,0.0,0.0,0.0,0.0,0.0,0.0,0.0,0.0,0.0,0.0,0.0,0.0,0.0,0.0,0.0,0.0,0.0,0.0,0.0,0.0,0.0,0.0,0.0,0.0,0.0,0.0,0.0,0.0,0.0,0.0,0.0,,,,,,,,,0.0,0.0,,,,
2025-09-01,2025-9,0.0,0.0,,,0.0,0.0,,,0.0,0.0,,,404.4172985729264,228.77004940818549,0.0,0.0,0.0,0.0,0.0,0.0,166.22265003530146,121.83631892735671,0.0,0.0,0.0,0.0,0.0,0.0,296.40723404733694,137.29887860428175,124.962690156809,106.13146085123785,144.58244658263325,57.3325688865267,0.0,0.0,65.81588804021209,64.73936617659535,820.7744055873927,256.58616279935165,874.7228637107135,576.9103468800447,11269.565217391306,18782.608695652172,0.0,0.0,0.0,0.0,,,,,,,,,0.0,0.0,,,,
2025-10-01,2025-10,1401.4644351464435,1712.8611608284325,,,0.0,0.0,,,0.0,0.0,,,344.5036247102706,292.31728535490373,0.0,0.0,0.0,0.0,0.0,0.0,0.0,0.0,0.0,0.0,0.0,0.0,0.0,0.0,0.0,0.0,0.0,0.0,123.1628248666876,73.25828246611746,0.0,0.0,0.0,0.0,466.1187982348157,218.5733979401884,372.5671456545631,368.5816105066952,0.0,0.0,0.0,0.0,0.0,0.0,,,,,,,,,0.0,0.0,,,,
2025-11-01,2025-11,0.0,0.0,,,0.0,0.0,,,0.0,0.0,,,0.0,0.0,0.0,0.0,0.0,0.0,0.0,0.0,56.01642418772063,147.81021548989213,202.931932738486,362.0268908611154,0.0,0.0,0.0,0.0,0.0,0.0,63.167953266079266,193.1359331534614,0.0,0.0,61.11091750878146,148.58814524322327,66.53913955713749,235.6228360185537,0.0,0.0,0.0,0.0,0.0,0.0,0.0,0.0,0.0,0.0,,,,,,,,,0.0,0.0,,,,
2025-12-01,2025-12,0.0,0.0,,,0.0,0.0,,,0.0,0.0,,,0.0,0.0,0.0,0.0,0.0,0.0,0.0,0.0,0.0,0.0,0.0,0.0,0.0,0.0,0.0,0.0,0.0,0.0,0.0,0.0,134.35944530911374,159.83625265334717,0.0,0.0,0.0,0.0,0.0,0.0,406.4368861686143,804.178059287335,0.0,0.0,0.0,0.0,0.0,0.0,,,,,,,,,0.0,0.0,,,,
2026-01-01,2026-1,0.0,0.0,,,0.0,0.0,,,0.0,0.0,,,0.0,0.0,0.0,0.0,0.0,0.0,0.0,0.0,0.0,0.0,0.0,0.0,0.0,0.0,0.0,0.0,0.0,0.0,0.0,0.0,0.0,0.0,0.0,0.0,0.0,0.0,0.0,0.0,0.0,0.0,0.0,0.0,0.0,0.0,0.0,0.0,,,,,,,,,0.0,0.0,,,,
2026-02-01,2026-2,0.0,0.0,,,0.0,0.0,,,0.0,0.0,,,0.0,0.0,0.0,0.0,0.0,0.0,0.0,0.0,60.68445953669736,53.37591114912771,219.84292713335984,130.73193281095834,0.0,0.0,0.0,0.0,0.0,0.0,68.43194937158587,69.74353141652772,158.3522034000269,75.35137625086368,0.0,0.0,0.0,0.0,299.64779886523866,112.40917608352548,479.01490155586686,379.1125136640294,0.0,0.0,0.0,0.0,0.0,0.0,,,,,,,,,0.0,0.0,,,,
2026-03-01,2026-03-01,0.0,0.0,,,0.0,0.0,,,0.0,0.0,,,0.0,0.0,0.0,0.0,0.0,0.0,0.0,0.0,0.0,0.0,0.0,0.0,0.0,0.0,0.0,0.0,0.0,0.0,0.0,0.0,0.0,0.0,0.0,0.0,0.0,0.0,0.0,0.0,0.0,0.0,0.0,0.0,0.0,0.0,0.0,0.0,,,,,,,,,0.0,0.0,,,,
2026-03-02,2026-03-02,0.0,0.0,,,0.0,0.0,,,0.0,0.0,,,0.0,0.0,0.0,0.0,0.0,0.0,0.0,0.0,0.0,0.0,0.0,0.0,0.0,0.0,0.0,0.0,0.0,0.0,0.0,0.0,0.0,0.0,0.0,0.0,0.0,0.0,0.0,0.0,0.0,0.0,0.0,0.0,0.0,0.0,0.0,0.0,,,,,,,,,0.0,0.0,,,,
2026-03-03,2026-03-03,0.0,0.0,,,0.0,0.0,,,0.0,0.0,,,0.0,0.0,0.0,0.0,0.0,0.0,0.0,0.0,0.0,0.0,0.0,0.0,0.0,0.0,0.0,0.0,0.0,0.0,0.0,0.0,0.0,0.0,0.0,0.0,0.0,0.0,0.0,0.0,0.0,0.0,0.0,0.0,0.0,0.0,0.0,0.0,,,,,,,,,0.0,0.0,,,,
2026-03-04,2026-03-04,0.0,0.0,,,0.0,0.0,,,0.0,0.0,,,0.0,0.0,0.0,0.0,0.0,0.0,0.0,0.0,0.0,0.0,0.0,0.0,0.0,0.0,0.0,0.0,0.0,0.0,0.0,0.0,0.0,0.0,0.0,0.0,0.0,0.0,0.0,0.0,0.0,0.0,0.0,0.0,0.0,0.0,0.0,0.0,,,,,,,,,0.0,0.0,,,,
2026-03-05,2026-03-05,0.0,0.0,,,0.0,0.0,,,0.0,0.0,,,0.0,0.0,0.0,0.0,0.0,0.0,0.0,0.0,0.0,0.0,0.0,0.0,0.0,0.0,0.0,0.0,0.0,0.0,0.0,0.0,0.0,0.0,0.0,0.0,0.0,0.0,0.0,0.0,0.0,0.0,0.0,0.0,0.0,0.0,0.0,0.0,,,,,,,,,0.0,0.0,,,,
2026-03-06,2026-03-06,0.0,0.0,,,0.0,0.0,,,0.0,0.0,,,0.0,0.0,0.0,0.0,0.0,0.0,0.0,0.0,0.0,0.0,0.0,0.0,0.0,0.0,0.0,0.0,0.0,0.0,0.0,0.0,0.0,0.0,0.0,0.0,0.0,0.0,0.0,0.0,0.0,0.0,0.0,0.0,0.0,0.0,0.0,0.0,,,,,,,,,0.0,0.0,,,,
2026-03-07,2026-03-07,0.0,0.0,,,0.0,0.0,,,0.0,0.0,,,0.0,0.0,0.0,0.0,0.0,0.0,0.0,0.0,0.0,0.0,0.0,0.0,0.0,0.0,0.0,0.0,0.0,0.0,0.0,0.0,0.0,0.0,0.0,0.0,0.0,0.0,0.0,0.0,0.0,0.0,0.0,0.0,0.0,0.0,0.0,0.0,,,,,,,,,0.0,0.0,,,,
2026-03-08,2026-03-08,0.0,0.0,,,0.0,0.0,,,0.0,0.0,,,0.0,0.0,0.0,0.0,0.0,0.0,0.0,0.0,0.0,0.0,0.0,0.0,0.0,0.0,0.0,0.0,0.0,0.0,0.0,0.0,0.0,0.0,0.0,0.0,0.0,0.0,0.0,0.0,0.0,0.0,0.0,0.0,0.0,0.0,0.0,0.0,,,,,,,,,0.0,0.0,,,,
2026-03-09,2026-03-09,0.0,0.0,,,0.0,0.0,,,0.0,0.0,,,0.0,0.0,0.0,0.0,0.0,0.0,0.0,0.0,0.0,0.0,0.0,0.0,0.0,0.0,0.0,0.0,0.0,0.0,0.0,0.0,0.0,0.0,0.0,0.0,0.0,0.0,0.0,0.0,0.0,0.0,0.0,0.0,0.0,0.0,0.0,0.0,,,,,,,,,0.0,0.0,,,,
2026-03-10,2026-03-10,0.0,0.0,,,0.0,0.0,,,0.0,0.0,,,0.0,0.0,0.0,0.0,0.0,0.0,0.0,0.0,0.0,0.0,0.0,0.0,0.0,0.0,0.0,0.0,0.0,0.0,0.0,0.0,0.0,0.0,0.0,0.0,0.0,0.0,0.0,0.0,0.0,0.0,0.0,0.0,0.0,0.0,0.0,0.0,,,,,,,,,0.0,0.0,,,,
2026-03-11,2026-03-11,0.0,0.0,,,0.0,0.0,,,0.0,0.0,,,0.0,0.0,0.0,0.0,0.0,0.0,0.0,0.0,0.0,0.0,0.0,0.0,0.0,0.0,0.0,0.0,0.0,0.0,0.0,0.0,0.0,0.0,0.0,0.0,0.0,0.0,0.0,0.0,0.0,0.0,0.0,0.0,0.0,0.0,0.0,0.0,,,,,,,,,0.0,0.0,,,,
2026-03-12,2026-03-12,0.0,0.0,,,0.0,0.0,,,0.0,0.0,,,0.0,0.0,0.0,0.0,0.0,0.0,0.0,0.0,0.0,0.0,0.0,0.0,0.0,0.0,0.0,0.0,0.0,0.0,0.0,0.0,0.0,0.0,0.0,0.0,0.0,0.0,0.0,0.0,0.0,0.0,0.0,0.0,0.0,0.0,0.0,0.0,,,,,,,,,0.0,0.0,,,,
2026-03-13,2026-03-13,0.0,0.0,,,0.0,0.0,,,0.0,0.0,,,0.0,0.0,0.0,0.0,0.0,0.0,0.0,0.0,0.0,0.0,0.0,0.0,0.0,0.0,0.0,0.0,0.0,0.0,0.0,0.0,0.0,0.0,0.0,0.0,0.0,0.0,0.0,0.0,0.0,0.0,0.0,0.0,0.0,0.0,0.0,0.0,,,,,,,,,0.0,0.0,,,,
2026-03-14,2026-03-14,0.0,0.0,,,0.0,0.0,,,0.0,0.0,,,0.0,0.0,0.0,0.0,0.0,0.0,0.0,0.0,0.0,0.0,0.0,0.0,0.0,0.0,0.0,0.0,0.0,0.0,0.0,0.0,0.0,0.0,0.0,0.0,0.0,0.0,0.0,0.0,0.0,0.0,0.0,0.0,0.0,0.0,0.0,0.0,,,,,,,,,0.0,0.0,,,,
2026-03-15,2026-03-15,0.0,0.0,,,0.0,0.0,,,0.0,0.0,,,0.0,0.0,0.0,0.0,0.0,0.0,0.0,0.0,0.0,0.0,0.0,0.0,0.0,0.0,0.0,0.0,0.0,0.0,0.0,0.0,0.0,0.0,0.0,0.0,0.0,0.0,0.0,0.0,0.0,0.0,0.0,0.0,0.0,0.0,0.0,0.0,,,,,,,,,0.0,0.0,,,,
2026-03-16,2026-03-16,0.0,0.0,,,0.0,0.0,,,0.0,0.0,,,0.0,0.0,0.0,0.0,0.0,0.0,0.0,0.0,0.0,0.0,0.0,0.0,0.0,0.0,0.0,0.0,0.0,0.0,0.0,0.0,0.0,0.0,0.0,0.0,0.0,0.0,0.0,0.0,0.0,0.0,0.0,0.0,0.0,0.0,0.0,0.0,,,,,,,,,0.0,0.0,,,,
2026-03-17,2026-03-17,0.0,0.0,,,0.0,0.0,,,0.0,0.0,,,0.0,0.0,0.0,0.0,0.0,0.0,0.0,0.0,0.0,0.0,0.0,0.0,0.0,0.0,0.0,0.0,0.0,0.0,0.0,0.0,0.0,0.0,0.0,0.0,0.0,0.0,0.0,0.0,0.0,0.0,0.0,0.0,0.0,0.0,0.0,0.0,,,,,,,,,0.0,0.0,,,,
2026-03-18,2026-03-18,0.0,0.0,,,0.0,0.0,,,0.0,0.0,,,0.0,0.0,0.0,0.0,0.0,0.0,0.0,0.0,0.0,0.0,0.0,0.0,0.0,0.0,0.0,0.0,0.0,0.0,0.0,0.0,0.0,0.0,0.0,0.0,0.0,0.0,0.0,0.0,0.0,0.0,0.0,0.0,0.0,0.0,0.0,0.0,,,,,,,,,0.0,0.0,,,,
2026-03-19,2026-03-19,0.0,0.0,,,0.0,0.0,,,0.0,0.0,,,0.0,0.0,0.0,0.0,0.0,0.0,0.0,0.0,0.0,0.0,0.0,0.0,0.0,0.0,0.0,0.0,0.0,0.0,0.0,0.0,0.0,0.0,0.0,0.0,0.0,0.0,0.0,0.0,0.0,0.0,0.0,0.0,0.0,0.0,0.0,0.0,,,,,,,,,0.0,0.0,,,,
2026-03-20,2026-03-20,0.0,0.0,,,0.0,0.0,,,0.0,0.0,,,0.0,0.0,0.0,0.0,0.0,0.0,0.0,0.0,0.0,0.0,0.0,0.0,0.0,0.0,0.0,0.0,0.0,0.0,0.0,0.0,0.0,0.0,0.0,0.0,0.0,0.0,0.0,0.0,0.0,0.0,0.0,0.0,0.0,0.0,0.0,0.0,,,,,,,,,0.0,0.0,,,,
2026-03-21,2026-03-21,0.0,0.0,,,0.0,0.0,,,0.0,0.0,,,0.0,0.0,0.0,0.0,0.0,0.0,0.0,0.0,0.0,0.0,0.0,0.0,0.0,0.0,0.0,0.0,0.0,0.0,0.0,0.0,0.0,0.0,0.0,0.0,0.0,0.0,0.0,0.0,0.0,0.0,0.0,0.0,0.0,0.0,0.0,0.0,,,,,,,,,0.0,0.0,,,,
2026-03-22,2026-03-22,0.0,0.0,,,0.0,0.0,,,0.0,0.0,,,0.0,0.0,0.0,0.0,0.0,0.0,0.0,0.0,0.0,0.0,0.0,0.0,0.0,0.0,0.0,0.0,0.0,0.0,0.0,0.0,0.0,0.0,0.0,0.0,0.0,0.0,0.0,0.0,0.0,0.0,0.0,0.0,0.0,0.0,0.0,0.0,,,,,,,,,0.0,0.0,,,,
2026-03-23,2026-03-23,0.0,0.0,,,0.0,0.0,,,0.0,0.0,,,0.0,0.0,0.0,0.0,0.0,0.0,0.0,0.0,0.0,0.0,0.0,0.0,0.0,0.0,0.0,0.0,0.0,0.0,0.0,0.0,0.0,0.0,0.0,0.0,0.0,0.0,0.0,0.0,0.0,0.0,0.0,0.0,0.0,0.0,0.0,0.0,,,,,,,,,0.0,0.0,,,,
2026-03-24,2026-03-24,0.0,0.0,,,0.0,0.0,,,0.0,0.0,,,0.0,0.0,0.0,0.0,0.0,0.0,0.0,0.0,0.0,0.0,0.0,0.0,0.0,0.0,0.0,0.0,0.0,0.0,0.0,0.0,0.0,0.0,0.0,0.0,0.0,0.0,0.0,0.0,0.0,0.0,0.0,0.0,0.0,0.0,0.0,0.0,,,,,,,,,0.0,0.0,,,,
2026-03-25,2026-03-25,0.0,0.0,,,0.0,0.0,,,0.0,0.0,,,0.0,0.0,0.0,0.0,0.0,0.0,0.0,0.0,0.0,0.0,0.0,0.0,0.0,0.0,0.0,0.0,0.0,0.0,0.0,0.0,0.0,0.0,0.0,0.0,0.0,0.0,0.0,0.0,0.0,0.0,0.0,0.0,0.0,0.0,0.0,0.0,,,,,,,,,0.0,0.0,,,,
2026-03-26,2026-03-26,0.0,0.0,,,0.0,0.0,,,0.0,0.0,,,0.0,0.0,0.0,0.0,0.0,0.0,0.0,0.0,0.0,0.0,0.0,0.0,0.0,0.0,0.0,0.0,0.0,0.0,0.0,0.0,0.0,0.0,0.0,0.0,0.0,0.0,0.0,0.0,0.0,0.0,0.0,0.0,0.0,0.0,0.0,0.0,,,,,,,,,0.0,0.0,,,,
