date,ym,indonesia_detik_body_count,indonesia_detik_epu_count,indonesia_detik_ratio,indonesia_antara_body_count,indonesia_antara_epu_count,indonesia_antara_ratio,indonesia_abc_au_solomon_islands_body_count,indonesia_abc_au_solomon_islands_epu_count,indonesia_abc_au_solomon_islands_ratio,indonesia_tempo_body_count,indonesia_tempo_epu_count,indonesia_tempo_ratio,indonesia_jakarta_post_body_count,indonesia_jakarta_post_epu_count,indonesia_jakarta_post_ratio,indonesia_rnz_body_count,indonesia_rnz_epu_count,indonesia_rnz_ratio,news_total,indonesia_detik_weights,indonesia_antara_weights,indonesia_abc_au_solomon_islands_weights,indonesia_tempo_weights,indonesia_jakarta_post_weights,indonesia_rnz_weights,indonesia_detik_z_score,indonesia_antara_z_score,indonesia_abc_au_solomon_islands_z_score,indonesia_tempo_z_score,indonesia_jakarta_post_z_score,indonesia_rnz_z_score,z_score_unweighted,z_score_weighted,epu_weighted,epu_unweighted,epu_inflation
2015-01-01,2015-1,0.0,0.0,0.0,0.0,0.0,0.0,64,0.0,0.0,331.0,1.0,0.0030211480362537764,0.0,0.0,0.0,6.0,0.0,0.0,401.0,0.0,0.0,0.1596009975062344,0.8254364089775561,0.0,0.014962593516209476,,,0.0,0.19268152164187252,,0.0,0.06422717388062417,0.15904634330039852,18.750604372514392,12.72901881100539,18.750604372514392
2015-02-01,2015-2,0.0,0.0,0.0,0.0,0.0,0.0,59,1.0,0.01694915254237288,311.0,2.0,0.006430868167202572,0.0,0.0,0.0,11.0,0.0,0.0,381.0,0.0,0.0,0.15485564304461943,0.8162729658792651,0.0,0.028871391076115485,,,0.26245388207310616,0.41014523256244245,,0.0,0.22419970487851618,0.3754329301029734,44.261277528894084,44.433564306048766,44.261277528894084
2015-03-01,2015-3,0.0,0.0,0.0,0.0,0.0,0.0,68,1.0,0.014705882352941176,460.0,3.0,0.006521739130434782,0.0,0.0,0.0,14.0,0.0,0.0,542.0,0.0,0.0,0.12546125461254612,0.8487084870848709,0.0,0.025830258302583026,,,0.22771733885754797,0.4159407630225639,,0.0,0.21455270062670395,0.38158215873190526,44.98623448687623,42.52164928360977,44.98623448687623
2015-04-01,2015-4,0.0,0.0,0.0,0.0,0.0,0.0,56,0.0,0.0,406.0,3.0,0.007389162561576354,0.0,0.0,0.0,17.0,0.0,0.0,479.0,0.0,0.0,0.11691022964509394,0.8475991649269311,0.0,0.03549060542797495,,,0.0,0.47126293347384085,,0.0,0.1570876444912803,0.3994420688734434,47.09181014641923,31.132797239725008,47.09181014641923
2015-05-01,2015-5,0.0,0.0,0.0,0.0,0.0,0.0,57,1.0,0.017543859649122806,407.0,3.0,0.007371007371007371,0.0,0.0,0.0,20.0,0.0,0.0,484.0,0.0,0.0,0.11776859504132231,0.8409090909090909,0.0,0.04132231404958678,,,0.27166279021602213,0.4701050392884015,,0.0,0.24725594316814123,0.4273089463485386,50.37714688406388,49.00302101988679,50.37714688406388
2015-06-01,2015-6,0.0,0.0,0.0,0.0,0.0,0.0,40,0.0,0.0,428.0,3.0,0.007009345794392523,0.0,0.0,0.0,20.0,0.0,0.0,488.0,0.0,0.0,0.08196721311475409,0.8770491803278688,0.0,0.040983606557377046,,,0.0,0.44703913782798926,,0.0,0.1490130459426631,0.39207530940651514,46.223313647817236,29.53251326945877,46.223313647817236
2015-07-01,2015-7,0.0,0.0,0.0,0.0,0.0,0.0,34,1.0,0.029411764705882353,470.0,7.0,0.014893617021276596,0.0,0.0,0.0,13.0,0.0,0.0,517.0,0.0,0.0,0.06576402321083172,0.9090909090909091,0.0,0.025145067698259187,,,0.45543467771509594,0.9498789056259971,,0.0,0.4684378611136977,0.8934774945580887,105.33560639342359,92.83849787608686,105.33560639342359
2015-08-01,2015-8,0.0,0.0,0.0,0.0,0.0,0.0,28,1.0,0.03571428571428571,489.0,23.0,0.04703476482617587,0.0,0.0,0.0,17.0,0.0,0.0,534.0,0.0,0.0,0.052434456928838954,0.9157303370786517,0.0,0.031835205992509365,,,0.5530278229397593,2.999763648792588,,0.0,1.1842638239107823,2.775972290827507,327.27038606639013,234.7062089291329,327.27038606639013
2015-09-01,2015-9,0.0,0.0,0.0,0.0,0.0,0.0,33,0.0,0.0,437.0,14.0,0.032036613272311214,0.0,0.0,0.0,12.0,0.0,0.0,482.0,0.0,0.0,0.06846473029045644,0.9066390041493776,0.0,0.024896265560165973,,,0.0,2.043217783268735,,0.0,0.6810725944229117,1.8524609362830649,218.39396877032323,134.9800301377551,218.39396877032323
2015-10-01,2015-10,0.0,0.0,0.0,0.0,0.0,0.0,36,1.0,0.027777777777777776,254.0,7.0,0.027559055118110236,0.0,0.0,0.0,10.0,0.0,0.0,300.0,0.0,0.0,0.12,0.8466666666666667,0.0,0.03333333333333333,,,0.43013275117536837,1.7576499434811756,,0.0,0.7292608982188481,1.5397595489551061,181.52836168466666,144.5303464357911,181.52836168466666
2015-11-01,2015-11,0.0,0.0,0.0,0.0,0.0,0.0,33,0.0,0.0,0.0,0.0,0.0,0.0,0.0,0.0,12.0,0.0,0.0,45.0,0.0,0.0,0.7333333333333333,0.0,0.0,0.26666666666666666,,,0.0,0.0,,0.0,0.0,0.0,0.0,0.0,0.0
2015-12-01,2015-12,0.0,0.0,0.0,0.0,0.0,0.0,26,0.0,0.0,0.0,0.0,0.0,0.0,0.0,0.0,17.0,0.0,0.0,43.0,0.0,0.0,0.6046511627906976,0.0,0.0,0.3953488372093023,,,0.0,0.0,,0.0,0.0,0.0,0.0,0.0,0.0
2016-01-01,2016-1,0.0,0.0,0.0,0.0,0.0,0.0,40,0.0,0.0,0.0,0.0,0.0,0.0,0.0,0.0,5.0,0.0,0.0,45.0,0.0,0.0,0.8888888888888888,0.0,0.0,0.1111111111111111,,,0.0,0.0,,0.0,0.0,0.0,0.0,0.0,0.0
2016-02-01,2016-2,0.0,0.0,0.0,0.0,0.0,0.0,18,0.0,0.0,0.0,0.0,0.0,0.0,0.0,0.0,4.0,0.0,0.0,22.0,0.0,0.0,0.8181818181818182,0.0,0.0,0.18181818181818182,,,0.0,0.0,,0.0,0.0,0.0,0.0,0.0,0.0
2016-03-01,2016-3,0.0,0.0,0.0,0.0,0.0,0.0,22,0.0,0.0,0.0,0.0,0.0,0.0,0.0,0.0,10.0,0.0,0.0,32.0,0.0,0.0,0.6875,0.0,0.0,0.3125,,,0.0,0.0,,0.0,0.0,0.0,0.0,0.0,0.0
2016-04-01,2016-4,0.0,0.0,0.0,0.0,0.0,0.0,28,0.0,0.0,0.0,0.0,0.0,0.0,0.0,0.0,10.0,0.0,0.0,38.0,0.0,0.0,0.7368421052631579,0.0,0.0,0.2631578947368421,,,0.0,0.0,,0.0,0.0,0.0,0.0,0.0,0.0
2016-05-01,2016-5,0.0,0.0,0.0,0.0,0.0,0.0,32,3.0,0.09375,0.0,0.0,0.0,0.0,0.0,0.0,14.0,0.0,0.0,46.0,0.0,0.0,0.6956521739130435,0.0,0.0,0.30434782608695654,,,1.4516980352168682,0.0,,0.0,0.48389934507228943,1.0098768940639082,119.05839337513724,95.90276971405957,119.05839337513724
2016-06-01,2016-6,0.0,0.0,0.0,0.0,0.0,0.0,24,0.0,0.0,0.0,0.0,0.0,0.0,0.0,0.0,10.0,0.0,0.0,34.0,0.0,0.0,0.7058823529411765,0.0,0.0,0.29411764705882354,,,0.0,0.0,,0.0,0.0,0.0,0.0,0.0,0.0
2016-07-01,2016-7,0.0,0.0,0.0,0.0,0.0,0.0,28,0.0,0.0,0.0,0.0,0.0,0.0,0.0,0.0,19.0,0.0,0.0,47.0,0.0,0.0,0.5957446808510638,0.0,0.0,0.40425531914893614,,,0.0,0.0,,0.0,0.0,0.0,0.0,0.0,0.0
2016-08-01,2016-8,0.0,0.0,0.0,0.0,0.0,0.0,33,0.0,0.0,0.0,0.0,0.0,0.0,0.0,0.0,9.0,0.0,0.0,42.0,0.0,0.0,0.7857142857142857,0.0,0.0,0.21428571428571427,,,0.0,0.0,,0.0,0.0,0.0,0.0,0.0,0.0
2016-09-01,2016-9,0.0,0.0,0.0,0.0,0.0,0.0,38,0.0,0.0,0.0,0.0,0.0,0.0,0.0,0.0,7.0,0.0,0.0,45.0,0.0,0.0,0.8444444444444444,0.0,0.0,0.15555555555555556,,,0.0,0.0,,0.0,0.0,0.0,0.0,0.0,0.0
2016-10-01,2016-10,0.0,0.0,0.0,0.0,0.0,0.0,26,0.0,0.0,0.0,0.0,0.0,0.0,0.0,0.0,5.0,0.0,0.0,31.0,0.0,0.0,0.8387096774193549,0.0,0.0,0.16129032258064516,,,0.0,0.0,,0.0,0.0,0.0,0.0,0.0,0.0
2016-11-01,2016-11,0.0,0.0,0.0,0.0,0.0,0.0,31,0.0,0.0,0.0,0.0,0.0,0.0,0.0,0.0,14.0,0.0,0.0,45.0,0.0,0.0,0.6888888888888889,0.0,0.0,0.3111111111111111,,,0.0,0.0,,0.0,0.0,0.0,0.0,0.0,0.0
2016-12-01,2016-12,0.0,0.0,0.0,0.0,0.0,0.0,28,1.0,0.03571428571428571,0.0,0.0,0.0,0.0,0.0,0.0,18.0,0.0,0.0,46.0,0.0,0.0,0.6086956521739131,0.0,0.0,0.391304347826087,,,0.5530278229397593,0.0,,0.0,0.18434260764658641,0.3366256313546361,39.68613112504575,36.534388462498875,39.68613112504575
2017-01-01,2017-1,0.0,0.0,0.0,0.0,0.0,0.0,34,0.0,0.0,0.0,0.0,0.0,0.0,0.0,0.0,13.0,0.0,0.0,47.0,0.0,0.0,0.723404255319149,0.0,0.0,0.2765957446808511,,,0.0,0.0,,0.0,0.0,0.0,0.0,0.0,0.0
2017-02-01,2017-2,0.0,0.0,0.0,0.0,0.0,0.0,31,1.0,0.03225806451612903,0.0,0.0,0.0,0.0,0.0,0.0,4.0,0.0,0.0,35.0,0.0,0.0,0.8857142857142857,0.0,0.0,0.11428571428571428,,,0.4995090013649439,0.0,,0.0,0.16650300045498131,0.44242225835180743,52.15891519291727,32.998802482257055,52.15891519291727
2017-03-01,2017-3,0.0,0.0,0.0,0.0,0.0,0.0,27,0.0,0.0,0.0,0.0,0.0,0.0,0.0,0.0,14.0,0.0,0.0,41.0,0.0,0.0,0.6585365853658537,0.0,0.0,0.34146341463414637,,,0.0,0.0,,0.0,0.0,0.0,0.0,0.0,0.0
2017-04-01,2017-4,0.0,0.0,0.0,0.0,0.0,0.0,26,0.0,0.0,0.0,0.0,0.0,0.0,0.0,0.0,5.0,0.0,0.0,31.0,0.0,0.0,0.8387096774193549,0.0,0.0,0.16129032258064516,,,0.0,0.0,,0.0,0.0,0.0,0.0,0.0,0.0
2017-05-01,2017-5,0.0,0.0,0.0,0.0,0.0,0.0,33,1.0,0.030303030303030304,0.0,0.0,0.0,0.0,0.0,0.0,12.0,0.0,0.0,45.0,0.0,0.0,0.7333333333333333,0.0,0.0,0.26666666666666666,,,0.46923572855494733,0.0,,0.0,0.15641190951831577,0.3441062009402947,40.56804515004677,30.998875059089958,40.56804515004677
2017-06-01,2017-6,0.0,0.0,0.0,0.0,0.0,0.0,17,0.0,0.0,0.0,0.0,0.0,0.0,0.0,0.0,7.0,0.0,0.0,24.0,0.0,0.0,0.7083333333333334,0.0,0.0,0.2916666666666667,,,0.0,0.0,,0.0,0.0,0.0,0.0,0.0,0.0
2017-07-01,2017-7,0.0,0.0,0.0,0.0,0.0,0.0,34,0.0,0.0,0.0,0.0,0.0,0.0,0.0,0.0,3.0,0.0,0.0,37.0,0.0,0.0,0.918918918918919,0.0,0.0,0.08108108108108109,,,0.0,0.0,,0.0,0.0,0.0,0.0,0.0,0.0
2017-08-01,2017-8,0.0,0.0,0.0,0.0,0.0,0.0,22,0.0,0.0,0.0,0.0,0.0,0.0,0.0,0.0,6.0,0.0,0.0,28.0,0.0,0.0,0.7857142857142857,0.0,0.0,0.21428571428571427,,,0.0,0.0,,0.0,0.0,0.0,0.0,0.0,0.0
2017-09-01,2017-9,0.0,0.0,0.0,0.0,0.0,0.0,27,0.0,0.0,0.0,0.0,0.0,0.0,0.0,0.0,15.0,0.0,0.0,42.0,0.0,0.0,0.6428571428571429,0.0,0.0,0.35714285714285715,,,0.0,0.0,,0.0,0.0,0.0,0.0,0.0,0.0
2017-10-01,2017-10,0.0,0.0,0.0,0.0,0.0,0.0,32,0.0,0.0,0.0,0.0,0.0,0.0,0.0,0.0,3.0,0.0,0.0,35.0,0.0,0.0,0.9142857142857143,0.0,0.0,0.08571428571428572,,,0.0,0.0,,0.0,0.0,0.0,0.0,0.0,0.0
2017-11-01,2017-11,0.0,0.0,0.0,0.0,0.0,0.0,29,0.0,0.0,0.0,0.0,0.0,0.0,0.0,0.0,3.0,1.0,0.3333333333333333,32.0,0.0,0.0,0.90625,0.0,0.0,0.09375,,,0.0,0.0,,8.48528137423857,2.82842712474619,0.795495128834866,93.78407658749086,560.558715277887,93.78407658749086
2017-12-01,2017-12,0.0,0.0,0.0,0.0,0.0,0.0,10,0.0,0.0,0.0,0.0,0.0,0.0,0.0,0.0,2.0,0.0,0.0,12.0,0.0,0.0,0.8333333333333334,0.0,0.0,0.16666666666666666,,,0.0,0.0,,0.0,0.0,0.0,0.0,0.0,0.0
2018-01-01,2018-1,0.0,0.0,0.0,0.0,0.0,0.0,16,0.0,0.0,0.0,0.0,0.0,0.0,0.0,0.0,4.0,0.0,0.0,20.0,0.0,0.0,0.8,0.0,0.0,0.2,,,0.0,0.0,,0.0,0.0,0.0,0.0,0.0,0.0
2018-02-01,2018-2,0.0,0.0,0.0,0.0,0.0,0.0,23,0.0,0.0,0.0,0.0,0.0,0.0,0.0,0.0,3.0,0.0,0.0,26.0,0.0,0.0,0.8846153846153846,0.0,0.0,0.11538461538461539,,,0.0,0.0,,0.0,0.0,0.0,0.0,0.0,0.0
2018-03-01,2018-3,0.0,0.0,0.0,0.0,0.0,0.0,17,1.0,0.058823529411764705,0.0,0.0,0.0,0.0,0.0,0.0,14.0,0.0,0.0,31.0,0.0,0.0,0.5483870967741935,0.0,0.0,0.45161290322580644,,,0.9108693554301919,0.0,,0.0,0.3036231184767306,0.4995090013649439,58.88909779845499,60.17428687940993,58.88909779845499
2018-04-01,2018-4,0.0,0.0,0.0,0.0,0.0,0.0,22,0.0,0.0,0.0,0.0,0.0,0.0,0.0,0.0,8.0,0.0,0.0,30.0,0.0,0.0,0.7333333333333333,0.0,0.0,0.26666666666666666,,,0.0,0.0,,0.0,0.0,0.0,0.0,0.0,0.0
2018-05-01,2018-5,0.0,0.0,0.0,0.0,0.0,0.0,30,0.0,0.0,0.0,0.0,0.0,0.0,0.0,0.0,7.0,0.0,0.0,37.0,0.0,0.0,0.8108108108108109,0.0,0.0,0.1891891891891892,,,0.0,0.0,,0.0,0.0,0.0,0.0,0.0,0.0
2018-06-01,2018-6,0.0,0.0,0.0,0.0,0.0,0.0,24,0.0,0.0,0.0,0.0,0.0,0.0,0.0,0.0,4.0,0.0,0.0,28.0,0.0,0.0,0.8571428571428571,0.0,0.0,0.14285714285714285,,,0.0,0.0,,0.0,0.0,0.0,0.0,0.0,0.0
2018-07-01,2018-7,0.0,0.0,0.0,0.0,0.0,0.0,16,0.0,0.0,0.0,0.0,0.0,0.0,0.0,0.0,14.0,0.0,0.0,30.0,0.0,0.0,0.5333333333333333,0.0,0.0,0.4666666666666667,,,0.0,0.0,,0.0,0.0,0.0,0.0,0.0,0.0
2018-08-01,2018-8,0.0,0.0,0.0,0.0,0.0,0.0,30,0.0,0.0,0.0,0.0,0.0,0.0,0.0,0.0,15.0,0.0,0.0,45.0,0.0,0.0,0.6666666666666666,0.0,0.0,0.3333333333333333,,,0.0,0.0,,0.0,0.0,0.0,0.0,0.0,0.0
2018-09-01,2018-9,0.0,0.0,0.0,0.0,0.0,0.0,19,2.0,0.10526315789473684,0.0,0.0,0.0,0.0,0.0,0.0,3.0,0.0,0.0,22.0,0.0,0.0,0.8636363636363636,0.0,0.0,0.13636363636363635,,,1.6299767412961328,0.0,,0.0,0.5433255804320443,1.407707185664842,165.9601847047368,107.6803028368388,165.9601847047368
2018-10-01,2018-10,0.0,0.0,0.0,0.0,0.0,0.0,42,3.0,0.07142857142857142,483.0,4.0,0.008281573498964804,0.0,0.0,0.0,17.0,0.0,0.0,542.0,0.0,0.0,0.07749077490774908,0.8911439114391144,0.0,0.03136531365313653,,,1.1060556458795185,0.5281787466953193,,0.0,0.5447447975249459,0.5563923833593709,65.59530536673321,107.9615738313562,65.59530536673321
2018-11-01,2018-11,0.0,0.0,0.0,0.0,0.0,0.0,33,2.0,0.06060606060606061,0.0,0.0,0.0,0.0,0.0,0.0,6.0,0.0,0.0,39.0,0.0,0.0,0.8461538461538461,0.0,0.0,0.15384615384615385,,,0.9384714571098947,0.0,,0.0,0.31282381903663153,0.7940912329391416,93.61856573087717,61.997750118179916,93.61856573087717
2018-12-01,2018-12,0.0,0.0,0.0,0.0,0.0,0.0,25,0.0,0.0,433.0,16.0,0.03695150115473441,0.0,0.0,0.0,9.0,0.0,0.0,467.0,0.0,0.0,0.05353319057815846,0.9271948608137045,0.0,0.019271948608137045,,,0.0,2.3566774563865054,,0.0,0.7855591521288351,2.185099226157081,257.61001638983373,155.68795294014907,257.61001638983373
2019-01-01,2019-1,0.0,0.0,0.0,0.0,0.0,0.0,14,0.0,0.0,564.0,26.0,0.04609929078014184,0.0,0.0,0.0,7.0,0.0,0.0,585.0,0.0,0.0,0.023931623931623933,0.9641025641025641,0.0,0.011965811965811967,,,0.0,2.9401013745566575,,0.0,0.9800337915188858,2.834559273931547,334.17743792792317,194.2303827792773,334.17743792792317
2019-02-01,2019-2,0.0,0.0,0.0,0.0,0.0,0.0,17,0.0,0.0,471.0,3.0,0.006369426751592357,0.0,0.0,0.0,5.0,0.0,0.0,493.0,0.0,0.0,0.034482758620689655,0.9553752535496958,0.0,0.010141987829614604,,,0.0,0.40622664753796056,,0.0,0.1354088825126535,0.38809888639022194,45.75451736335662,26.836339021928566,45.75451736335662
2019-03-01,2019-3,0.0,0.0,0.0,0.0,0.0,0.0,24,1.0,0.041666666666666664,505.0,14.0,0.027722772277227723,0.0,0.0,0.0,8.0,0.0,0.0,537.0,0.0,0.0,0.0446927374301676,0.9404096834264432,0.0,0.0148975791433892,,,0.6451991267630526,1.768091428293935,,0.0,0.804430185018996,1.6915660155135017,199.4254282663834,159.4279545333754,199.4254282663834
2019-04-01,2019-4,0.0,0.0,0.0,0.0,0.0,0.0,19,0.0,0.0,521.0,11.0,0.02111324376199616,0.0,0.0,0.0,7.0,0.0,0.0,547.0,0.0,0.0,0.03473491773308958,0.9524680073126143,0.0,0.012797074954296161,,,0.0,1.346551670437731,,0.0,0.44885055681257696,1.2825473862852976,151.20459942808222,88.95654028957894,151.20459942808222
2019-05-01,2019-5,0.0,0.0,0.0,0.0,0.0,0.0,22,1.0,0.045454545454545456,542.0,9.0,0.016605166051660517,0.0,0.0,0.0,11.0,0.0,0.0,575.0,0.0,0.0,0.03826086956521739,0.9426086956521739,0.0,0.019130434782608695,,,0.703853592832421,1.0590373671054212,,0.0,0.5876303199792807,1.0251878817625244,120.86346645592444,116.4609455000465,120.86346645592444
2019-06-01,2019-6,0.0,0.0,0.0,0.0,0.0,0.0,13,1.0,0.07692307692307693,420.0,14.0,0.03333333333333333,0.0,0.0,0.0,1.0,0.0,0.0,434.0,0.0,0.0,0.029953917050691243,0.967741935483871,0.0,0.002304147465437788,,,1.1911368494087125,2.1259194554486602,,0.0,1.1056854349524576,2.0930206228819137,246.7545045600182,219.13295962116737,246.7545045600182
2019-07-01,2019-7,0.0,0.0,0.0,0.0,0.0,0.0,14,0.0,0.0,577.0,18.0,0.03119584055459272,0.0,0.0,0.0,3.0,0.0,0.0,594.0,0.0,0.0,0.02356902356902357,0.9713804713804713,0.0,0.005050505050505051,,,0.0,1.9895953309224894,,0.0,0.6631984436408298,1.9326540504078726,227.84825313267487,131.43759805194128,227.84825313267487
2019-08-01,2019-8,0.0,0.0,0.0,0.0,0.0,0.0,21,3.0,0.14285714285714285,555.0,17.0,0.03063063063063063,0.0,0.0,0.0,16.0,0.0,0.0,592.0,0.0,0.0,0.03547297297297297,0.9375,0.0,0.02702702702702703,,,2.212111291759037,1.9535476077095795,,0.0,1.3885529664895389,1.9099210462935072,225.16816909237653,275.19374997527,225.16816909237653
2019-09-01,2019-9,0.0,0.0,0.0,0.0,0.0,0.0,22,1.0,0.045454545454545456,571.0,10.0,0.017513134851138354,0.0,0.0,0.0,7.0,0.0,0.0,600.0,0.0,0.0,0.03666666666666667,0.9516666666666667,0.0,0.011666666666666667,,,0.703853592832421,1.1169454231779299,,0.0,0.6069330053367836,1.088767692794852,128.35914260922468,120.28649518833345,128.35914260922468
2019-10-01,2019-10,0.0,0.0,0.0,0.0,0.0,0.0,17,1.0,0.058823529411764705,611.0,17.0,0.027823240589198037,0.0,0.0,0.0,16.0,0.0,0.0,644.0,0.0,0.0,0.026397515527950312,0.9487577639751553,0.0,0.024844720496894408,,,0.9108693554301919,1.7744990544661483,,0.0,0.8951228032987801,1.707614443045233,201.31744105463156,177.40209187045303,201.31744105463156
2019-11-01,2019-11,0.0,0.0,0.0,0.0,0.0,0.0,17,0.0,0.0,543.0,14.0,0.02578268876611418,0.0,0.0,0.0,0.0,0.0,0.0,560.0,0.0,0.0,0.030357142857142857,0.9696428571428571,0.0,0.0,,,0.0,1.6443575898497924,,0.0,0.5481191966165975,1.594439591586495,187.97480883445678,108.63033733001656,187.97480883445678
2019-12-01,2019-12,0.0,0.0,0.0,0.0,0.0,0.0,17,1.0,0.058823529411764705,514.0,18.0,0.03501945525291829,0.0,0.0,0.0,4.0,0.0,0.0,535.0,0.0,0.0,0.03177570093457944,0.9607476635514018,0.0,0.007476635514018692,,,0.9108693554301919,2.233456237241783,,0.0,1.0481085308906584,2.1747313738029717,256.3877091449738,207.7219407237098,256.3877091449738
2020-01-01,2020-1,0.0,0.0,0.0,0.0,0.0,0.0,16,0.0,0.0,651.0,15.0,0.02304147465437788,0.0,0.0,0.0,1.0,0.0,0.0,668.0,0.0,0.0,0.023952095808383235,0.9745508982035929,0.0,0.0014970059880239522,,,0.0,1.4695295774990738,,0.0,0.48984319249969127,1.4321313696884688,168.8396486537037,97.08076558623928,168.8396486537037
2020-02-01,2020-2,0.0,0.0,0.0,0.0,0.0,0.0,21,2.0,0.09523809523809523,607.0,19.0,0.03130148270181219,0.0,0.0,0.0,7.0,0.0,0.0,635.0,0.0,0.0,0.03307086614173228,0.9559055118110236,0.0,0.011023622047244094,,,1.4747408611726915,1.9963329318051668,,0.0,1.1570245976592861,1.9570766105360042,230.7275256341596,229.30773656295074,230.7275256341596
2020-03-01,2020-3,0.0,0.0,0.0,0.0,0.0,0.0,20,4.0,0.2,599.0,17.0,0.028380634390651086,0.0,0.0,0.0,3.0,0.0,0.0,622.0,0.0,0.0,0.03215434083601286,0.9630225080385852,0.0,0.00482315112540193,,,3.0969558084626527,1.8100482842718142,,0.0,1.635668030911489,1.8426978110097585,217.24295520006277,324.16885059788586,217.24295520006277
2020-04-01,2020-4,0.0,0.0,0.0,0.0,0.0,0.0,18,6.0,0.3333333333333333,580.0,9.0,0.015517241379310345,0.0,0.0,0.0,6.0,0.0,0.0,604.0,0.0,0.0,0.029801324503311258,0.9602649006622517,0.0,0.009933774834437087,,,5.161593014104421,0.9896521602950659,,0.0,2.050415058133162,1.1041505417632744,130.17268770019382,406.36649985341205,130.17268770019382
2020-05-01,2020-5,0.0,0.0,0.0,0.0,0.0,0.0,17,3.0,0.17647058823529413,454.0,16.0,0.03524229074889868,0.0,0.0,0.0,7.0,0.0,0.0,478.0,0.0,0.0,0.03556485355648536,0.9497907949790795,0.0,0.014644351464435146,,,2.7326080662905756,2.247668146729861,,0.0,1.6600920710068123,2.2319993216366036,263.1392547056666,329.0093884423808,263.1392547056666
2020-06-01,2020-6,0.0,0.0,0.0,0.0,0.0,0.0,16,4.0,0.25,475.0,15.0,0.031578947368421054,0.0,0.0,0.0,1.0,0.0,0.0,492.0,0.0,0.0,0.032520325203252036,0.9654471544715447,0.0,0.0020325203252032522,,,3.8711947605783155,2.0140289577934674,,0.0,1.961741239457261,2.070331038864126,244.0795394871595,388.79246323042224,244.0795394871595
2020-07-01,2020-7,0.0,0.0,0.0,0.0,0.0,0.0,25,4.0,0.16,481.0,13.0,0.02702702702702703,0.0,0.0,0.0,2.0,0.0,0.0,508.0,0.0,0.0,0.04921259842519685,0.9468503937007874,0.0,0.003937007874015748,,,2.477564646770122,1.7237184773908056,,0.0,1.4004277080536427,1.7540309129807687,206.7896628364684,277.5471745401784,206.7896628364684
2020-08-01,2020-8,0.0,0.0,0.0,0.0,0.0,0.0,17,2.0,0.11764705882352941,441.0,7.0,0.015873015873015872,0.0,0.0,0.0,3.0,0.0,0.0,461.0,0.0,0.0,0.0368763557483731,0.9566160520607375,0.0,0.006507592190889371,,,1.8217387108603837,1.0123425978326952,,0.0,0.9446937695643597,1.035602264053894,122.09125929967918,187.2264344960069,122.09125929967918
2020-09-01,2020-9,0.0,0.0,0.0,0.0,0.0,0.0,19,2.0,0.10526315789473684,512.0,29.0,0.056640625,0.0,0.0,0.0,4.0,0.0,0.0,535.0,0.0,0.0,0.03551401869158879,0.9570093457943926,0.0,0.007476635514018692,,,1.6299767412961328,3.612402199688153,,0.0,1.7474596469947619,3.51498969032703,414.3960790868675,346.32454417832463,414.3960790868675
2020-10-01,2020-10,0.0,0.0,0.0,0.0,0.0,0.0,11,1.0,0.09090909090909091,511.0,21.0,0.0410958904109589,0.0,0.0,0.0,3.0,0.0,0.0,525.0,0.0,0.0,0.02095238095238095,0.9733333333333334,0.0,0.005714285714285714,,,1.407707185664842,2.620996588909307,,0.0,1.342901258191383,2.580598163761846,304.236955147992,266.14615503108297,304.236955147992
2020-11-01,2020-11,0.0,0.0,0.0,0.0,0.0,0.0,11,1.0,0.09090909090909091,464.0,19.0,0.040948275862068964,0.0,0.0,0.0,3.0,0.0,0.0,478.0,0.0,0.0,0.02301255230125523,0.9707112970711297,0.0,0.006276150627615063,,,1.407707185664842,2.611582089667535,,0.0,1.339763091777459,2.5674871729038693,302.6912484224671,265.52420988074596,302.6912484224671
2020-12-01,2020-12,0.0,0.0,0.0,0.0,0.0,0.0,27,2.0,0.07407407407407407,480.0,13.0,0.027083333333333334,0.0,0.0,0.0,2.0,0.0,0.0,509.0,0.0,0.0,0.05304518664047151,0.9430255402750491,0.0,0.003929273084479371,,,1.1470206698009824,1.7273095575520363,,0.0,0.9581100757843396,1.6897409542428368,199.2102645528914,189.88537780504532,199.2102645528914
2021-01-01,2021-1,0.0,0.0,0.0,0.0,0.0,0.0,36,3.0,0.08333333333333333,459.0,11.0,0.023965141612200435,0.0,0.0,0.0,2.0,0.0,0.0,497.0,0.0,0.0,0.07243460764587525,0.9235412474849095,0.0,0.004024144869215292,,,1.2903982535261052,1.5284388241787752,,0.0,0.93961235923496,1.5050457895875204,177.43581887810322,186.21936281962292,177.43581887810322
2021-02-01,2021-2,0.0,0.0,0.0,0.0,0.0,0.0,15,1.0,0.06666666666666667,416.0,10.0,0.02403846153846154,0.0,0.0,0.0,2.0,0.0,0.0,433.0,0.0,0.0,0.03464203233256351,0.9607390300230947,0.0,0.004618937644341801,,,1.0323186028208842,1.5331149919100915,,0.0,0.8551445315769919,1.508685024657994,177.86486273795572,169.47890076564178,177.86486273795572
2021-03-01,2021-3,0.0,0.0,0.0,0.0,0.0,0.0,14,2.0,0.14285714285714285,463.0,12.0,0.02591792656587473,0.0,0.0,0.0,1.0,0.0,0.0,478.0,0.0,0.0,0.029288702928870293,0.9686192468619247,0.0,0.0020920502092050207,,,2.212111291759037,1.652982729938483,,0.0,1.2883646738991734,1.6659007574187115,196.39964917163903,255.3376893085558,196.39964917163903
2021-04-01,2021-4,0.0,0.0,0.0,0.0,0.0,0.0,20,2.0,0.1,436.0,10.0,0.022935779816513763,0.0,0.0,0.0,5.0,0.0,0.0,461.0,0.0,0.0,0.04338394793926247,0.9457700650759219,0.0,0.010845986984815618,,,1.5484779042313264,1.4627886161343993,,0.0,1.0037555067885753,1.4506407694560186,171.02179522188052,198.93172866845526,171.02179522188052
2021-05-01,2021-5,0.0,0.0,0.0,0.0,0.0,0.0,12,1.0,0.08333333333333333,379.0,15.0,0.0395778364116095,0.0,0.0,0.0,4.0,0.0,0.0,395.0,0.0,0.0,0.030379746835443037,0.959493670886076,0.0,0.010126582278481013,,,1.2903982535261052,2.5241787729601506,,0.0,1.2715256754954185,2.4611355290992667,290.15303122133207,252.00041141682922,290.15303122133207
2021-06-01,2021-6,0.0,0.0,0.0,0.0,0.0,0.0,26,3.0,0.11538461538461539,465.0,11.0,0.023655913978494623,0.0,0.0,0.0,2.0,0.0,0.0,493.0,0.0,0.0,0.05273833671399594,0.9432048681541582,0.0,0.004056795131845842,,,1.7867052741130687,1.508717032899049,,0.0,1.0984741023373725,1.5172571144523277,178.87546041058275,217.70376411148408,178.87546041058275
2021-07-01,2021-7,0.0,0.0,0.0,0.0,0.0,0.0,33,3.0,0.09090909090909091,488.0,10.0,0.020491803278688523,0.0,0.0,0.0,1.0,0.0,0.0,522.0,0.0,0.0,0.06321839080459771,0.9348659003831418,0.0,0.0019157088122605363,,,1.407707185664842,1.3069176980217172,,0.0,0.904874961228853,1.310785773489536,154.5337349215307,179.33484703060563,154.5337349215307
2021-08-01,2021-8,0.0,0.0,0.0,0.0,0.0,0.0,21,1.0,0.047619047619047616,464.0,14.0,0.03017241379310345,0.0,0.0,0.0,1.0,0.0,0.0,486.0,0.0,0.0,0.043209876543209874,0.9547325102880658,0.0,0.00205761316872428,,,0.7373704305863458,1.9243236450181838,,0.0,0.8872313585348431,1.869076029487141,220.35278802273228,175.83810667887562,220.35278802273228
2021-09-01,2021-9,0.0,0.0,0.0,0.0,0.0,0.0,20,5.0,0.25,474.0,19.0,0.04008438818565401,0.0,0.0,0.0,0.0,0.0,0.0,494.0,0.0,0.0,0.04048582995951417,0.9595141700404858,0.0,0.0,,,3.8711947605783155,2.5564854211091483,,0.0,2.142560060562488,2.609712519873082,307.6693620909872,424.6284814788696,307.6693620909872
2021-10-01,2021-10,0.0,0.0,0.0,0.0,0.0,0.0,19,0.0,0.0,410.0,11.0,0.026829268292682926,0.0,0.0,0.0,0.0,0.0,0.0,429.0,0.0,0.0,0.04428904428904429,0.9557109557109557,0.0,0.0,,,0.0,1.7111059031659945,,0.0,0.5703686343886648,1.6353226580374305,192.79467572764793,113.03989631919664,192.79467572764793
2021-11-01,2021-11,0.0,0.0,0.0,0.0,0.0,0.0,12,5.0,0.4166666666666667,455.0,25.0,0.054945054945054944,0.0,0.0,0.0,0.0,0.0,0.0,467.0,0.0,0.0,0.02569593147751606,0.974304068522484,0.0,0.0,,,6.451991267630526,3.5042628386516372,,0.0,3.318751368760721,3.5800074663770047,422.0612826407222,657.7348192296729,422.0612826407222
2021-12-01,2021-12,0.0,0.0,0.0,0.0,0.0,0.0,20,1.0,0.05,500.0,9.0,0.018,0.0,0.0,0.0,3.0,0.0,0.0,523.0,0.0,0.0,0.03824091778202677,0.9560229445506692,0.0,0.0057361376673040155,,,0.7742389521156632,1.1479965059422763,,0.0,0.6407451526859799,1.1271186080563123,132.88048415326296,126.98763792346857,132.88048415326296
2022-01-01,2022-1,0.0,0.0,0.0,0.0,0.0,0.0,9,1.0,0.1111111111111111,489.0,18.0,0.03680981595092025,0.0,0.0,0.0,0.0,0.0,0.0,498.0,0.0,0.0,0.018072289156626505,0.9819277108433735,0.0,0.0,,,1.7205310047014735,2.3476411164463733,,0.0,1.356057373715949,2.336307801173875,275.4365951657851,268.75353181373913,275.4365951657851
2022-02-01,2022-2,0.0,0.0,0.0,0.0,0.0,0.0,11,1.0,0.09090909090909091,407.0,10.0,0.02457002457002457,0.0,0.0,0.0,1.0,0.0,0.0,419.0,0.0,0.0,0.026252983293556086,0.9713603818615751,0.0,0.002386634844868735,,,1.407707185664842,1.567016797628005,,0.0,0.9915746610976157,1.5590945481549197,183.8078414451905,196.51763811198205,183.8078414451905
2022-03-01,2022-3,0.0,0.0,0.0,0.0,0.0,0.0,9,0.0,0.0,452.0,16.0,0.035398230088495575,0.0,0.0,0.0,3.0,0.0,0.0,464.0,0.0,0.0,0.01939655172413793,0.9741379310344828,0.0,0.00646551724137931,,,0.0,2.2576135810074267,,0.0,0.7525378603358089,2.1992270228779245,259.2755983923542,149.14354783868265,259.2755983923542
2022-04-01,2022-4,0.0,0.0,0.0,0.0,0.0,0.0,17,1.0,0.058823529411764705,376.0,11.0,0.02925531914893617,0.0,0.0,0.0,0.0,0.0,0.0,393.0,0.0,0.0,0.043256997455470736,0.9567430025445293,0.0,0.0,,,0.9108693554301919,1.8658335646224942,,0.0,0.925567640017562,1.8245246802553972,215.10045271988062,183.43587595087436,215.10045271988062
2022-05-01,2022-5,0.0,0.0,0.0,0.0,0.0,0.0,17,1.0,0.058823529411764705,378.0,13.0,0.03439153439153439,0.0,0.0,0.0,1.0,0.0,0.0,396.0,0.0,0.0,0.04292929292929293,0.9545454545454546,0.0,0.0025252525252525255,,,0.9108693554301919,2.1934089619708397,,0.0,1.0347594391336772,2.1328115319881076,251.44561269108488,205.07631847664854,251.44561269108488
2022-06-01,2022-6,0.0,0.0,0.0,0.0,0.0,0.0,10,1.0,0.1,417.0,19.0,0.045563549160671464,0.0,0.0,0.0,2.0,0.0,0.0,429.0,0.0,0.0,0.023310023310023312,0.972027972027972,0.0,0.004662004662004662,,,1.5484779042313264,2.905933068598888,,0.0,1.4848036576100714,2.860743283561887,337.26437469915913,294.2694275089367,337.26437469915913
2022-07-01,2022-7,0.0,0.0,0.0,0.0,0.0,0.0,23,7.0,0.30434782608695654,406.0,16.0,0.03940886699507389,0.0,0.0,0.0,1.0,0.0,0.0,430.0,0.0,0.0,0.053488372093023255,0.9441860465116279,0.0,0.002325581395348837,,,4.712758838964906,2.5134023118604847,,0.0,2.4087203836084634,2.625197190491976,309.49491134027227,477.37811304591514,309.49491134027227
2022-08-01,2022-8,0.0,0.0,0.0,0.0,0.0,0.0,15,2.0,0.13333333333333333,418.0,21.0,0.050239234449760764,0.0,0.0,0.0,2.0,0.0,0.0,435.0,0.0,0.0,0.034482758620689655,0.960919540229885,0.0,0.004597701149425287,,,2.0646372056417683,3.204136978307789,,0.0,1.756258061316519,3.150112218430534,371.37922640102965,348.06827933965724,371.37922640102965
2022-09-01,2022-9,0.0,0.0,0.0,0.0,0.0,0.0,11,2.0,0.18181818181818182,440.0,16.0,0.03636363636363636,0.0,0.0,0.0,1.0,0.0,0.0,452.0,0.0,0.0,0.024336283185840708,0.9734513274336283,0.0,0.0022123893805309734,,,2.815414371329684,2.319184860489447,,0.0,1.7115330772730435,2.326130302433591,274.23672946362063,339.2043494979137,274.23672946362063
2022-10-01,2022-10,0.0,0.0,0.0,0.0,0.0,0.0,22,1.0,0.045454545454545456,424.0,14.0,0.0330188679245283,0.0,0.0,0.0,3.0,0.0,0.0,449.0,0.0,0.0,0.04899777282850779,0.9443207126948775,0.0,0.0066815144766146995,,,0.703853592832421,2.105863611529333,,0.0,0.9365724014539181,2.023097884923721,238.51103558808,185.61688138627406,238.51103558808
2022-11-01,2022-11,0.0,0.0,0.0,0.0,0.0,0.0,30,6.0,0.2,481.0,15.0,0.031185031185031187,0.0,0.0,0.0,0.0,0.0,0.0,511.0,0.0,0.0,0.05870841487279843,0.9412915851272016,0.0,0.0,,,3.0969558084626527,1.9889059354509295,,0.0,1.6952872479711942,2.0539577870954533,242.14923188099158,335.98463026866693,242.14923188099158
2022-12-01,2022-12,0.0,0.0,0.0,0.0,0.0,0.0,19,0.0,0.0,495.0,13.0,0.026262626262626262,0.0,0.0,0.0,3.0,0.0,0.0,517.0,0.0,0.0,0.0367504835589942,0.9574468085106383,0.0,0.005802707930367505,,,0.0,1.674966843686823,,0.0,0.558322281228941,1.603691658849086,189.0655717483898,110.65246049243676,189.0655717483898
2023-01-01,2023-1,0.0,0.0,0.0,0.0,0.0,0.0,15,0.0,0.0,497.0,18.0,0.03621730382293763,0.0,0.0,0.0,2.0,0.0,0.0,514.0,0.0,0.0,0.029182879377431907,0.9669260700389105,0.0,0.0038910505836575876,,,0.0,2.309852124632347,,0.0,0.7699507082107823,2.233456237241783,263.31101626616515,152.59455548484934,263.31101626616515
2023-02-01,2023-2,0.0,0.0,0.0,0.0,0.0,0.0,11,0.0,0.0,371.0,16.0,0.0431266846361186,0.0,0.0,0.0,2.0,0.0,0.0,384.0,0.0,0.0,0.028645833333333332,0.9661458333333334,0.0,0.005208333333333333,,,0.0,2.7505157375077003,,0.0,0.9168385791692334,2.657399319310825,313.29134805742797,181.7058857765082,313.29134805742797
2023-03-01,2023-3,0.0,0.0,0.0,0.0,0.0,0.0,16,1.0,0.0625,379.0,15.0,0.0395778364116095,0.0,0.0,0.0,1.0,0.0,0.0,396.0,0.0,0.0,0.04040404040404041,0.9570707070707071,0.0,0.0025252525252525255,,,0.9677986901445789,2.5241787729601506,,0.0,1.1639924877015766,2.45492054038942,289.4203215465307,230.68868481370492,289.4203215465307
2023-04-01,2023-4,0.0,0.0,0.0,0.0,0.0,0.0,17,2.0,0.11764705882352941,357.0,12.0,0.03361344537815126,0.0,0.0,0.0,1.0,0.0,0.0,375.0,0.0,0.0,0.04533333333333334,0.952,0.0,0.0026666666666666666,,,1.8217387108603837,2.143784324822178,,0.0,1.3218410118941872,2.1234681654563845,250.34408614411592,261.9722788493336,250.34408614411592
2023-05-01,2023-5,0.0,0.0,0.0,0.0,0.0,0.0,15,0.0,0.0,362.0,17.0,0.04696132596685083,0.0,0.0,0.0,1.0,0.0,0.0,378.0,0.0,0.0,0.03968253968253968,0.9576719576719577,0.0,0.0026455026455026454,,,0.0,2.995079895797836,,0.0,0.9983599652659453,2.8683040271926368,338.15574076039843,197.86240013681584,338.15574076039843
2023-06-01,2023-6,0.0,0.0,0.0,0.0,0.0,0.0,16,0.0,0.0,329.0,15.0,0.04559270516717325,0.0,0.0,0.0,0.0,0.0,0.0,345.0,0.0,0.0,0.0463768115942029,0.9536231884057971,0.0,0.0,,,0.0,2.907792568242848,,0.0,0.9692641894142827,2.772938420150426,326.9127110164465,192.095982968516,326.9127110164465
2023-07-01,2023-7,0.0,0.0,0.0,0.0,0.0,0.0,16,2.0,0.125,389.0,24.0,0.061696658097686374,0.0,0.0,0.0,0.0,0.0,0.0,405.0,0.0,0.0,0.03950617283950617,0.9604938271604938,0.0,0.0,,,1.9355973802891577,3.934863773581067,,0.0,1.9568203846234082,3.855880409895461,454.5850383816857,387.81721163578163,454.5850383816857
2023-08-01,2023-8,0.0,0.0,0.0,0.0,0.0,0.0,14,0.0,0.0,436.0,8.0,0.01834862385321101,0.0,0.0,0.0,0.0,0.0,0.0,450.0,0.0,0.0,0.03111111111111111,0.9688888888888889,0.0,0.0,,,0.0,1.1702308929075194,,0.0,0.39007696430250643,1.1338237095726187,133.67097517116926,77.30835277876669,133.67097517116926
2023-09-01,2023-9,0.0,0.0,0.0,0.0,0.0,0.0,7,0.0,0.0,395.0,4.0,0.010126582278481013,0.0,0.0,0.0,0.0,0.0,0.0,402.0,0.0,0.0,0.017412935323383085,0.9825870646766169,0.0,0.0,,,0.0,0.6458489484907322,,0.0,0.21528298283024405,0.6346028225219881,74.8158443122216,42.66638203992693,74.8158443122216
2023-10-01,2023-10,0.0,0.0,0.0,0.0,0.0,0.0,12,1.0,0.08333333333333333,415.0,10.0,0.024096385542168676,0.0,0.0,0.0,0.0,0.0,0.0,427.0,0.0,0.0,0.02810304449648712,0.9718969555035128,0.0,0.0,,,1.2903982535261052,1.5368092449026458,,0.0,0.9424024994762504,1.5298843458475675,180.36413481389886,186.77233355569703,180.36413481389886
2023-11-01,2023-11,0.0,0.0,0.0,0.0,0.0,0.0,3,1.0,0.3333333333333333,482.0,14.0,0.029045643153526972,0.0,0.0,0.0,0.0,0.0,0.0,485.0,0.0,0.0,0.006185567010309278,0.9938144329896907,0.0,0.0,,,5.161593014104421,1.8524609362830649,,0.0,2.3380179834624952,1.872929794496393,220.80712366814,463.3657857541369,220.80712366814
2023-12-01,2023-12,0.0,0.0,0.0,0.0,0.0,0.0,13,0.0,0.0,493.0,20.0,0.04056795131845842,0.0,0.0,0.0,3.0,0.0,0.0,509.0,0.0,0.0,0.025540275049115914,0.9685658153241651,0.0,0.005893909626719057,,,0.0,2.587325909268146,,0.0,0.8624419697560487,2.5059954288196384,295.44174276535443,170.92516131613732,295.44174276535443
2024-01-01,2024-1,0.0,0.0,0.0,0.0,0.0,0.0,7,0.0,0.0,486.0,17.0,0.03497942386831276,0.0,0.0,0.0,0.0,0.0,0.0,493.0,0.0,0.0,0.014198782961460446,0.9858012170385395,0.0,0.0,,,0.0,2.2309031322609396,,0.0,0.7436343774203132,2.199227022877924,259.27559839235414,147.37898940231963,259.27559839235414
2024-02-01,2024-2,0.0,0.0,0.0,0.0,0.0,0.0,20,1.0,0.05,469.0,18.0,0.03837953091684435,0.0,0.0,0.0,0.0,0.0,0.0,489.0,0.0,0.0,0.0408997955010225,0.9591002044989775,0.0,0.0,,,0.7742389521156632,2.4477537440133825,,0.0,1.0739975653763485,2.3793073312568294,280.5059803528854,212.85282204786117,280.5059803528854
2024-03-01,2024-3,0.0,0.0,0.0,0.0,0.0,0.0,21,2.0,0.09523809523809523,492.0,11.0,0.022357723577235773,0.0,0.0,0.0,1.0,0.0,0.0,514.0,0.0,0.0,0.04085603112840467,0.9571984435797666,0.0,0.0019455252918287938,,,1.4747408611726915,1.4259215859716623,,0.0,0.9668874823814514,1.4251419812892694,168.01564192736421,191.62494949932758,168.01564192736421
2024-04-01,2024-4,0.0,0.0,0.0,0.0,0.0,0.0,21,1.0,0.047619047619047616,409.0,24.0,0.05867970660146699,0.0,0.0,0.0,0.0,0.0,0.0,430.0,0.0,0.0,0.04883720930232558,0.9511627906976744,0.0,0.0,,,0.7373704305863458,3.7424498971223357,,0.0,1.4932734425695606,3.5956902022449966,423.91018258797817,295.9480324600886,423.91018258797817
2024-05-01,2024-5,0.0,0.0,0.0,0.0,0.0,0.0,17,0.0,0.0,404.0,17.0,0.04207920792079208,0.0,0.0,0.0,2.0,0.0,0.0,423.0,0.0,0.0,0.04018912529550828,0.9550827423167849,0.0,0.004728132387706856,,,0.0,2.6837102036604374,,0.0,0.8945700678868125,2.5631653008955477,302.181725785888,177.2925466572459,302.181725785888
2024-06-01,2024-6,0.0,0.0,0.0,0.0,0.0,0.0,9,3.0,0.3333333333333333,387.0,21.0,0.05426356589147287,0.0,0.0,0.0,0.0,0.0,0.0,396.0,0.0,0.0,0.022727272727272728,0.9772727272727273,0.0,0.0,,,5.161593014104421,3.4607991135210745,,0.0,2.8741307092084987,3.4994535203525143,412.56445837424246,569.6165914259547,412.56445837424246
2024-07-01,2024-7,1717.0,0.0,0.0,0.0,0.0,0.0,14,1.0,0.07142857142857142,420.0,26.0,0.06190476190476191,0.0,0.0,0.0,1.0,0.0,0.0,2152.0,0.7978624535315985,0.0,0.006505576208178439,0.19516728624535315,0.0,0.00046468401486988845,,,1.1060556458795185,3.948136131547512,,0.0,1.6847305924756768,0.7777425438161097,91.69115391244756,333.8924338000273,91.69115391244756
2024-08-01,2024-8,4618.0,0.0,0.0,0.0,0.0,0.0,25,5.0,0.2,412.0,24.0,0.05825242718446602,0.0,0.0,0.0,5.0,0.0,0.0,5060.0,0.9126482213438735,0.0,0.004940711462450593,0.08142292490118577,0.0,0.0009881422924901185,,,3.0969558084626527,3.7151990483568818,,0.0,2.2707182856065113,0.3178035381688936,37.46711988929626,450.0278312992822,37.46711988929626
2024-09-01,2024-9,4154.0,0.0,0.0,0.0,0.0,0.0,16,1.0,0.0625,417.0,18.0,0.04316546762589928,0.0,0.0,0.0,2.0,0.0,0.0,4589.0,0.9052081063412508,0.0,0.003486598387448246,0.0908694704728699,0.0,0.00043582479843103073,,,0.9677986901445789,2.752989222883157,,0.0,1.240262637675912,0.2535369982533427,29.890482543595766,245.80447015942133,29.890482543595766
2024-10-01,2024-10,4952.0,8.0,0.0016155088852988692,0.0,0.0,0.0,15,0.0,0.0,514.0,26.0,0.05058365758754864,0.0,0.0,0.0,1.0,0.0,0.0,5482.0,0.9033199562203575,0.0,0.0027362276541408243,0.09376140094855892,0.0,0.00018241517694272163,,,0.0,3.2261034537936863,,0.0,1.0753678179312287,0.30248397943268057,35.66103633488417,213.12438888621088,35.66103633488417
2024-11-01,2024-11,4347.0,0.0,0.0,0.0,0.0,0.0,16,1.0,0.0625,540.0,22.0,0.040740740740740744,0.0,0.0,0.0,0.0,0.0,0.0,4903.0,0.8866000407913522,0.0,0.0032633081786661226,0.11013665102998164,0.0,0.0,,,0.9677986901445789,2.598346001103918,,0.0,1.1887148970828323,0.28933135215958167,34.11042092720254,235.5883557014865,34.11042092720254
2024-12-01,2024-12,4504.0,2.0,0.0004440497335701599,0.0,0.0,0.0,20,1.0,0.05,509.0,25.0,0.04911591355599214,0.0,0.0,0.0,0.0,0.0,0.0,5033.0,0.8948937015696403,0.0,0.00397377309755613,0.1011325253328035,0.0,0.0,,,0.7742389521156632,3.132494286024548,,0.0,1.3022444127134036,0.31987370765523704,37.711180382715845,258.0884791344721,37.711180382715845
2025-01-01,2025-1,4446.0,1.0,0.0002249212775528565,0.0,0.0,0.0,9,2.0,0.2222222222222222,557.0,20.0,0.03590664272890485,0.0,0.0,0.0,0.0,0.0,0.0,5012.0,0.8870710295291301,0.0,0.0017956903431763766,0.11113328012769354,0.0,0.0,,,3.441062009402947,2.2900389107166896,,0.0,1.9103669733732123,0.26067861758855204,30.73243637890456,378.61072924036836,30.73243637890456
2025-02-01,2025-2,4592.0,0.0,0.0,0.0,0.0,0.0,12,2.0,0.16666666666666666,693.0,61.0,0.08802308802308802,35.0,0.0,0.0,1.0,0.0,0.0,5333.0,0.8610538158634915,0.0,0.002250140633789612,0.1299456216013501,0.006562910181886368,0.00018751171948246765,,,2.5807965070522103,5.613899860708583,,0.0,2.7315654559202645,0.73530886209557,86.68847883359813,541.3619496403048,86.68847883359813
2025-03-01,2025-3,5354.0,1.0,0.00018677624206200972,0.0,0.0,0.0,8,0.0,0.0,680.0,44.0,0.06470588235294118,196.0,2.0,0.01020408163265306,2.0,0.0,0.0,6240.0,0.8580128205128205,0.0,0.001282051282051282,0.10897435897435898,0.03141025641025641,0.0003205128205128205,,,0.0,4.1267848252826935,,0.0,1.375594941760898,0.44971373096029355,53.0185358251032,272.62563229923904,53.0185358251032
2025-04-01,2025-4,4317.0,0.0,0.0,0.0,0.0,0.0,11,1.0,0.09090909090909091,584.0,65.0,0.1113013698630137,145.0,0.0,0.0,1.0,0.0,0.0,5058.0,0.8534994068801898,0.0,0.0021747726374060894,0.11546065638592329,0.028667457493080268,0.00019770660340055358,,,1.407707185664842,7.098532428296039,,0.0,2.835413204653627,0.8226626566166865,96.98696421536965,561.9432685313469,96.98696421536965
2025-05-01,2025-5,4772.0,1.0,0.00020955574182732607,0.0,0.0,0.0,12,1.0,0.08333333333333333,623.0,27.0,0.04333868378812199,196.0,1.0,0.00510204081632653,0.0,0.0,0.0,5603.0,0.8516865964661788,0.0,0.0021417097983223274,0.11119043369623416,0.03498126003926468,0.0,,,1.2903982535261052,2.764036531161179,,0.0,1.3514782615624281,0.31009807923536103,36.55869276690441,267.8460093241429,36.55869276690441
2025-06-01,2025-6,4248.0,0.0,0.0,0.0,0.0,0.0,11,0.0,0.0,540.0,71.0,0.13148148148148148,171.0,1.0,0.005847953216374269,1.0,0.0,0.0,4971.0,0.8545564272782137,0.0,0.002212834439750553,0.10863005431502716,0.0343995171997586,0.0002011667672500503,,,0.0,8.385571185380826,,0.0,2.795190395126942,0.9109250533304458,107.39256831419378,553.9716131063661,107.39256831419378
2025-07-01,2025-7,4800.0,1.0,0.00020833333333333335,0.0,0.0,0.0,12,3.0,0.25,653.0,75.0,0.11485451761102604,195.0,0.0,0.0,0.0,0.0,0.0,5660.0,0.8480565371024735,0.0,0.0021201413427561835,0.11537102473498233,0.03445229681978799,0.0,,,3.8711947605783155,7.325143606063531,,0.0,3.7321127888806154,0.8533168042202164,100.60090328597643,739.657858568593,100.60090328597643
2025-08-01,2025-8,5755.0,2.0,0.0003475238922675934,0.0,0.0,0.0,16,0.0,0.0,695.0,75.0,0.1079136690647482,199.0,2.0,0.010050251256281407,0.0,0.0,0.0,6665.0,0.8634658664666166,0.0,0.0024006001500375095,0.10427606901725431,0.029857464366091522,0.0,,,0.0,6.882473057207892,,0.0,2.294157685735964,0.7176772355228034,84.60981642961293,454.6732258751206,84.60981642961293
2025-09-01,2025-9,4843.0,2.0,0.00041296716911005574,421.0,5.0,0.011876484560570071,15,3.0,0.2,717.0,94.0,0.13110181311018132,215.0,1.0,0.004651162790697674,1.0,0.0,0.0,6212.0,0.7796200901481004,0.06777205408886026,0.0024146812620734065,0.11542176432710882,0.03461043142305216,0.00016097875080489375,,,3.0969558084626527,8.36135685406586,,0.0,3.819437554176171,0.9725607214250099,114.65904174385284,756.9645297632459,114.65904174385284
2025-10-01,2025-10,4622.0,1.0,0.00021635655560363478,1520.0,47.0,0.030921052631578946,16,2.0,0.125,797.0,105.0,0.13174404015056462,188.0,0.0,0.0,1.0,0.0,0.0,7144.0,0.646976483762598,0.2127659574468085,0.0022396416573348264,0.11156215005599104,0.02631578947368421,0.00013997760358342665,,,1.9355973802891577,8.402316542864842,,0.0,3.445971307718,0.9417155434977472,111.02258135053509,682.9482125378081,111.02258135053509
2025-11-01,2025-11,4988.0,1.0,0.00020048115477145148,2576.0,22.0,0.008540372670807454,26,1.0,0.038461538461538464,339.0,35.0,0.10324483775811209,189.0,1.0,0.005291005291005291,1.0,0.0,0.0,8119.0,0.6143613745535165,0.31728045325779036,0.003202364823254095,0.04175391058012071,0.023278728907500924,0.0001231678778174652,,,0.5955684247043562,6.584706277938327,,0.0,2.3934249008808943,0.27684446449851047,32.6382922034723,474.34674056602825,32.6382922034723
2025-12-01,2025-12,4855.0,2.0,0.00041194644696189496,5435.0,130.0,0.02391904323827047,15,1.0,0.06666666666666667,0.0,0.0,0.0,186.0,4.0,0.021505376344086023,0.0,0.0,0.0,10491.0,0.4627776189114479,0.5180631017062244,0.0014297969688304261,0.0,0.017729482413497283,0.0,,,1.0323186028208842,0.0,,0.0,0.3441062009402947,0.0014760060091805608,0.17401220396073824,68.19752512999791,0.17401220396073824
